rep,retrieval_num,agent_type,length,reward
0,1,FeatureAgent,12,12
0,2,FeatureAgent,5,5
0,3,FeatureAgent,8,8
0,4,FeatureAgent,7,-44
0,5,FeatureAgent,3,3
0,6,FeatureAgent,4,4
0,7,FeatureAgent,2,2
0,8,FeatureAgent,1,1
0,9,FeatureAgent,3,3
0,10,FeatureAgent,1,1
0,11,FeatureAgent,1,1
0,12,FeatureAgent,1,1
0,13,FeatureAgent,1,1
0,14,FeatureAgent,2,2
0,15,FeatureAgent,2,2
0,16,FeatureAgent,1,1
0,17,FeatureAgent,1,1
0,18,FeatureAgent,10,10
0,19,FeatureAgent,3,3
0,20,FeatureAgent,5,5
0,21,FeatureAgent,3,3
0,22,FeatureAgent,1,1
0,23,FeatureAgent,6,6
0,24,FeatureAgent,1,1
0,25,FeatureAgent,1,1
0,26,FeatureAgent,1,1
0,27,FeatureAgent,2,2
0,28,FeatureAgent,2,2
0,29,FeatureAgent,3,3
0,30,FeatureAgent,5,5
0,31,FeatureAgent,10,10
0,32,FeatureAgent,20,20
0,33,FeatureAgent,34,34
0,34,FeatureAgent,37,-14
0,35,FeatureAgent,3,3
0,36,FeatureAgent,1,1
0,37,FeatureAgent,1,1
0,38,FeatureAgent,1,1
0,39,FeatureAgent,1,1
0,40,FeatureAgent,1,1
0,41,FeatureAgent,1,1
0,42,FeatureAgent,4,4
0,43,FeatureAgent,1,1
0,44,FeatureAgent,6,6
0,45,FeatureAgent,4,4
0,46,FeatureAgent,1,1
0,47,FeatureAgent,1,1
0,48,FeatureAgent,1,1
0,49,FeatureAgent,2,2
0,50,FeatureAgent,1,1
0,51,FeatureAgent,1,1
0,52,FeatureAgent,2,2
0,53,FeatureAgent,1,1
0,54,FeatureAgent,1,1
0,55,FeatureAgent,1,1
0,56,FeatureAgent,1,1
0,57,FeatureAgent,8,8
0,58,FeatureAgent,2,2
0,59,FeatureAgent,5,5
0,60,FeatureAgent,8,8
0,61,FeatureAgent,3,3
0,62,FeatureAgent,8,8
0,63,FeatureAgent,3,3
0,64,FeatureAgent,32,-19
0,65,FeatureAgent,50,50
0,66,FeatureAgent,50,50
0,67,FeatureAgent,50,50
0,68,FeatureAgent,50,50
0,69,FeatureAgent,50,50
0,70,FeatureAgent,50,50
0,71,FeatureAgent,33,-18
0,72,FeatureAgent,6,6
0,73,FeatureAgent,5,5
0,74,FeatureAgent,1,1
0,75,FeatureAgent,1,1
0,76,FeatureAgent,2,2
0,77,FeatureAgent,2,2
0,78,FeatureAgent,2,2
0,79,FeatureAgent,1,1
0,80,FeatureAgent,1,1
0,81,FeatureAgent,1,1
0,82,FeatureAgent,6,6
0,83,FeatureAgent,4,4
0,84,FeatureAgent,1,1
0,85,FeatureAgent,1,1
0,86,FeatureAgent,5,5
0,87,FeatureAgent,50,50
0,88,FeatureAgent,50,50
0,89,FeatureAgent,50,50
0,90,FeatureAgent,49,-2
0,91,FeatureAgent,1,1
0,92,FeatureAgent,1,1
0,93,FeatureAgent,2,2
0,94,FeatureAgent,2,2
0,95,FeatureAgent,1,1
0,96,FeatureAgent,5,5
0,97,FeatureAgent,1,1
0,98,FeatureAgent,3,3
0,99,FeatureAgent,1,1
0,100,FeatureAgent,1,1
0,101,FeatureAgent,2,2
0,102,FeatureAgent,1,1
0,103,FeatureAgent,4,4
0,104,FeatureAgent,1,1
0,105,FeatureAgent,1,1
0,106,FeatureAgent,2,2
0,107,FeatureAgent,12,12
0,108,FeatureAgent,50,50
0,109,FeatureAgent,13,13
0,110,FeatureAgent,50,50
0,111,FeatureAgent,50,50
0,112,FeatureAgent,50,50
0,113,FeatureAgent,50,50
0,114,FeatureAgent,50,50
0,115,FeatureAgent,50,50
0,116,FeatureAgent,50,50
0,117,FeatureAgent,50,50
0,118,FeatureAgent,50,50
0,119,FeatureAgent,50,50
0,120,FeatureAgent,50,50
0,121,FeatureAgent,50,50
0,122,FeatureAgent,50,50
0,123,FeatureAgent,50,50
0,124,FeatureAgent,50,50
0,125,FeatureAgent,50,50
0,126,FeatureAgent,50,50
0,127,FeatureAgent,50,50
0,128,FeatureAgent,50,50
0,129,FeatureAgent,23,-28
0,130,FeatureAgent,3,3
0,131,FeatureAgent,1,1
0,132,FeatureAgent,3,3
0,133,FeatureAgent,1,-50
0,134,FeatureAgent,4,4
0,135,FeatureAgent,5,5
0,136,FeatureAgent,1,1
0,137,FeatureAgent,1,1
0,138,FeatureAgent,2,2
0,139,FeatureAgent,1,1
0,140,FeatureAgent,1,1
0,141,FeatureAgent,1,1
0,142,FeatureAgent,1,1
0,143,FeatureAgent,3,3
0,144,FeatureAgent,50,50
0,145,FeatureAgent,50,50
0,146,FeatureAgent,50,50
0,147,FeatureAgent,50,50
0,148,FeatureAgent,50,50
0,149,FeatureAgent,50,50
0,150,FeatureAgent,50,50
0,151,FeatureAgent,50,50
0,152,FeatureAgent,50,50
0,153,FeatureAgent,50,50
0,154,FeatureAgent,50,50
0,155,FeatureAgent,50,50
0,156,FeatureAgent,8,-43
0,157,FeatureAgent,1,1
0,158,FeatureAgent,2,2
0,159,FeatureAgent,4,4
0,160,FeatureAgent,1,1
0,161,FeatureAgent,18,18
0,162,FeatureAgent,6,6
0,163,FeatureAgent,1,1
0,164,FeatureAgent,9,9
0,165,FeatureAgent,3,3
0,166,FeatureAgent,17,17
0,167,FeatureAgent,50,50
0,168,FeatureAgent,50,50
0,169,FeatureAgent,50,50
0,170,FeatureAgent,50,50
0,171,FeatureAgent,50,50
0,172,FeatureAgent,50,50
0,173,FeatureAgent,50,50
0,174,FeatureAgent,50,50
0,175,FeatureAgent,50,50
0,176,FeatureAgent,50,50
0,177,FeatureAgent,50,50
0,178,FeatureAgent,50,50
0,179,FeatureAgent,50,50
0,180,FeatureAgent,50,50
0,181,FeatureAgent,50,50
0,182,FeatureAgent,50,50
0,183,FeatureAgent,50,50
0,184,FeatureAgent,50,50
0,185,FeatureAgent,50,50
0,186,FeatureAgent,50,50
0,187,FeatureAgent,50,50
0,188,FeatureAgent,50,50
0,189,FeatureAgent,50,50
0,190,FeatureAgent,50,50
0,191,FeatureAgent,50,50
0,192,FeatureAgent,50,50
0,193,FeatureAgent,50,50
0,194,FeatureAgent,50,50
0,195,FeatureAgent,50,50
0,196,FeatureAgent,16,-35
0,197,FeatureAgent,2,2
0,198,FeatureAgent,25,25
0,199,FeatureAgent,10,10
0,200,FeatureAgent,24,24
0,201,FeatureAgent,3,3
0,202,FeatureAgent,50,50
0,203,FeatureAgent,37,-14
0,204,FeatureAgent,1,1
0,205,FeatureAgent,1,1
0,206,FeatureAgent,1,1
0,207,FeatureAgent,1,1
0,208,FeatureAgent,1,1
0,209,FeatureAgent,1,1
0,210,FeatureAgent,1,1
0,211,FeatureAgent,1,1
0,212,FeatureAgent,1,1
0,213,FeatureAgent,1,1
0,214,FeatureAgent,1,1
0,215,FeatureAgent,1,1
0,216,FeatureAgent,3,3
0,217,FeatureAgent,7,7
0,218,FeatureAgent,8,8
0,219,FeatureAgent,1,1
0,220,FeatureAgent,5,5
0,221,FeatureAgent,7,-44
0,222,FeatureAgent,28,-23
0,223,FeatureAgent,1,1
0,224,FeatureAgent,1,1
0,225,FeatureAgent,1,1
0,226,FeatureAgent,1,1
0,227,FeatureAgent,1,1
0,228,FeatureAgent,1,1
0,229,FeatureAgent,1,1
0,230,FeatureAgent,1,1
0,231,FeatureAgent,1,1
0,232,FeatureAgent,1,1
0,233,FeatureAgent,1,1
0,234,FeatureAgent,1,1
0,235,FeatureAgent,1,1
0,236,FeatureAgent,1,1
0,237,FeatureAgent,1,1
0,238,FeatureAgent,1,1
0,239,FeatureAgent,1,1
0,240,FeatureAgent,1,1
0,241,FeatureAgent,1,1
0,242,FeatureAgent,1,1
0,243,FeatureAgent,1,1
0,244,FeatureAgent,1,1
0,245,FeatureAgent,1,1
0,246,FeatureAgent,1,1
0,247,FeatureAgent,1,1
0,248,FeatureAgent,1,1
0,249,FeatureAgent,1,1
0,250,FeatureAgent,1,1
0,251,FeatureAgent,1,1
0,252,FeatureAgent,1,1
0,253,FeatureAgent,1,1
0,254,FeatureAgent,1,1
0,255,FeatureAgent,1,1
0,256,FeatureAgent,50,50
0,257,FeatureAgent,50,50
0,258,FeatureAgent,50,50
0,259,FeatureAgent,50,50
0,260,FeatureAgent,50,50
0,261,FeatureAgent,50,50
0,262,FeatureAgent,50,50
0,263,FeatureAgent,50,50
0,264,FeatureAgent,50,50
0,265,FeatureAgent,50,50
0,266,FeatureAgent,50,50
0,267,FeatureAgent,50,50
0,268,FeatureAgent,50,50
0,269,FeatureAgent,50,50
0,270,FeatureAgent,50,50
0,271,FeatureAgent,50,50
0,272,FeatureAgent,50,50
0,273,FeatureAgent,50,50
0,274,FeatureAgent,50,50
0,275,FeatureAgent,50,50
0,276,FeatureAgent,50,50
0,277,FeatureAgent,50,50
0,278,FeatureAgent,50,50
0,279,FeatureAgent,50,50
0,280,FeatureAgent,50,50
0,281,FeatureAgent,50,50
0,282,FeatureAgent,50,50
0,283,FeatureAgent,50,50
0,284,FeatureAgent,50,50
0,285,FeatureAgent,50,50
0,286,FeatureAgent,50,50
0,287,FeatureAgent,50,50
0,288,FeatureAgent,28,-23
0,289,FeatureAgent,12,12
0,290,FeatureAgent,5,5
0,291,FeatureAgent,50,50
0,292,FeatureAgent,50,50
0,293,FeatureAgent,50,50
0,294,FeatureAgent,50,50
0,295,FeatureAgent,50,50
0,296,FeatureAgent,50,50
0,297,FeatureAgent,50,50
0,298,FeatureAgent,50,50
0,299,FeatureAgent,50,50
0,300,FeatureAgent,50,50
0,301,FeatureAgent,50,50
0,302,FeatureAgent,50,50
0,303,FeatureAgent,50,50
0,304,FeatureAgent,50,50
0,305,FeatureAgent,50,50
0,306,FeatureAgent,50,50
0,307,FeatureAgent,50,50
0,308,FeatureAgent,50,50
0,309,FeatureAgent,50,50
0,310,FeatureAgent,50,50
0,311,FeatureAgent,50,50
0,312,FeatureAgent,50,50
0,313,FeatureAgent,50,50
0,314,FeatureAgent,50,50
0,315,FeatureAgent,50,50
0,316,FeatureAgent,50,50
0,317,FeatureAgent,50,50
0,318,FeatureAgent,50,50
0,319,FeatureAgent,50,50
0,320,FeatureAgent,50,50
0,321,FeatureAgent,50,50
0,322,FeatureAgent,50,50
0,323,FeatureAgent,50,50
0,324,FeatureAgent,50,50
0,325,FeatureAgent,50,50
0,326,FeatureAgent,50,50
0,327,FeatureAgent,50,50
0,328,FeatureAgent,50,50
0,329,FeatureAgent,50,50
0,330,FeatureAgent,48,-3
0,331,FeatureAgent,50,50
0,332,FeatureAgent,50,50
0,333,FeatureAgent,50,50
0,334,FeatureAgent,50,50
0,335,FeatureAgent,50,50
0,336,FeatureAgent,50,50
0,337,FeatureAgent,50,50
0,338,FeatureAgent,50,50
0,339,FeatureAgent,50,50
0,340,FeatureAgent,50,50
0,341,FeatureAgent,50,50
0,342,FeatureAgent,50,50
0,343,FeatureAgent,50,50
0,344,FeatureAgent,50,50
0,345,FeatureAgent,50,50
0,346,FeatureAgent,50,50
0,347,FeatureAgent,50,50
0,348,FeatureAgent,50,50
0,349,FeatureAgent,50,50
0,350,FeatureAgent,50,50
0,351,FeatureAgent,50,50
0,352,FeatureAgent,50,50
0,353,FeatureAgent,50,50
0,354,FeatureAgent,50,50
0,355,FeatureAgent,50,50
0,356,FeatureAgent,50,50
0,357,FeatureAgent,50,50
0,358,FeatureAgent,50,50
0,359,FeatureAgent,50,50
0,360,FeatureAgent,50,50
0,361,FeatureAgent,50,50
0,362,FeatureAgent,50,50
0,363,FeatureAgent,50,50
0,364,FeatureAgent,50,50
0,365,FeatureAgent,50,50
0,366,FeatureAgent,50,50
0,367,FeatureAgent,50,50
0,368,FeatureAgent,50,50
0,369,FeatureAgent,50,50
0,370,FeatureAgent,50,50
0,371,FeatureAgent,50,50
0,372,FeatureAgent,50,50
0,373,FeatureAgent,50,50
0,374,FeatureAgent,50,50
0,375,FeatureAgent,50,50
0,376,FeatureAgent,50,50
0,377,FeatureAgent,50,50
0,378,FeatureAgent,50,50
0,379,FeatureAgent,50,50
0,380,FeatureAgent,50,50
0,381,FeatureAgent,50,50
0,382,FeatureAgent,50,50
0,383,FeatureAgent,50,50
0,384,FeatureAgent,50,50
0,385,FeatureAgent,50,50
0,386,FeatureAgent,50,50
0,387,FeatureAgent,50,50
0,388,FeatureAgent,50,50
0,389,FeatureAgent,50,50
0,390,FeatureAgent,50,50
0,391,FeatureAgent,50,50
0,392,FeatureAgent,50,50
0,393,FeatureAgent,19,-32
0,394,FeatureAgent,50,50
0,395,FeatureAgent,50,50
0,396,FeatureAgent,50,50
0,397,FeatureAgent,50,50
0,398,FeatureAgent,50,50
0,399,FeatureAgent,50,50
0,400,FeatureAgent,50,50
0,401,FeatureAgent,50,50
0,402,FeatureAgent,50,50
0,403,FeatureAgent,50,50
0,404,FeatureAgent,50,50
0,405,FeatureAgent,50,50
0,406,FeatureAgent,50,50
0,407,FeatureAgent,50,50
0,408,FeatureAgent,50,50
0,409,FeatureAgent,50,50
0,410,FeatureAgent,50,50
0,411,FeatureAgent,50,50
0,412,FeatureAgent,50,50
0,413,FeatureAgent,50,50
0,414,FeatureAgent,50,50
0,415,FeatureAgent,50,50
0,416,FeatureAgent,47,-4
0,417,FeatureAgent,26,26
0,418,FeatureAgent,50,50
0,419,FeatureAgent,50,50
0,420,FeatureAgent,50,50
0,421,FeatureAgent,50,50
0,422,FeatureAgent,50,50
0,423,FeatureAgent,50,50
0,424,FeatureAgent,50,50
0,425,FeatureAgent,50,50
0,426,FeatureAgent,50,50
0,427,FeatureAgent,50,50
0,428,FeatureAgent,50,50
0,429,FeatureAgent,50,50
0,430,FeatureAgent,50,50
0,431,FeatureAgent,50,50
0,432,FeatureAgent,50,50
0,433,FeatureAgent,50,50
0,434,FeatureAgent,50,50
0,435,FeatureAgent,50,50
0,436,FeatureAgent,50,50
0,437,FeatureAgent,50,50
0,438,FeatureAgent,50,50
0,439,FeatureAgent,50,50
0,440,FeatureAgent,50,50
0,441,FeatureAgent,50,50
0,442,FeatureAgent,50,50
0,443,FeatureAgent,50,50
0,444,FeatureAgent,50,50
0,445,FeatureAgent,50,50
0,446,FeatureAgent,50,50
0,447,FeatureAgent,50,50
0,448,FeatureAgent,50,50
0,449,FeatureAgent,50,50
0,450,FeatureAgent,50,50
0,451,FeatureAgent,50,50
0,452,FeatureAgent,50,50
0,453,FeatureAgent,50,50
0,454,FeatureAgent,50,50
0,455,FeatureAgent,50,50
0,456,FeatureAgent,50,50
0,457,FeatureAgent,50,50
0,458,FeatureAgent,50,50
0,459,FeatureAgent,50,50
0,460,FeatureAgent,50,50
0,461,FeatureAgent,50,50
0,462,FeatureAgent,50,50
0,463,FeatureAgent,50,50
0,464,FeatureAgent,50,50
0,465,FeatureAgent,50,50
0,466,FeatureAgent,50,50
0,467,FeatureAgent,50,50
0,468,FeatureAgent,50,50
0,469,FeatureAgent,50,50
0,470,FeatureAgent,50,50
0,471,FeatureAgent,50,50
0,472,FeatureAgent,50,50
0,473,FeatureAgent,50,50
0,474,FeatureAgent,50,50
0,475,FeatureAgent,50,50
0,476,FeatureAgent,50,50
0,477,FeatureAgent,50,50
0,478,FeatureAgent,50,50
0,479,FeatureAgent,50,50
0,480,FeatureAgent,50,-1
0,481,FeatureAgent,50,50
0,482,FeatureAgent,50,50
0,483,FeatureAgent,50,50
0,484,FeatureAgent,50,50
0,485,FeatureAgent,50,50
0,486,FeatureAgent,20,-31
0,487,FeatureAgent,31,31
0,488,FeatureAgent,50,50
0,489,FeatureAgent,50,50
0,490,FeatureAgent,50,50
0,491,FeatureAgent,50,50
0,492,FeatureAgent,50,50
0,493,FeatureAgent,50,50
0,494,FeatureAgent,50,50
0,495,FeatureAgent,50,50
0,496,FeatureAgent,50,50
0,497,FeatureAgent,50,50
0,498,FeatureAgent,50,50
0,499,FeatureAgent,50,50
0,500,FeatureAgent,50,50
0,501,FeatureAgent,50,50
0,502,FeatureAgent,50,50
0,503,FeatureAgent,50,50
0,504,FeatureAgent,50,50
0,505,FeatureAgent,50,50
0,506,FeatureAgent,50,50
0,507,FeatureAgent,50,50
0,508,FeatureAgent,50,50
0,509,FeatureAgent,50,50
0,510,FeatureAgent,50,50
0,511,FeatureAgent,50,50
0,512,FeatureAgent,50,50
0,513,FeatureAgent,50,50
0,514,FeatureAgent,50,50
0,515,FeatureAgent,50,50
0,516,FeatureAgent,50,50
0,517,FeatureAgent,50,50
0,518,FeatureAgent,50,50
0,519,FeatureAgent,50,50
0,520,FeatureAgent,50,50
0,521,FeatureAgent,50,50
0,522,FeatureAgent,50,50
0,523,FeatureAgent,50,50
0,524,FeatureAgent,50,50
0,525,FeatureAgent,50,50
0,526,FeatureAgent,50,50
0,527,FeatureAgent,50,50
0,528,FeatureAgent,50,50
0,529,FeatureAgent,50,50
0,530,FeatureAgent,50,50
0,531,FeatureAgent,50,50
0,532,FeatureAgent,50,50
0,533,FeatureAgent,50,50
0,534,FeatureAgent,50,50
0,535,FeatureAgent,50,50
0,536,FeatureAgent,50,50
0,537,FeatureAgent,50,50
0,538,FeatureAgent,50,50
0,539,FeatureAgent,50,50
0,540,FeatureAgent,50,50
0,541,FeatureAgent,50,50
0,542,FeatureAgent,50,50
0,543,FeatureAgent,50,50
0,544,FeatureAgent,50,50
0,545,FeatureAgent,50,50
0,546,FeatureAgent,50,50
0,547,FeatureAgent,50,50
0,548,FeatureAgent,50,50
0,549,FeatureAgent,50,50
0,550,FeatureAgent,50,50
0,551,FeatureAgent,50,50
0,552,FeatureAgent,50,50
0,553,FeatureAgent,50,50
0,554,FeatureAgent,50,50
0,555,FeatureAgent,50,50
0,556,FeatureAgent,50,50
0,557,FeatureAgent,50,50
0,558,FeatureAgent,50,50
0,559,FeatureAgent,50,50
0,560,FeatureAgent,50,50
0,561,FeatureAgent,50,50
0,562,FeatureAgent,50,50
0,563,FeatureAgent,50,50
0,564,FeatureAgent,50,50
0,565,FeatureAgent,50,50
0,566,FeatureAgent,50,50
0,567,FeatureAgent,50,50
0,568,FeatureAgent,50,50
0,569,FeatureAgent,50,50
0,570,FeatureAgent,50,50
0,571,FeatureAgent,50,50
0,572,FeatureAgent,50,50
0,573,FeatureAgent,50,50
0,574,FeatureAgent,50,50
0,575,FeatureAgent,50,50
0,576,FeatureAgent,50,50
0,577,FeatureAgent,50,50
0,578,FeatureAgent,50,50
0,579,FeatureAgent,50,50
0,580,FeatureAgent,50,50
0,581,FeatureAgent,50,50
0,582,FeatureAgent,50,50
0,583,FeatureAgent,50,50
0,584,FeatureAgent,50,50
0,585,FeatureAgent,50,50
0,586,FeatureAgent,50,50
0,587,FeatureAgent,50,50
0,588,FeatureAgent,50,50
0,589,FeatureAgent,50,50
0,590,FeatureAgent,50,50
0,591,FeatureAgent,50,50
0,592,FeatureAgent,50,50
0,593,FeatureAgent,50,50
0,594,FeatureAgent,50,50
0,595,FeatureAgent,50,50
0,596,FeatureAgent,50,50
0,597,FeatureAgent,50,50
0,598,FeatureAgent,50,-1
0,599,FeatureAgent,50,50
0,600,FeatureAgent,50,50
0,601,FeatureAgent,50,50
0,602,FeatureAgent,50,50
0,603,FeatureAgent,50,50
0,604,FeatureAgent,50,50
0,605,FeatureAgent,50,50
0,606,FeatureAgent,50,50
0,607,FeatureAgent,50,50
0,608,FeatureAgent,50,50
0,609,FeatureAgent,50,50
0,610,FeatureAgent,50,50
0,611,FeatureAgent,50,50
0,612,FeatureAgent,50,50
0,613,FeatureAgent,50,50
0,614,FeatureAgent,47,-4
0,615,FeatureAgent,50,50
0,616,FeatureAgent,50,50
0,617,FeatureAgent,50,50
0,618,FeatureAgent,50,50
0,619,FeatureAgent,50,50
0,620,FeatureAgent,50,50
0,621,FeatureAgent,50,50
0,622,FeatureAgent,50,50
0,623,FeatureAgent,50,50
0,624,FeatureAgent,50,50
0,625,FeatureAgent,50,50
0,626,FeatureAgent,50,50
0,627,FeatureAgent,50,50
0,628,FeatureAgent,50,50
0,629,FeatureAgent,50,50
0,630,FeatureAgent,50,50
0,631,FeatureAgent,50,50
0,632,FeatureAgent,50,50
0,633,FeatureAgent,50,50
0,634,FeatureAgent,50,50
0,635,FeatureAgent,50,50
0,636,FeatureAgent,50,50
0,637,FeatureAgent,50,50
0,638,FeatureAgent,50,50
0,639,FeatureAgent,50,-1
0,640,FeatureAgent,50,50
0,641,FeatureAgent,50,50
0,642,FeatureAgent,50,50
0,643,FeatureAgent,50,50
0,644,FeatureAgent,50,50
0,645,FeatureAgent,50,50
0,646,FeatureAgent,50,50
0,647,FeatureAgent,50,50
0,648,FeatureAgent,50,50
0,649,FeatureAgent,50,50
0,650,FeatureAgent,50,50
0,651,FeatureAgent,50,50
0,652,FeatureAgent,50,50
0,653,FeatureAgent,50,50
0,654,FeatureAgent,50,50
0,655,FeatureAgent,50,50
0,656,FeatureAgent,50,50
0,657,FeatureAgent,50,50
0,658,FeatureAgent,50,50
0,659,FeatureAgent,50,50
0,660,FeatureAgent,50,50
0,661,FeatureAgent,50,50
0,662,FeatureAgent,50,50
0,663,FeatureAgent,50,50
0,664,FeatureAgent,50,50
0,665,FeatureAgent,50,50
0,666,FeatureAgent,50,50
0,667,FeatureAgent,50,50
0,668,FeatureAgent,50,50
0,669,FeatureAgent,50,50
0,670,FeatureAgent,50,50
0,671,FeatureAgent,50,50
0,672,FeatureAgent,50,50
0,673,FeatureAgent,50,50
0,674,FeatureAgent,50,50
0,675,FeatureAgent,50,50
0,676,FeatureAgent,50,50
0,677,FeatureAgent,50,50
0,678,FeatureAgent,50,50
0,679,FeatureAgent,50,50
0,680,FeatureAgent,50,50
0,681,FeatureAgent,50,50
0,682,FeatureAgent,50,50
0,683,FeatureAgent,50,50
0,684,FeatureAgent,50,50
0,685,FeatureAgent,50,50
0,686,FeatureAgent,50,50
0,687,FeatureAgent,50,50
0,688,FeatureAgent,50,50
0,689,FeatureAgent,50,50
0,690,FeatureAgent,50,50
0,691,FeatureAgent,50,50
0,692,FeatureAgent,50,50
0,693,FeatureAgent,50,50
0,694,FeatureAgent,50,50
0,695,FeatureAgent,50,50
0,696,FeatureAgent,50,50
0,697,FeatureAgent,50,50
0,698,FeatureAgent,50,50
0,699,FeatureAgent,50,50
0,700,FeatureAgent,50,50
0,701,FeatureAgent,50,50
0,702,FeatureAgent,50,50
0,703,FeatureAgent,50,50
0,704,FeatureAgent,50,50
0,705,FeatureAgent,50,50
0,706,FeatureAgent,50,50
0,707,FeatureAgent,50,50
0,708,FeatureAgent,50,50
0,709,FeatureAgent,50,50
0,710,FeatureAgent,50,50
0,711,FeatureAgent,50,50
0,712,FeatureAgent,50,50
0,713,FeatureAgent,50,50
0,714,FeatureAgent,50,50
0,715,FeatureAgent,50,50
0,716,FeatureAgent,50,50
0,717,FeatureAgent,50,50
0,718,FeatureAgent,50,50
0,719,FeatureAgent,50,50
0,720,FeatureAgent,50,50
0,721,FeatureAgent,50,50
0,722,FeatureAgent,50,50
0,723,FeatureAgent,50,50
0,724,FeatureAgent,50,50
0,725,FeatureAgent,50,50
0,726,FeatureAgent,50,50
0,727,FeatureAgent,50,50
0,728,FeatureAgent,50,50
0,729,FeatureAgent,50,50
0,730,FeatureAgent,50,50
0,731,FeatureAgent,50,50
0,732,FeatureAgent,50,50
0,733,FeatureAgent,50,50
0,734,FeatureAgent,50,50
0,735,FeatureAgent,50,50
0,736,FeatureAgent,50,50
0,737,FeatureAgent,50,50
0,738,FeatureAgent,50,50
0,739,FeatureAgent,50,50
0,740,FeatureAgent,50,50
0,741,FeatureAgent,50,50
0,742,FeatureAgent,50,50
0,743,FeatureAgent,50,50
0,744,FeatureAgent,50,50
0,745,FeatureAgent,50,50
0,746,FeatureAgent,50,50
0,747,FeatureAgent,50,50
0,748,FeatureAgent,50,50
0,749,FeatureAgent,50,50
0,750,FeatureAgent,50,50
0,751,FeatureAgent,50,50
0,752,FeatureAgent,50,50
0,753,FeatureAgent,50,50
0,754,FeatureAgent,50,50
0,755,FeatureAgent,50,50
0,756,FeatureAgent,50,50
0,757,FeatureAgent,50,50
0,758,FeatureAgent,50,50
0,759,FeatureAgent,50,-1
0,760,FeatureAgent,50,50
0,761,FeatureAgent,50,50
0,762,FeatureAgent,50,50
0,763,FeatureAgent,50,50
0,764,FeatureAgent,50,50
0,765,FeatureAgent,50,50
0,766,FeatureAgent,50,50
0,767,FeatureAgent,50,50
0,768,FeatureAgent,50,50
0,769,FeatureAgent,50,50
0,770,FeatureAgent,50,50
0,771,FeatureAgent,50,50
0,772,FeatureAgent,50,50
0,773,FeatureAgent,50,50
0,774,FeatureAgent,50,50
0,775,FeatureAgent,50,50
0,776,FeatureAgent,50,50
0,777,FeatureAgent,50,50
0,778,FeatureAgent,50,50
0,779,FeatureAgent,50,50
0,780,FeatureAgent,50,50
0,781,FeatureAgent,50,50
0,782,FeatureAgent,50,50
0,783,FeatureAgent,50,-1
0,784,FeatureAgent,50,50
0,785,FeatureAgent,50,50
0,786,FeatureAgent,50,50
0,787,FeatureAgent,50,50
0,788,FeatureAgent,50,50
0,789,FeatureAgent,50,50
0,790,FeatureAgent,50,50
0,791,FeatureAgent,50,50
0,792,FeatureAgent,50,50
0,793,FeatureAgent,50,50
0,794,FeatureAgent,50,50
0,795,FeatureAgent,50,50
0,796,FeatureAgent,50,50
0,797,FeatureAgent,50,50
0,798,FeatureAgent,50,50
0,799,FeatureAgent,50,50
0,800,FeatureAgent,50,50
0,801,FeatureAgent,50,50
0,802,FeatureAgent,50,50
0,803,FeatureAgent,50,50
0,804,FeatureAgent,50,50
0,805,FeatureAgent,50,50
0,806,FeatureAgent,50,50
0,807,FeatureAgent,50,50
0,808,FeatureAgent,50,50
0,809,FeatureAgent,50,50
0,810,FeatureAgent,50,50
0,811,FeatureAgent,50,50
0,812,FeatureAgent,50,50
0,813,FeatureAgent,50,50
0,814,FeatureAgent,50,50
0,815,FeatureAgent,50,50
0,816,FeatureAgent,50,50
0,817,FeatureAgent,50,-1
0,818,FeatureAgent,50,50
0,819,FeatureAgent,50,50
0,820,FeatureAgent,50,50
0,821,FeatureAgent,50,50
0,822,FeatureAgent,50,50
0,823,FeatureAgent,50,50
0,824,FeatureAgent,50,50
0,825,FeatureAgent,50,-1
0,826,FeatureAgent,32,-19
0,827,FeatureAgent,31,31
0,828,FeatureAgent,50,50
0,829,FeatureAgent,50,50
0,830,FeatureAgent,50,50
0,831,FeatureAgent,50,50
0,832,FeatureAgent,50,50
0,833,FeatureAgent,50,50
0,834,FeatureAgent,50,50
0,835,FeatureAgent,50,50
0,836,FeatureAgent,50,50
0,837,FeatureAgent,50,50
0,838,FeatureAgent,50,50
0,839,FeatureAgent,50,50
0,840,FeatureAgent,50,50
0,841,FeatureAgent,50,50
0,842,FeatureAgent,50,50
0,843,FeatureAgent,50,50
0,844,FeatureAgent,50,50
0,845,FeatureAgent,50,50
0,846,FeatureAgent,50,50
0,847,FeatureAgent,50,50
0,848,FeatureAgent,50,-1
0,849,FeatureAgent,50,50
0,850,FeatureAgent,50,50
0,851,FeatureAgent,50,50
0,852,FeatureAgent,50,50
0,853,FeatureAgent,50,50
0,854,FeatureAgent,50,50
0,855,FeatureAgent,50,50
0,856,FeatureAgent,50,50
0,857,FeatureAgent,50,50
0,858,FeatureAgent,50,-1
0,859,FeatureAgent,50,50
0,860,FeatureAgent,50,50
0,861,FeatureAgent,50,50
0,862,FeatureAgent,50,50
0,863,FeatureAgent,50,50
0,864,FeatureAgent,50,50
0,865,FeatureAgent,50,50
0,866,FeatureAgent,50,50
0,867,FeatureAgent,50,50
0,868,FeatureAgent,50,50
0,869,FeatureAgent,50,50
0,870,FeatureAgent,50,50
0,871,FeatureAgent,50,50
0,872,FeatureAgent,50,50
0,873,FeatureAgent,50,50
0,874,FeatureAgent,50,50
0,875,FeatureAgent,50,50
0,876,FeatureAgent,50,50
0,877,FeatureAgent,50,50
0,878,FeatureAgent,50,50
0,879,FeatureAgent,50,50
0,880,FeatureAgent,50,50
0,881,FeatureAgent,50,50
0,882,FeatureAgent,50,50
0,883,FeatureAgent,50,50
0,884,FeatureAgent,50,50
0,885,FeatureAgent,50,50
0,886,FeatureAgent,50,50
0,887,FeatureAgent,50,50
0,888,FeatureAgent,50,50
0,889,FeatureAgent,50,50
0,890,FeatureAgent,50,50
0,891,FeatureAgent,50,50
0,892,FeatureAgent,50,50
0,893,FeatureAgent,50,50
0,894,FeatureAgent,50,50
0,895,FeatureAgent,50,50
0,896,FeatureAgent,50,50
0,897,FeatureAgent,50,50
0,898,FeatureAgent,50,50
0,899,FeatureAgent,50,50
0,900,FeatureAgent,50,50
0,901,FeatureAgent,50,50
0,902,FeatureAgent,50,-1
0,903,FeatureAgent,50,50
0,904,FeatureAgent,50,50
0,905,FeatureAgent,50,50
0,906,FeatureAgent,50,50
0,907,FeatureAgent,50,50
0,908,FeatureAgent,50,50
0,909,FeatureAgent,50,-1
0,910,FeatureAgent,50,50
0,911,FeatureAgent,50,50
0,912,FeatureAgent,50,50
0,913,FeatureAgent,50,50
0,914,FeatureAgent,50,50
0,915,FeatureAgent,50,50
0,916,FeatureAgent,50,50
0,917,FeatureAgent,50,50
0,918,FeatureAgent,50,50
0,919,FeatureAgent,50,50
0,920,FeatureAgent,50,50
0,921,FeatureAgent,50,50
0,922,FeatureAgent,50,50
0,923,FeatureAgent,50,50
0,924,FeatureAgent,50,50
0,925,FeatureAgent,50,50
0,926,FeatureAgent,50,50
0,927,FeatureAgent,50,50
0,928,FeatureAgent,50,50
0,929,FeatureAgent,50,-1
0,930,FeatureAgent,50,50
0,931,FeatureAgent,50,50
0,932,FeatureAgent,50,50
0,933,FeatureAgent,50,50
0,934,FeatureAgent,50,50
0,935,FeatureAgent,50,50
0,936,FeatureAgent,50,50
0,937,FeatureAgent,50,50
0,938,FeatureAgent,50,50
0,939,FeatureAgent,50,50
0,940,FeatureAgent,50,50
0,941,FeatureAgent,50,50
0,942,FeatureAgent,50,50
0,943,FeatureAgent,50,50
0,944,FeatureAgent,50,50
0,945,FeatureAgent,50,50
0,946,FeatureAgent,50,50
0,947,FeatureAgent,50,50
0,948,FeatureAgent,50,50
0,949,FeatureAgent,50,50
0,950,FeatureAgent,50,50
0,951,FeatureAgent,50,50
0,952,FeatureAgent,50,50
0,953,FeatureAgent,50,50
0,954,FeatureAgent,50,50
0,955,FeatureAgent,50,-1
0,956,FeatureAgent,50,50
0,957,FeatureAgent,50,50
0,958,FeatureAgent,50,50
0,959,FeatureAgent,50,50
0,960,FeatureAgent,50,50
0,961,FeatureAgent,50,50
0,962,FeatureAgent,50,50
0,963,FeatureAgent,50,50
0,964,FeatureAgent,50,50
0,965,FeatureAgent,50,50
0,966,FeatureAgent,50,50
0,967,FeatureAgent,50,50
0,968,FeatureAgent,50,50
0,969,FeatureAgent,50,50
0,970,FeatureAgent,50,50
0,971,FeatureAgent,50,-1
0,972,FeatureAgent,50,50
0,973,FeatureAgent,50,-1
0,974,FeatureAgent,50,50
0,975,FeatureAgent,50,50
0,976,FeatureAgent,50,50
0,977,FeatureAgent,50,50
0,978,FeatureAgent,50,50
0,979,FeatureAgent,50,50
0,980,FeatureAgent,50,50
0,981,FeatureAgent,50,50
0,982,FeatureAgent,50,50
0,983,FeatureAgent,50,50
0,984,FeatureAgent,50,50
0,985,FeatureAgent,50,50
0,986,FeatureAgent,50,50
0,987,FeatureAgent,50,50
0,988,FeatureAgent,50,50
0,989,FeatureAgent,50,50
0,990,FeatureAgent,50,50
0,991,FeatureAgent,50,50
0,992,FeatureAgent,50,50
0,993,FeatureAgent,50,50
0,994,FeatureAgent,50,50
0,995,FeatureAgent,50,50
0,996,FeatureAgent,50,50
0,997,FeatureAgent,50,50
0,998,FeatureAgent,50,50
0,999,FeatureAgent,50,50
0,1000,FeatureAgent,50,50
1,1,FeatureAgent,1,1
1,2,FeatureAgent,16,16
1,3,FeatureAgent,1,1
1,4,FeatureAgent,2,2
1,5,FeatureAgent,29,29
1,6,FeatureAgent,50,50
1,7,FeatureAgent,50,50
1,8,FeatureAgent,50,50
1,9,FeatureAgent,50,50
1,10,FeatureAgent,50,50
1,11,FeatureAgent,33,-18
1,12,FeatureAgent,6,6
1,13,FeatureAgent,1,1
1,14,FeatureAgent,2,2
1,15,FeatureAgent,2,2
1,16,FeatureAgent,1,1
1,17,FeatureAgent,2,2
1,18,FeatureAgent,1,1
1,19,FeatureAgent,1,1
1,20,FeatureAgent,1,1
1,21,FeatureAgent,1,1
1,22,FeatureAgent,1,1
1,23,FeatureAgent,1,1
1,24,FeatureAgent,1,1
1,25,FeatureAgent,1,1
1,26,FeatureAgent,1,1
1,27,FeatureAgent,4,4
1,28,FeatureAgent,13,13
1,29,FeatureAgent,2,2
1,30,FeatureAgent,50,50
1,31,FeatureAgent,50,50
1,32,FeatureAgent,50,50
1,33,FeatureAgent,50,50
1,34,FeatureAgent,50,50
1,35,FeatureAgent,50,50
1,36,FeatureAgent,50,50
1,37,FeatureAgent,50,50
1,38,FeatureAgent,50,50
1,39,FeatureAgent,22,-29
1,40,FeatureAgent,1,1
1,41,FeatureAgent,1,1
1,42,FeatureAgent,2,2
1,43,FeatureAgent,1,1
1,44,FeatureAgent,1,1
1,45,FeatureAgent,1,1
1,46,FeatureAgent,1,1
1,47,FeatureAgent,1,1
1,48,FeatureAgent,1,1
1,49,FeatureAgent,4,4
1,50,FeatureAgent,1,1
1,51,FeatureAgent,1,1
1,52,FeatureAgent,1,1
1,53,FeatureAgent,1,1
1,54,FeatureAgent,1,1
1,55,FeatureAgent,1,1
1,56,FeatureAgent,1,1
1,57,FeatureAgent,1,1
1,58,FeatureAgent,1,1
1,59,FeatureAgent,1,1
1,60,FeatureAgent,1,1
1,61,FeatureAgent,1,1
1,62,FeatureAgent,2,2
1,63,FeatureAgent,1,1
1,64,FeatureAgent,1,1
1,65,FeatureAgent,1,1
1,66,FeatureAgent,1,1
1,67,FeatureAgent,50,50
1,68,FeatureAgent,50,50
1,69,FeatureAgent,50,50
1,70,FeatureAgent,50,50
1,71,FeatureAgent,50,50
1,72,FeatureAgent,50,50
1,73,FeatureAgent,50,50
1,74,FeatureAgent,50,50
1,75,FeatureAgent,50,50
1,76,FeatureAgent,50,50
1,77,FeatureAgent,50,50
1,78,FeatureAgent,50,50
1,79,FeatureAgent,50,50
1,80,FeatureAgent,50,50
1,81,FeatureAgent,50,50
1,82,FeatureAgent,50,50
1,83,FeatureAgent,50,50
1,84,FeatureAgent,50,50
1,85,FeatureAgent,50,50
1,86,FeatureAgent,50,50
1,87,FeatureAgent,50,50
1,88,FeatureAgent,50,50
1,89,FeatureAgent,50,50
1,90,FeatureAgent,50,50
1,91,FeatureAgent,50,50
1,92,FeatureAgent,50,50
1,93,FeatureAgent,21,-30
1,94,FeatureAgent,1,1
1,95,FeatureAgent,4,4
1,96,FeatureAgent,3,3
1,97,FeatureAgent,4,4
1,98,FeatureAgent,1,1
1,99,FeatureAgent,1,1
1,100,FeatureAgent,18,18
1,101,FeatureAgent,1,1
1,102,FeatureAgent,1,1
1,103,FeatureAgent,4,4
1,104,FeatureAgent,6,6
1,105,FeatureAgent,11,11
1,106,FeatureAgent,5,5
1,107,FeatureAgent,1,1
1,108,FeatureAgent,50,50
1,109,FeatureAgent,50,50
1,110,FeatureAgent,50,50
1,111,FeatureAgent,29,-22
1,112,FeatureAgent,1,1
1,113,FeatureAgent,1,1
1,114,FeatureAgent,1,1
1,115,FeatureAgent,1,1
1,116,FeatureAgent,1,1
1,117,FeatureAgent,1,1
1,118,FeatureAgent,5,5
1,119,FeatureAgent,2,2
1,120,FeatureAgent,13,13
1,121,FeatureAgent,4,4
1,122,FeatureAgent,13,13
1,123,FeatureAgent,50,50
1,124,FeatureAgent,50,50
1,125,FeatureAgent,50,50
1,126,FeatureAgent,50,50
1,127,FeatureAgent,50,50
1,128,FeatureAgent,50,50
1,129,FeatureAgent,50,50
1,130,FeatureAgent,50,50
1,131,FeatureAgent,50,50
1,132,FeatureAgent,50,50
1,133,FeatureAgent,50,50
1,134,FeatureAgent,50,50
1,135,FeatureAgent,50,50
1,136,FeatureAgent,50,50
1,137,FeatureAgent,50,50
1,138,FeatureAgent,50,50
1,139,FeatureAgent,50,50
1,140,FeatureAgent,50,50
1,141,FeatureAgent,50,50
1,142,FeatureAgent,50,50
1,143,FeatureAgent,50,50
1,144,FeatureAgent,50,50
1,145,FeatureAgent,50,50
1,146,FeatureAgent,50,50
1,147,FeatureAgent,50,50
1,148,FeatureAgent,50,50
1,149,FeatureAgent,50,50
1,150,FeatureAgent,50,50
1,151,FeatureAgent,50,50
1,152,FeatureAgent,50,50
1,153,FeatureAgent,50,50
1,154,FeatureAgent,50,50
1,155,FeatureAgent,50,50
1,156,FeatureAgent,50,50
1,157,FeatureAgent,50,50
1,158,FeatureAgent,50,50
1,159,FeatureAgent,50,50
1,160,FeatureAgent,50,50
1,161,FeatureAgent,50,50
1,162,FeatureAgent,50,50
1,163,FeatureAgent,50,50
1,164,FeatureAgent,50,50
1,165,FeatureAgent,50,50
1,166,FeatureAgent,50,50
1,167,FeatureAgent,50,50
1,168,FeatureAgent,50,50
1,169,FeatureAgent,50,50
1,170,FeatureAgent,50,50
1,171,FeatureAgent,41,-10
1,172,FeatureAgent,1,1
1,173,FeatureAgent,16,16
1,174,FeatureAgent,3,3
1,175,FeatureAgent,4,4
1,176,FeatureAgent,45,45
1,177,FeatureAgent,10,10
1,178,FeatureAgent,50,50
1,179,FeatureAgent,50,50
1,180,FeatureAgent,50,50
1,181,FeatureAgent,50,50
1,182,FeatureAgent,50,50
1,183,FeatureAgent,50,50
1,184,FeatureAgent,50,50
1,185,FeatureAgent,50,50
1,186,FeatureAgent,50,50
1,187,FeatureAgent,50,50
1,188,FeatureAgent,50,50
1,189,FeatureAgent,50,50
1,190,FeatureAgent,50,50
1,191,FeatureAgent,50,50
1,192,FeatureAgent,50,50
1,193,FeatureAgent,50,50
1,194,FeatureAgent,50,50
1,195,FeatureAgent,50,50
1,196,FeatureAgent,50,50
1,197,FeatureAgent,50,50
1,198,FeatureAgent,50,50
1,199,FeatureAgent,50,50
1,200,FeatureAgent,50,50
1,201,FeatureAgent,50,50
1,202,FeatureAgent,50,50
1,203,FeatureAgent,50,50
1,204,FeatureAgent,50,50
1,205,FeatureAgent,50,50
1,206,FeatureAgent,50,50
1,207,FeatureAgent,50,50
1,208,FeatureAgent,50,50
1,209,FeatureAgent,50,50
1,210,FeatureAgent,50,50
1,211,FeatureAgent,50,50
1,212,FeatureAgent,50,50
1,213,FeatureAgent,50,50
1,214,FeatureAgent,50,50
1,215,FeatureAgent,50,50
1,216,FeatureAgent,50,50
1,217,FeatureAgent,50,50
1,218,FeatureAgent,50,50
1,219,FeatureAgent,50,50
1,220,FeatureAgent,13,-38
1,221,FeatureAgent,3,3
1,222,FeatureAgent,17,17
1,223,FeatureAgent,1,1
1,224,FeatureAgent,1,1
1,225,FeatureAgent,7,7
1,226,FeatureAgent,50,50
1,227,FeatureAgent,50,50
1,228,FeatureAgent,50,50
1,229,FeatureAgent,50,50
1,230,FeatureAgent,50,50
1,231,FeatureAgent,50,50
1,232,FeatureAgent,50,50
1,233,FeatureAgent,50,50
1,234,FeatureAgent,50,-1
1,235,FeatureAgent,16,16
1,236,FeatureAgent,25,25
1,237,FeatureAgent,50,50
1,238,FeatureAgent,50,50
1,239,FeatureAgent,50,50
1,240,FeatureAgent,50,50
1,241,FeatureAgent,50,50
1,242,FeatureAgent,50,50
1,243,FeatureAgent,50,50
1,244,FeatureAgent,50,50
1,245,FeatureAgent,50,50
1,246,FeatureAgent,50,50
1,247,FeatureAgent,50,50
1,248,FeatureAgent,50,50
1,249,FeatureAgent,50,50
1,250,FeatureAgent,50,-1
1,251,FeatureAgent,50,50
1,252,FeatureAgent,50,50
1,253,FeatureAgent,50,-1
1,254,FeatureAgent,44,44
1,255,FeatureAgent,14,14
1,256,FeatureAgent,50,50
1,257,FeatureAgent,50,50
1,258,FeatureAgent,50,50
1,259,FeatureAgent,50,50
1,260,FeatureAgent,50,50
1,261,FeatureAgent,50,50
1,262,FeatureAgent,50,50
1,263,FeatureAgent,50,50
1,264,FeatureAgent,50,50
1,265,FeatureAgent,50,50
1,266,FeatureAgent,50,50
1,267,FeatureAgent,50,50
1,268,FeatureAgent,50,50
1,269,FeatureAgent,50,50
1,270,FeatureAgent,50,50
1,271,FeatureAgent,50,50
1,272,FeatureAgent,50,50
1,273,FeatureAgent,50,50
1,274,FeatureAgent,50,50
1,275,FeatureAgent,50,50
1,276,FeatureAgent,50,50
1,277,FeatureAgent,50,50
1,278,FeatureAgent,50,50
1,279,FeatureAgent,50,50
1,280,FeatureAgent,50,50
1,281,FeatureAgent,50,50
1,282,FeatureAgent,4,-47
1,283,FeatureAgent,8,8
1,284,FeatureAgent,12,-39
1,285,FeatureAgent,50,50
1,286,FeatureAgent,50,50
1,287,FeatureAgent,50,50
1,288,FeatureAgent,50,50
1,289,FeatureAgent,50,50
1,290,FeatureAgent,50,50
1,291,FeatureAgent,50,50
1,292,FeatureAgent,50,50
1,293,FeatureAgent,50,50
1,294,FeatureAgent,50,50
1,295,FeatureAgent,50,50
1,296,FeatureAgent,50,50
1,297,FeatureAgent,50,50
1,298,FeatureAgent,50,50
1,299,FeatureAgent,50,50
1,300,FeatureAgent,50,50
1,301,FeatureAgent,50,50
1,302,FeatureAgent,50,50
1,303,FeatureAgent,50,50
1,304,FeatureAgent,50,50
1,305,FeatureAgent,50,50
1,306,FeatureAgent,50,50
1,307,FeatureAgent,50,50
1,308,FeatureAgent,50,50
1,309,FeatureAgent,50,50
1,310,FeatureAgent,50,50
1,311,FeatureAgent,14,-37
1,312,FeatureAgent,3,3
1,313,FeatureAgent,10,10
1,314,FeatureAgent,10,10
1,315,FeatureAgent,50,50
1,316,FeatureAgent,50,50
1,317,FeatureAgent,50,50
1,318,FeatureAgent,50,50
1,319,FeatureAgent,50,50
1,320,FeatureAgent,50,50
1,321,FeatureAgent,50,50
1,322,FeatureAgent,50,50
1,323,FeatureAgent,50,50
1,324,FeatureAgent,50,50
1,325,FeatureAgent,50,50
1,326,FeatureAgent,50,50
1,327,FeatureAgent,50,50
1,328,FeatureAgent,50,50
1,329,FeatureAgent,50,50
1,330,FeatureAgent,50,50
1,331,FeatureAgent,50,50
1,332,FeatureAgent,50,50
1,333,FeatureAgent,50,50
1,334,FeatureAgent,50,50
1,335,FeatureAgent,50,50
1,336,FeatureAgent,50,50
1,337,FeatureAgent,50,50
1,338,FeatureAgent,50,50
1,339,FeatureAgent,50,50
1,340,FeatureAgent,50,50
1,341,FeatureAgent,50,50
1,342,FeatureAgent,50,50
1,343,FeatureAgent,50,50
1,344,FeatureAgent,50,50
1,345,FeatureAgent,50,50
1,346,FeatureAgent,50,50
1,347,FeatureAgent,50,50
1,348,FeatureAgent,50,50
1,349,FeatureAgent,41,-10
1,350,FeatureAgent,50,50
1,351,FeatureAgent,50,50
1,352,FeatureAgent,50,50
1,353,FeatureAgent,50,50
1,354,FeatureAgent,50,50
1,355,FeatureAgent,50,50
1,356,FeatureAgent,50,50
1,357,FeatureAgent,50,50
1,358,FeatureAgent,50,50
1,359,FeatureAgent,50,50
1,360,FeatureAgent,50,50
1,361,FeatureAgent,50,50
1,362,FeatureAgent,50,50
1,363,FeatureAgent,50,50
1,364,FeatureAgent,50,50
1,365,FeatureAgent,50,50
1,366,FeatureAgent,50,50
1,367,FeatureAgent,50,50
1,368,FeatureAgent,50,50
1,369,FeatureAgent,50,50
1,370,FeatureAgent,50,50
1,371,FeatureAgent,50,50
1,372,FeatureAgent,50,50
1,373,FeatureAgent,50,50
1,374,FeatureAgent,50,50
1,375,FeatureAgent,50,50
1,376,FeatureAgent,50,50
1,377,FeatureAgent,50,50
1,378,FeatureAgent,50,50
1,379,FeatureAgent,50,50
1,380,FeatureAgent,50,50
1,381,FeatureAgent,50,50
1,382,FeatureAgent,50,50
1,383,FeatureAgent,50,50
1,384,FeatureAgent,50,50
1,385,FeatureAgent,50,50
1,386,FeatureAgent,50,50
1,387,FeatureAgent,16,-35
1,388,FeatureAgent,28,28
1,389,FeatureAgent,50,50
1,390,FeatureAgent,50,50
1,391,FeatureAgent,50,50
1,392,FeatureAgent,50,50
1,393,FeatureAgent,50,50
1,394,FeatureAgent,50,50
1,395,FeatureAgent,50,50
1,396,FeatureAgent,50,50
1,397,FeatureAgent,50,50
1,398,FeatureAgent,50,50
1,399,FeatureAgent,50,50
1,400,FeatureAgent,50,50
1,401,FeatureAgent,50,50
1,402,FeatureAgent,50,50
1,403,FeatureAgent,50,50
1,404,FeatureAgent,50,50
1,405,FeatureAgent,50,50
1,406,FeatureAgent,50,50
1,407,FeatureAgent,50,50
1,408,FeatureAgent,50,50
1,409,FeatureAgent,50,50
1,410,FeatureAgent,50,50
1,411,FeatureAgent,50,50
1,412,FeatureAgent,50,50
1,413,FeatureAgent,50,50
1,414,FeatureAgent,50,50
1,415,FeatureAgent,50,50
1,416,FeatureAgent,50,50
1,417,FeatureAgent,50,50
1,418,FeatureAgent,50,50
1,419,FeatureAgent,50,50
1,420,FeatureAgent,50,50
1,421,FeatureAgent,50,50
1,422,FeatureAgent,50,50
1,423,FeatureAgent,50,50
1,424,FeatureAgent,50,50
1,425,FeatureAgent,50,50
1,426,FeatureAgent,50,50
1,427,FeatureAgent,50,50
1,428,FeatureAgent,50,50
1,429,FeatureAgent,50,50
1,430,FeatureAgent,50,50
1,431,FeatureAgent,50,50
1,432,FeatureAgent,50,50
1,433,FeatureAgent,50,50
1,434,FeatureAgent,50,50
1,435,FeatureAgent,50,50
1,436,FeatureAgent,50,50
1,437,FeatureAgent,50,50
1,438,FeatureAgent,50,50
1,439,FeatureAgent,50,50
1,440,FeatureAgent,50,50
1,441,FeatureAgent,50,50
1,442,FeatureAgent,50,50
1,443,FeatureAgent,50,50
1,444,FeatureAgent,50,50
1,445,FeatureAgent,50,50
1,446,FeatureAgent,50,50
1,447,FeatureAgent,50,50
1,448,FeatureAgent,50,50
1,449,FeatureAgent,50,50
1,450,FeatureAgent,50,50
1,451,FeatureAgent,50,50
1,452,FeatureAgent,50,50
1,453,FeatureAgent,50,50
1,454,FeatureAgent,50,50
1,455,FeatureAgent,50,50
1,456,FeatureAgent,50,50
1,457,FeatureAgent,50,50
1,458,FeatureAgent,50,50
1,459,FeatureAgent,26,-25
1,460,FeatureAgent,50,50
1,461,FeatureAgent,50,50
1,462,FeatureAgent,50,50
1,463,FeatureAgent,50,50
1,464,FeatureAgent,50,50
1,465,FeatureAgent,50,50
1,466,FeatureAgent,50,50
1,467,FeatureAgent,50,50
1,468,FeatureAgent,50,50
1,469,FeatureAgent,50,50
1,470,FeatureAgent,50,50
1,471,FeatureAgent,50,50
1,472,FeatureAgent,50,50
1,473,FeatureAgent,50,50
1,474,FeatureAgent,50,50
1,475,FeatureAgent,50,50
1,476,FeatureAgent,50,50
1,477,FeatureAgent,50,50
1,478,FeatureAgent,50,50
1,479,FeatureAgent,50,50
1,480,FeatureAgent,50,50
1,481,FeatureAgent,50,50
1,482,FeatureAgent,50,-1
1,483,FeatureAgent,50,50
1,484,FeatureAgent,50,50
1,485,FeatureAgent,50,50
1,486,FeatureAgent,50,50
1,487,FeatureAgent,50,-1
1,488,FeatureAgent,50,50
1,489,FeatureAgent,50,50
1,490,FeatureAgent,50,50
1,491,FeatureAgent,50,50
1,492,FeatureAgent,50,50
1,493,FeatureAgent,50,50
1,494,FeatureAgent,50,50
1,495,FeatureAgent,50,50
1,496,FeatureAgent,50,50
1,497,FeatureAgent,50,50
1,498,FeatureAgent,50,50
1,499,FeatureAgent,50,50
1,500,FeatureAgent,50,50
1,501,FeatureAgent,50,50
1,502,FeatureAgent,50,50
1,503,FeatureAgent,50,50
1,504,FeatureAgent,50,50
1,505,FeatureAgent,50,50
1,506,FeatureAgent,50,50
1,507,FeatureAgent,50,50
1,508,FeatureAgent,50,50
1,509,FeatureAgent,50,50
1,510,FeatureAgent,50,50
1,511,FeatureAgent,50,50
1,512,FeatureAgent,50,50
1,513,FeatureAgent,50,50
1,514,FeatureAgent,50,50
1,515,FeatureAgent,50,50
1,516,FeatureAgent,50,50
1,517,FeatureAgent,50,50
1,518,FeatureAgent,50,50
1,519,FeatureAgent,50,50
1,520,FeatureAgent,50,50
1,521,FeatureAgent,50,50
1,522,FeatureAgent,50,50
1,523,FeatureAgent,50,50
1,524,FeatureAgent,50,50
1,525,FeatureAgent,50,50
1,526,FeatureAgent,50,50
1,527,FeatureAgent,50,50
1,528,FeatureAgent,50,50
1,529,FeatureAgent,50,50
1,530,FeatureAgent,50,50
1,531,FeatureAgent,50,50
1,532,FeatureAgent,50,50
1,533,FeatureAgent,50,50
1,534,FeatureAgent,50,50
1,535,FeatureAgent,50,50
1,536,FeatureAgent,50,50
1,537,FeatureAgent,50,50
1,538,FeatureAgent,50,50
1,539,FeatureAgent,50,50
1,540,FeatureAgent,50,50
1,541,FeatureAgent,50,50
1,542,FeatureAgent,50,50
1,543,FeatureAgent,50,50
1,544,FeatureAgent,50,50
1,545,FeatureAgent,50,50
1,546,FeatureAgent,50,50
1,547,FeatureAgent,50,-1
1,548,FeatureAgent,50,50
1,549,FeatureAgent,50,50
1,550,FeatureAgent,50,50
1,551,FeatureAgent,50,50
1,552,FeatureAgent,50,50
1,553,FeatureAgent,50,50
1,554,FeatureAgent,50,50
1,555,FeatureAgent,50,50
1,556,FeatureAgent,50,50
1,557,FeatureAgent,50,50
1,558,FeatureAgent,50,50
1,559,FeatureAgent,50,50
1,560,FeatureAgent,50,50
1,561,FeatureAgent,50,50
1,562,FeatureAgent,50,50
1,563,FeatureAgent,50,50
1,564,FeatureAgent,50,50
1,565,FeatureAgent,50,50
1,566,FeatureAgent,50,50
1,567,FeatureAgent,50,50
1,568,FeatureAgent,50,50
1,569,FeatureAgent,50,50
1,570,FeatureAgent,50,50
1,571,FeatureAgent,50,50
1,572,FeatureAgent,50,50
1,573,FeatureAgent,50,50
1,574,FeatureAgent,50,50
1,575,FeatureAgent,50,50
1,576,FeatureAgent,50,50
1,577,FeatureAgent,50,50
1,578,FeatureAgent,50,50
1,579,FeatureAgent,50,50
1,580,FeatureAgent,50,50
1,581,FeatureAgent,50,50
1,582,FeatureAgent,50,50
1,583,FeatureAgent,50,50
1,584,FeatureAgent,50,50
1,585,FeatureAgent,50,50
1,586,FeatureAgent,50,-1
1,587,FeatureAgent,50,50
1,588,FeatureAgent,50,50
1,589,FeatureAgent,50,50
1,590,FeatureAgent,50,50
1,591,FeatureAgent,50,50
1,592,FeatureAgent,50,50
1,593,FeatureAgent,50,50
1,594,FeatureAgent,50,50
1,595,FeatureAgent,50,50
1,596,FeatureAgent,50,50
1,597,FeatureAgent,50,50
1,598,FeatureAgent,50,50
1,599,FeatureAgent,28,-23
1,600,FeatureAgent,50,50
1,601,FeatureAgent,50,50
1,602,FeatureAgent,50,50
1,603,FeatureAgent,50,50
1,604,FeatureAgent,50,50
1,605,FeatureAgent,50,50
1,606,FeatureAgent,50,50
1,607,FeatureAgent,50,50
1,608,FeatureAgent,50,50
1,609,FeatureAgent,50,50
1,610,FeatureAgent,50,50
1,611,FeatureAgent,50,50
1,612,FeatureAgent,50,50
1,613,FeatureAgent,50,50
1,614,FeatureAgent,50,50
1,615,FeatureAgent,50,50
1,616,FeatureAgent,50,50
1,617,FeatureAgent,50,50
1,618,FeatureAgent,50,50
1,619,FeatureAgent,50,50
1,620,FeatureAgent,50,50
1,621,FeatureAgent,50,50
1,622,FeatureAgent,50,50
1,623,FeatureAgent,50,50
1,624,FeatureAgent,50,50
1,625,FeatureAgent,50,50
1,626,FeatureAgent,50,50
1,627,FeatureAgent,50,50
1,628,FeatureAgent,50,50
1,629,FeatureAgent,50,50
1,630,FeatureAgent,50,50
1,631,FeatureAgent,50,50
1,632,FeatureAgent,50,50
1,633,FeatureAgent,50,50
1,634,FeatureAgent,50,50
1,635,FeatureAgent,50,50
1,636,FeatureAgent,37,-14
1,637,FeatureAgent,50,50
1,638,FeatureAgent,50,50
1,639,FeatureAgent,50,50
1,640,FeatureAgent,50,50
1,641,FeatureAgent,50,50
1,642,FeatureAgent,50,50
1,643,FeatureAgent,50,50
1,644,FeatureAgent,50,50
1,645,FeatureAgent,50,50
1,646,FeatureAgent,50,50
1,647,FeatureAgent,50,50
1,648,FeatureAgent,50,50
1,649,FeatureAgent,50,50
1,650,FeatureAgent,50,50
1,651,FeatureAgent,50,50
1,652,FeatureAgent,50,50
1,653,FeatureAgent,50,50
1,654,FeatureAgent,50,50
1,655,FeatureAgent,50,50
1,656,FeatureAgent,50,-1
1,657,FeatureAgent,50,50
1,658,FeatureAgent,12,-39
1,659,FeatureAgent,14,14
1,660,FeatureAgent,4,4
1,661,FeatureAgent,11,11
1,662,FeatureAgent,50,50
1,663,FeatureAgent,50,50
1,664,FeatureAgent,50,50
1,665,FeatureAgent,50,50
1,666,FeatureAgent,50,50
1,667,FeatureAgent,50,50
1,668,FeatureAgent,50,50
1,669,FeatureAgent,50,50
1,670,FeatureAgent,50,50
1,671,FeatureAgent,50,50
1,672,FeatureAgent,44,-7
1,673,FeatureAgent,50,50
1,674,FeatureAgent,50,50
1,675,FeatureAgent,50,50
1,676,FeatureAgent,50,50
1,677,FeatureAgent,50,50
1,678,FeatureAgent,50,50
1,679,FeatureAgent,50,50
1,680,FeatureAgent,50,50
1,681,FeatureAgent,50,50
1,682,FeatureAgent,50,50
1,683,FeatureAgent,50,50
1,684,FeatureAgent,50,50
1,685,FeatureAgent,50,50
1,686,FeatureAgent,50,50
1,687,FeatureAgent,50,50
1,688,FeatureAgent,50,50
1,689,FeatureAgent,50,50
1,690,FeatureAgent,50,50
1,691,FeatureAgent,50,-1
1,692,FeatureAgent,50,50
1,693,FeatureAgent,50,50
1,694,FeatureAgent,50,50
1,695,FeatureAgent,50,50
1,696,FeatureAgent,50,50
1,697,FeatureAgent,50,50
1,698,FeatureAgent,50,50
1,699,FeatureAgent,50,50
1,700,FeatureAgent,50,50
1,701,FeatureAgent,8,-43
1,702,FeatureAgent,50,50
1,703,FeatureAgent,50,50
1,704,FeatureAgent,50,50
1,705,FeatureAgent,50,50
1,706,FeatureAgent,50,50
1,707,FeatureAgent,50,50
1,708,FeatureAgent,50,50
1,709,FeatureAgent,50,50
1,710,FeatureAgent,50,50
1,711,FeatureAgent,50,50
1,712,FeatureAgent,50,50
1,713,FeatureAgent,50,50
1,714,FeatureAgent,50,50
1,715,FeatureAgent,50,50
1,716,FeatureAgent,50,50
1,717,FeatureAgent,50,-1
1,718,FeatureAgent,50,50
1,719,FeatureAgent,50,50
1,720,FeatureAgent,50,-1
1,721,FeatureAgent,50,50
1,722,FeatureAgent,50,50
1,723,FeatureAgent,50,50
1,724,FeatureAgent,50,50
1,725,FeatureAgent,50,50
1,726,FeatureAgent,50,50
1,727,FeatureAgent,50,50
1,728,FeatureAgent,50,50
1,729,FeatureAgent,50,-1
1,730,FeatureAgent,50,50
1,731,FeatureAgent,50,50
1,732,FeatureAgent,50,50
1,733,FeatureAgent,50,50
1,734,FeatureAgent,50,50
1,735,FeatureAgent,50,-1
1,736,FeatureAgent,50,50
1,737,FeatureAgent,50,50
1,738,FeatureAgent,50,50
1,739,FeatureAgent,50,50
1,740,FeatureAgent,50,50
1,741,FeatureAgent,50,50
1,742,FeatureAgent,50,50
1,743,FeatureAgent,50,50
1,744,FeatureAgent,50,50
1,745,FeatureAgent,50,50
1,746,FeatureAgent,50,50
1,747,FeatureAgent,50,50
1,748,FeatureAgent,50,50
1,749,FeatureAgent,50,50
1,750,FeatureAgent,50,50
1,751,FeatureAgent,50,50
1,752,FeatureAgent,50,50
1,753,FeatureAgent,50,50
1,754,FeatureAgent,50,50
1,755,FeatureAgent,50,50
1,756,FeatureAgent,50,50
1,757,FeatureAgent,50,50
1,758,FeatureAgent,50,50
1,759,FeatureAgent,50,50
1,760,FeatureAgent,50,50
1,761,FeatureAgent,50,50
1,762,FeatureAgent,50,50
1,763,FeatureAgent,50,-1
1,764,FeatureAgent,50,50
1,765,FeatureAgent,50,50
1,766,FeatureAgent,50,50
1,767,FeatureAgent,50,50
1,768,FeatureAgent,50,50
1,769,FeatureAgent,50,50
1,770,FeatureAgent,50,-1
1,771,FeatureAgent,50,50
1,772,FeatureAgent,50,50
1,773,FeatureAgent,50,50
1,774,FeatureAgent,50,50
1,775,FeatureAgent,50,50
1,776,FeatureAgent,50,50
1,777,FeatureAgent,50,50
1,778,FeatureAgent,50,50
1,779,FeatureAgent,50,50
1,780,FeatureAgent,50,50
1,781,FeatureAgent,50,50
1,782,FeatureAgent,50,50
1,783,FeatureAgent,50,50
1,784,FeatureAgent,50,50
1,785,FeatureAgent,50,50
1,786,FeatureAgent,50,50
1,787,FeatureAgent,50,50
1,788,FeatureAgent,50,50
1,789,FeatureAgent,50,50
1,790,FeatureAgent,50,50
1,791,FeatureAgent,50,50
1,792,FeatureAgent,50,50
1,793,FeatureAgent,50,50
1,794,FeatureAgent,50,50
1,795,FeatureAgent,50,50
1,796,FeatureAgent,50,50
1,797,FeatureAgent,50,50
1,798,FeatureAgent,50,50
1,799,FeatureAgent,50,50
1,800,FeatureAgent,50,50
1,801,FeatureAgent,50,50
1,802,FeatureAgent,50,50
1,803,FeatureAgent,50,50
1,804,FeatureAgent,50,50
1,805,FeatureAgent,50,50
1,806,FeatureAgent,50,50
1,807,FeatureAgent,50,50
1,808,FeatureAgent,50,50
1,809,FeatureAgent,50,50
1,810,FeatureAgent,43,-8
1,811,FeatureAgent,50,50
1,812,FeatureAgent,50,50
1,813,FeatureAgent,50,50
1,814,FeatureAgent,50,50
1,815,FeatureAgent,50,50
1,816,FeatureAgent,50,50
1,817,FeatureAgent,50,50
1,818,FeatureAgent,50,50
1,819,FeatureAgent,50,50
1,820,FeatureAgent,50,50
1,821,FeatureAgent,50,50
1,822,FeatureAgent,50,50
1,823,FeatureAgent,50,50
1,824,FeatureAgent,50,50
1,825,FeatureAgent,50,50
1,826,FeatureAgent,50,50
1,827,FeatureAgent,50,50
1,828,FeatureAgent,50,50
1,829,FeatureAgent,50,50
1,830,FeatureAgent,50,50
1,831,FeatureAgent,50,50
1,832,FeatureAgent,50,50
1,833,FeatureAgent,50,50
1,834,FeatureAgent,50,50
1,835,FeatureAgent,50,50
1,836,FeatureAgent,50,50
1,837,FeatureAgent,50,50
1,838,FeatureAgent,50,50
1,839,FeatureAgent,50,50
1,840,FeatureAgent,50,50
1,841,FeatureAgent,50,50
1,842,FeatureAgent,50,50
1,843,FeatureAgent,50,-1
1,844,FeatureAgent,50,50
1,845,FeatureAgent,41,-10
1,846,FeatureAgent,50,50
1,847,FeatureAgent,50,50
1,848,FeatureAgent,50,50
1,849,FeatureAgent,50,50
1,850,FeatureAgent,50,50
1,851,FeatureAgent,50,50
1,852,FeatureAgent,50,50
1,853,FeatureAgent,50,50
1,854,FeatureAgent,50,50
1,855,FeatureAgent,50,50
1,856,FeatureAgent,50,-1
1,857,FeatureAgent,50,50
1,858,FeatureAgent,50,50
1,859,FeatureAgent,50,50
1,860,FeatureAgent,50,50
1,861,FeatureAgent,50,50
1,862,FeatureAgent,50,50
1,863,FeatureAgent,50,50
1,864,FeatureAgent,50,50
1,865,FeatureAgent,50,-1
1,866,FeatureAgent,50,50
1,867,FeatureAgent,50,50
1,868,FeatureAgent,50,50
1,869,FeatureAgent,50,50
1,870,FeatureAgent,50,50
1,871,FeatureAgent,50,50
1,872,FeatureAgent,50,50
1,873,FeatureAgent,18,-33
1,874,FeatureAgent,50,50
1,875,FeatureAgent,50,50
1,876,FeatureAgent,50,50
1,877,FeatureAgent,50,50
1,878,FeatureAgent,50,50
1,879,FeatureAgent,50,50
1,880,FeatureAgent,50,50
1,881,FeatureAgent,50,50
1,882,FeatureAgent,50,50
1,883,FeatureAgent,50,50
1,884,FeatureAgent,50,50
1,885,FeatureAgent,50,50
1,886,FeatureAgent,50,50
1,887,FeatureAgent,50,50
1,888,FeatureAgent,50,50
1,889,FeatureAgent,50,50
1,890,FeatureAgent,50,50
1,891,FeatureAgent,50,50
1,892,FeatureAgent,50,50
1,893,FeatureAgent,50,50
1,894,FeatureAgent,50,50
1,895,FeatureAgent,50,50
1,896,FeatureAgent,50,50
1,897,FeatureAgent,50,50
1,898,FeatureAgent,50,50
1,899,FeatureAgent,50,50
1,900,FeatureAgent,50,50
1,901,FeatureAgent,50,50
1,902,FeatureAgent,50,50
1,903,FeatureAgent,50,50
1,904,FeatureAgent,50,50
1,905,FeatureAgent,50,50
1,906,FeatureAgent,50,50
1,907,FeatureAgent,50,50
1,908,FeatureAgent,50,50
1,909,FeatureAgent,50,50
1,910,FeatureAgent,50,50
1,911,FeatureAgent,50,50
1,912,FeatureAgent,50,50
1,913,FeatureAgent,50,50
1,914,FeatureAgent,50,50
1,915,FeatureAgent,50,50
1,916,FeatureAgent,50,50
1,917,FeatureAgent,50,50
1,918,FeatureAgent,50,50
1,919,FeatureAgent,50,50
1,920,FeatureAgent,50,50
1,921,FeatureAgent,50,50
1,922,FeatureAgent,50,-1
1,923,FeatureAgent,50,50
1,924,FeatureAgent,50,50
1,925,FeatureAgent,50,50
1,926,FeatureAgent,50,50
1,927,FeatureAgent,50,50
1,928,FeatureAgent,50,50
1,929,FeatureAgent,50,50
1,930,FeatureAgent,50,50
1,931,FeatureAgent,50,50
1,932,FeatureAgent,50,50
1,933,FeatureAgent,50,50
1,934,FeatureAgent,50,50
1,935,FeatureAgent,50,-1
1,936,FeatureAgent,50,50
1,937,FeatureAgent,50,50
1,938,FeatureAgent,50,50
1,939,FeatureAgent,50,50
1,940,FeatureAgent,50,50
1,941,FeatureAgent,50,50
1,942,FeatureAgent,50,50
1,943,FeatureAgent,50,50
1,944,FeatureAgent,50,50
1,945,FeatureAgent,50,50
1,946,FeatureAgent,50,50
1,947,FeatureAgent,50,50
1,948,FeatureAgent,50,50
1,949,FeatureAgent,50,50
1,950,FeatureAgent,50,50
1,951,FeatureAgent,50,50
1,952,FeatureAgent,50,50
1,953,FeatureAgent,50,50
1,954,FeatureAgent,50,50
1,955,FeatureAgent,50,50
1,956,FeatureAgent,50,50
1,957,FeatureAgent,50,50
1,958,FeatureAgent,50,50
1,959,FeatureAgent,50,50
1,960,FeatureAgent,50,50
1,961,FeatureAgent,50,50
1,962,FeatureAgent,50,50
1,963,FeatureAgent,50,50
1,964,FeatureAgent,50,50
1,965,FeatureAgent,50,50
1,966,FeatureAgent,50,50
1,967,FeatureAgent,50,50
1,968,FeatureAgent,50,50
1,969,FeatureAgent,50,50
1,970,FeatureAgent,50,50
1,971,FeatureAgent,50,50
1,972,FeatureAgent,50,50
1,973,FeatureAgent,50,50
1,974,FeatureAgent,50,50
1,975,FeatureAgent,50,50
1,976,FeatureAgent,50,50
1,977,FeatureAgent,50,50
1,978,FeatureAgent,50,50
1,979,FeatureAgent,50,-1
1,980,FeatureAgent,50,50
1,981,FeatureAgent,50,50
1,982,FeatureAgent,50,-1
1,983,FeatureAgent,33,33
1,984,FeatureAgent,50,50
1,985,FeatureAgent,50,50
1,986,FeatureAgent,50,50
1,987,FeatureAgent,50,50
1,988,FeatureAgent,50,50
1,989,FeatureAgent,50,50
1,990,FeatureAgent,50,50
1,991,FeatureAgent,50,50
1,992,FeatureAgent,50,50
1,993,FeatureAgent,50,50
1,994,FeatureAgent,50,50
1,995,FeatureAgent,50,50
1,996,FeatureAgent,50,50
1,997,FeatureAgent,50,50
1,998,FeatureAgent,50,50
1,999,FeatureAgent,50,50
1,1000,FeatureAgent,50,50
2,1,FeatureAgent,24,24
2,2,FeatureAgent,20,20
2,3,FeatureAgent,19,-32
2,4,FeatureAgent,1,1
2,5,FeatureAgent,1,1
2,6,FeatureAgent,1,1
2,7,FeatureAgent,4,4
2,8,FeatureAgent,1,1
2,9,FeatureAgent,2,2
2,10,FeatureAgent,3,3
2,11,FeatureAgent,1,1
2,12,FeatureAgent,1,1
2,13,FeatureAgent,1,1
2,14,FeatureAgent,1,1
2,15,FeatureAgent,1,1
2,16,FeatureAgent,1,1
2,17,FeatureAgent,1,1
2,18,FeatureAgent,2,2
2,19,FeatureAgent,1,1
2,20,FeatureAgent,6,6
2,21,FeatureAgent,3,3
2,22,FeatureAgent,1,1
2,23,FeatureAgent,4,4
2,24,FeatureAgent,4,4
2,25,FeatureAgent,15,15
2,26,FeatureAgent,1,1
2,27,FeatureAgent,1,1
2,28,FeatureAgent,1,1
2,29,FeatureAgent,2,2
2,30,FeatureAgent,2,2
2,31,FeatureAgent,1,1
2,32,FeatureAgent,6,6
2,33,FeatureAgent,3,3
2,34,FeatureAgent,4,4
2,35,FeatureAgent,3,3
2,36,FeatureAgent,1,1
2,37,FeatureAgent,7,7
2,38,FeatureAgent,3,3
2,39,FeatureAgent,5,5
2,40,FeatureAgent,1,1
2,41,FeatureAgent,5,5
2,42,FeatureAgent,3,3
2,43,FeatureAgent,3,3
2,44,FeatureAgent,1,1
2,45,FeatureAgent,50,50
2,46,FeatureAgent,50,50
2,47,FeatureAgent,50,50
2,48,FeatureAgent,4,-47
2,49,FeatureAgent,1,1
2,50,FeatureAgent,1,1
2,51,FeatureAgent,1,1
2,52,FeatureAgent,2,2
2,53,FeatureAgent,1,1
2,54,FeatureAgent,1,1
2,55,FeatureAgent,1,1
2,56,FeatureAgent,1,1
2,57,FeatureAgent,3,3
2,58,FeatureAgent,1,1
2,59,FeatureAgent,1,1
2,60,FeatureAgent,1,1
2,61,FeatureAgent,1,1
2,62,FeatureAgent,1,1
2,63,FeatureAgent,1,1
2,64,FeatureAgent,1,1
2,65,FeatureAgent,1,1
2,66,FeatureAgent,1,1
2,67,FeatureAgent,1,1
2,68,FeatureAgent,3,3
2,69,FeatureAgent,1,1
2,70,FeatureAgent,1,1
2,71,FeatureAgent,1,1
2,72,FeatureAgent,1,1
2,73,FeatureAgent,1,1
2,74,FeatureAgent,1,1
2,75,FeatureAgent,1,1
2,76,FeatureAgent,1,1
2,77,FeatureAgent,1,1
2,78,FeatureAgent,1,1
2,79,FeatureAgent,1,1
2,80,FeatureAgent,1,1
2,81,FeatureAgent,2,2
2,82,FeatureAgent,1,1
2,83,FeatureAgent,1,1
2,84,FeatureAgent,1,1
2,85,FeatureAgent,1,1
2,86,FeatureAgent,1,1
2,87,FeatureAgent,3,3
2,88,FeatureAgent,1,1
2,89,FeatureAgent,1,1
2,90,FeatureAgent,1,1
2,91,FeatureAgent,1,1
2,92,FeatureAgent,1,1
2,93,FeatureAgent,1,1
2,94,FeatureAgent,1,1
2,95,FeatureAgent,2,2
2,96,FeatureAgent,1,1
2,97,FeatureAgent,2,2
2,98,FeatureAgent,1,1
2,99,FeatureAgent,2,2
2,100,FeatureAgent,10,10
2,101,FeatureAgent,5,5
2,102,FeatureAgent,2,2
2,103,FeatureAgent,50,50
2,104,FeatureAgent,50,50
2,105,FeatureAgent,50,50
2,106,FeatureAgent,50,50
2,107,FeatureAgent,50,50
2,108,FeatureAgent,50,50
2,109,FeatureAgent,6,-45
2,110,FeatureAgent,1,1
2,111,FeatureAgent,1,1
2,112,FeatureAgent,1,1
2,113,FeatureAgent,1,1
2,114,FeatureAgent,1,1
2,115,FeatureAgent,1,1
2,116,FeatureAgent,1,1
2,117,FeatureAgent,1,1
2,118,FeatureAgent,1,1
2,119,FeatureAgent,1,1
2,120,FeatureAgent,1,1
2,121,FeatureAgent,1,1
2,122,FeatureAgent,1,1
2,123,FeatureAgent,1,1
2,124,FeatureAgent,1,1
2,125,FeatureAgent,1,1
2,126,FeatureAgent,1,1
2,127,FeatureAgent,1,1
2,128,FeatureAgent,2,2
2,129,FeatureAgent,1,1
2,130,FeatureAgent,1,1
2,131,FeatureAgent,1,1
2,132,FeatureAgent,1,1
2,133,FeatureAgent,2,2
2,134,FeatureAgent,4,4
2,135,FeatureAgent,2,2
2,136,FeatureAgent,1,1
2,137,FeatureAgent,3,3
2,138,FeatureAgent,1,1
2,139,FeatureAgent,1,1
2,140,FeatureAgent,1,1
2,141,FeatureAgent,9,9
2,142,FeatureAgent,50,50
2,143,FeatureAgent,50,50
2,144,FeatureAgent,50,50
2,145,FeatureAgent,50,50
2,146,FeatureAgent,50,50
2,147,FeatureAgent,50,50
2,148,FeatureAgent,50,50
2,149,FeatureAgent,50,50
2,150,FeatureAgent,50,50
2,151,FeatureAgent,50,50
2,152,FeatureAgent,50,50
2,153,FeatureAgent,50,50
2,154,FeatureAgent,50,50
2,155,FeatureAgent,50,50
2,156,FeatureAgent,50,50
2,157,FeatureAgent,50,50
2,158,FeatureAgent,50,50
2,159,FeatureAgent,42,-9
2,160,FeatureAgent,2,2
2,161,FeatureAgent,1,1
2,162,FeatureAgent,1,1
2,163,FeatureAgent,1,1
2,164,FeatureAgent,2,2
2,165,FeatureAgent,2,2
2,166,FeatureAgent,1,1
2,167,FeatureAgent,3,3
2,168,FeatureAgent,1,1
2,169,FeatureAgent,1,1
2,170,FeatureAgent,2,2
2,171,FeatureAgent,2,2
2,172,FeatureAgent,7,7
2,173,FeatureAgent,50,50
2,174,FeatureAgent,21,-30
2,175,FeatureAgent,27,27
2,176,FeatureAgent,50,50
2,177,FeatureAgent,50,50
2,178,FeatureAgent,50,50
2,179,FeatureAgent,50,50
2,180,FeatureAgent,50,50
2,181,FeatureAgent,50,50
2,182,FeatureAgent,50,50
2,183,FeatureAgent,50,50
2,184,FeatureAgent,50,50
2,185,FeatureAgent,47,-4
2,186,FeatureAgent,2,2
2,187,FeatureAgent,2,2
2,188,FeatureAgent,1,1
2,189,FeatureAgent,1,1
2,190,FeatureAgent,1,1
2,191,FeatureAgent,1,1
2,192,FeatureAgent,11,11
2,193,FeatureAgent,2,2
2,194,FeatureAgent,15,15
2,195,FeatureAgent,50,50
2,196,FeatureAgent,50,50
2,197,FeatureAgent,50,50
2,198,FeatureAgent,50,50
2,199,FeatureAgent,50,50
2,200,FeatureAgent,50,50
2,201,FeatureAgent,50,50
2,202,FeatureAgent,50,50
2,203,FeatureAgent,50,50
2,204,FeatureAgent,50,50
2,205,FeatureAgent,50,50
2,206,FeatureAgent,50,50
2,207,FeatureAgent,50,50
2,208,FeatureAgent,50,50
2,209,FeatureAgent,50,50
2,210,FeatureAgent,50,50
2,211,FeatureAgent,50,50
2,212,FeatureAgent,50,50
2,213,FeatureAgent,50,50
2,214,FeatureAgent,50,50
2,215,FeatureAgent,50,50
2,216,FeatureAgent,50,50
2,217,FeatureAgent,50,50
2,218,FeatureAgent,50,50
2,219,FeatureAgent,50,50
2,220,FeatureAgent,50,50
2,221,FeatureAgent,50,50
2,222,FeatureAgent,50,50
2,223,FeatureAgent,50,50
2,224,FeatureAgent,50,50
2,225,FeatureAgent,50,50
2,226,FeatureAgent,50,50
2,227,FeatureAgent,50,50
2,228,FeatureAgent,50,50
2,229,FeatureAgent,50,50
2,230,FeatureAgent,50,50
2,231,FeatureAgent,50,50
2,232,FeatureAgent,50,50
2,233,FeatureAgent,50,50
2,234,FeatureAgent,50,50
2,235,FeatureAgent,50,50
2,236,FeatureAgent,50,50
2,237,FeatureAgent,50,50
2,238,FeatureAgent,50,50
2,239,FeatureAgent,50,50
2,240,FeatureAgent,50,50
2,241,FeatureAgent,50,50
2,242,FeatureAgent,50,50
2,243,FeatureAgent,50,50
2,244,FeatureAgent,50,50
2,245,FeatureAgent,50,50
2,246,FeatureAgent,50,50
2,247,FeatureAgent,50,50
2,248,FeatureAgent,50,50
2,249,FeatureAgent,50,50
2,250,FeatureAgent,50,50
2,251,FeatureAgent,50,50
2,252,FeatureAgent,50,50
2,253,FeatureAgent,50,50
2,254,FeatureAgent,50,50
2,255,FeatureAgent,9,-42
2,256,FeatureAgent,50,50
2,257,FeatureAgent,47,47
2,258,FeatureAgent,50,50
2,259,FeatureAgent,47,-4
2,260,FeatureAgent,50,50
2,261,FeatureAgent,50,50
2,262,FeatureAgent,50,50
2,263,FeatureAgent,50,50
2,264,FeatureAgent,50,50
2,265,FeatureAgent,50,50
2,266,FeatureAgent,50,50
2,267,FeatureAgent,50,50
2,268,FeatureAgent,50,50
2,269,FeatureAgent,50,50
2,270,FeatureAgent,50,50
2,271,FeatureAgent,15,-36
2,272,FeatureAgent,6,6
2,273,FeatureAgent,6,6
2,274,FeatureAgent,50,50
2,275,FeatureAgent,31,31
2,276,FeatureAgent,50,50
2,277,FeatureAgent,50,50
2,278,FeatureAgent,50,50
2,279,FeatureAgent,50,50
2,280,FeatureAgent,50,50
2,281,FeatureAgent,50,50
2,282,FeatureAgent,50,50
2,283,FeatureAgent,50,50
2,284,FeatureAgent,50,50
2,285,FeatureAgent,50,50
2,286,FeatureAgent,50,50
2,287,FeatureAgent,34,-17
2,288,FeatureAgent,2,2
2,289,FeatureAgent,13,13
2,290,FeatureAgent,43,43
2,291,FeatureAgent,50,50
2,292,FeatureAgent,50,50
2,293,FeatureAgent,50,50
2,294,FeatureAgent,50,50
2,295,FeatureAgent,50,50
2,296,FeatureAgent,50,50
2,297,FeatureAgent,50,50
2,298,FeatureAgent,50,50
2,299,FeatureAgent,48,-3
2,300,FeatureAgent,7,7
2,301,FeatureAgent,43,43
2,302,FeatureAgent,50,50
2,303,FeatureAgent,50,50
2,304,FeatureAgent,50,50
2,305,FeatureAgent,50,50
2,306,FeatureAgent,50,50
2,307,FeatureAgent,50,50
2,308,FeatureAgent,50,50
2,309,FeatureAgent,50,50
2,310,FeatureAgent,50,50
2,311,FeatureAgent,50,50
2,312,FeatureAgent,50,50
2,313,FeatureAgent,50,50
2,314,FeatureAgent,50,50
2,315,FeatureAgent,19,-32
2,316,FeatureAgent,2,2
2,317,FeatureAgent,2,2
2,318,FeatureAgent,14,14
2,319,FeatureAgent,10,10
2,320,FeatureAgent,3,3
2,321,FeatureAgent,50,50
2,322,FeatureAgent,41,-10
2,323,FeatureAgent,2,2
2,324,FeatureAgent,1,1
2,325,FeatureAgent,1,1
2,326,FeatureAgent,1,1
2,327,FeatureAgent,1,1
2,328,FeatureAgent,1,1
2,329,FeatureAgent,1,1
2,330,FeatureAgent,1,1
2,331,FeatureAgent,1,1
2,332,FeatureAgent,1,1
2,333,FeatureAgent,1,1
2,334,FeatureAgent,1,1
2,335,FeatureAgent,1,1
2,336,FeatureAgent,1,1
2,337,FeatureAgent,1,1
2,338,FeatureAgent,1,1
2,339,FeatureAgent,1,1
2,340,FeatureAgent,50,50
2,341,FeatureAgent,50,50
2,342,FeatureAgent,50,-1
2,343,FeatureAgent,1,1
2,344,FeatureAgent,1,1
2,345,FeatureAgent,2,2
2,346,FeatureAgent,1,1
2,347,FeatureAgent,1,1
2,348,FeatureAgent,1,1
2,349,FeatureAgent,4,4
2,350,FeatureAgent,1,1
2,351,FeatureAgent,1,1
2,352,FeatureAgent,3,3
2,353,FeatureAgent,50,50
2,354,FeatureAgent,50,50
2,355,FeatureAgent,50,50
2,356,FeatureAgent,50,50
2,357,FeatureAgent,50,50
2,358,FeatureAgent,50,50
2,359,FeatureAgent,50,50
2,360,FeatureAgent,50,50
2,361,FeatureAgent,50,50
2,362,FeatureAgent,50,50
2,363,FeatureAgent,27,-24
2,364,FeatureAgent,7,7
2,365,FeatureAgent,7,7
2,366,FeatureAgent,1,1
2,367,FeatureAgent,4,4
2,368,FeatureAgent,5,5
2,369,FeatureAgent,5,5
2,370,FeatureAgent,50,50
2,371,FeatureAgent,50,50
2,372,FeatureAgent,50,50
2,373,FeatureAgent,50,50
2,374,FeatureAgent,50,50
2,375,FeatureAgent,50,50
2,376,FeatureAgent,50,50
2,377,FeatureAgent,50,50
2,378,FeatureAgent,50,50
2,379,FeatureAgent,50,50
2,380,FeatureAgent,50,50
2,381,FeatureAgent,50,50
2,382,FeatureAgent,50,50
2,383,FeatureAgent,50,50
2,384,FeatureAgent,50,50
2,385,FeatureAgent,25,-26
2,386,FeatureAgent,1,1
2,387,FeatureAgent,26,26
2,388,FeatureAgent,50,50
2,389,FeatureAgent,50,50
2,390,FeatureAgent,50,50
2,391,FeatureAgent,50,50
2,392,FeatureAgent,50,50
2,393,FeatureAgent,50,50
2,394,FeatureAgent,50,50
2,395,FeatureAgent,50,50
2,396,FeatureAgent,50,50
2,397,FeatureAgent,50,50
2,398,FeatureAgent,50,50
2,399,FeatureAgent,50,50
2,400,FeatureAgent,50,50
2,401,FeatureAgent,50,50
2,402,FeatureAgent,50,50
2,403,FeatureAgent,50,50
2,404,FeatureAgent,50,50
2,405,FeatureAgent,50,50
2,406,FeatureAgent,50,50
2,407,FeatureAgent,50,50
2,408,FeatureAgent,50,50
2,409,FeatureAgent,50,50
2,410,FeatureAgent,50,50
2,411,FeatureAgent,50,50
2,412,FeatureAgent,50,50
2,413,FeatureAgent,50,50
2,414,FeatureAgent,50,50
2,415,FeatureAgent,50,50
2,416,FeatureAgent,50,50
2,417,FeatureAgent,50,50
2,418,FeatureAgent,50,50
2,419,FeatureAgent,50,-1
2,420,FeatureAgent,4,4
2,421,FeatureAgent,50,50
2,422,FeatureAgent,50,50
2,423,FeatureAgent,50,50
2,424,FeatureAgent,50,50
2,425,FeatureAgent,50,50
2,426,FeatureAgent,50,50
2,427,FeatureAgent,50,50
2,428,FeatureAgent,50,50
2,429,FeatureAgent,50,50
2,430,FeatureAgent,50,50
2,431,FeatureAgent,50,50
2,432,FeatureAgent,50,-1
2,433,FeatureAgent,50,50
2,434,FeatureAgent,50,50
2,435,FeatureAgent,50,50
2,436,FeatureAgent,50,50
2,437,FeatureAgent,50,50
2,438,FeatureAgent,50,50
2,439,FeatureAgent,50,50
2,440,FeatureAgent,50,50
2,441,FeatureAgent,50,50
2,442,FeatureAgent,50,50
2,443,FeatureAgent,50,50
2,444,FeatureAgent,50,50
2,445,FeatureAgent,50,50
2,446,FeatureAgent,50,50
2,447,FeatureAgent,50,50
2,448,FeatureAgent,50,50
2,449,FeatureAgent,50,50
2,450,FeatureAgent,50,50
2,451,FeatureAgent,50,50
2,452,FeatureAgent,50,50
2,453,FeatureAgent,50,50
2,454,FeatureAgent,50,50
2,455,FeatureAgent,50,-1
2,456,FeatureAgent,50,50
2,457,FeatureAgent,50,50
2,458,FeatureAgent,50,50
2,459,FeatureAgent,50,50
2,460,FeatureAgent,50,50
2,461,FeatureAgent,50,50
2,462,FeatureAgent,50,50
2,463,FeatureAgent,50,50
2,464,FeatureAgent,50,50
2,465,FeatureAgent,50,50
2,466,FeatureAgent,50,50
2,467,FeatureAgent,50,50
2,468,FeatureAgent,50,50
2,469,FeatureAgent,50,50
2,470,FeatureAgent,50,50
2,471,FeatureAgent,50,50
2,472,FeatureAgent,50,50
2,473,FeatureAgent,50,-1
2,474,FeatureAgent,50,50
2,475,FeatureAgent,50,50
2,476,FeatureAgent,50,50
2,477,FeatureAgent,50,50
2,478,FeatureAgent,50,50
2,479,FeatureAgent,50,50
2,480,FeatureAgent,50,50
2,481,FeatureAgent,50,50
2,482,FeatureAgent,50,50
2,483,FeatureAgent,50,50
2,484,FeatureAgent,50,50
2,485,FeatureAgent,50,50
2,486,FeatureAgent,50,50
2,487,FeatureAgent,50,50
2,488,FeatureAgent,50,50
2,489,FeatureAgent,50,50
2,490,FeatureAgent,50,50
2,491,FeatureAgent,50,50
2,492,FeatureAgent,50,50
2,493,FeatureAgent,50,50
2,494,FeatureAgent,50,50
2,495,FeatureAgent,50,50
2,496,FeatureAgent,50,50
2,497,FeatureAgent,50,50
2,498,FeatureAgent,50,50
2,499,FeatureAgent,50,50
2,500,FeatureAgent,50,50
2,501,FeatureAgent,50,50
2,502,FeatureAgent,50,50
2,503,FeatureAgent,46,-5
2,504,FeatureAgent,50,50
2,505,FeatureAgent,50,50
2,506,FeatureAgent,50,50
2,507,FeatureAgent,50,50
2,508,FeatureAgent,50,50
2,509,FeatureAgent,50,50
2,510,FeatureAgent,50,50
2,511,FeatureAgent,50,-1
2,512,FeatureAgent,50,50
2,513,FeatureAgent,50,50
2,514,FeatureAgent,50,50
2,515,FeatureAgent,50,-1
2,516,FeatureAgent,50,50
2,517,FeatureAgent,50,50
2,518,FeatureAgent,50,50
2,519,FeatureAgent,50,50
2,520,FeatureAgent,50,50
2,521,FeatureAgent,50,50
2,522,FeatureAgent,50,50
2,523,FeatureAgent,50,50
2,524,FeatureAgent,50,50
2,525,FeatureAgent,50,50
2,526,FeatureAgent,50,50
2,527,FeatureAgent,50,50
2,528,FeatureAgent,50,50
2,529,FeatureAgent,50,50
2,530,FeatureAgent,50,50
2,531,FeatureAgent,50,50
2,532,FeatureAgent,21,-30
2,533,FeatureAgent,50,50
2,534,FeatureAgent,50,50
2,535,FeatureAgent,50,50
2,536,FeatureAgent,50,50
2,537,FeatureAgent,50,50
2,538,FeatureAgent,50,50
2,539,FeatureAgent,50,50
2,540,FeatureAgent,50,50
2,541,FeatureAgent,50,50
2,542,FeatureAgent,50,50
2,543,FeatureAgent,50,50
2,544,FeatureAgent,50,50
2,545,FeatureAgent,50,50
2,546,FeatureAgent,50,50
2,547,FeatureAgent,50,50
2,548,FeatureAgent,50,50
2,549,FeatureAgent,50,50
2,550,FeatureAgent,50,50
2,551,FeatureAgent,50,50
2,552,FeatureAgent,50,50
2,553,FeatureAgent,50,50
2,554,FeatureAgent,50,50
2,555,FeatureAgent,50,50
2,556,FeatureAgent,50,50
2,557,FeatureAgent,50,50
2,558,FeatureAgent,50,50
2,559,FeatureAgent,50,50
2,560,FeatureAgent,50,50
2,561,FeatureAgent,50,50
2,562,FeatureAgent,50,50
2,563,FeatureAgent,50,50
2,564,FeatureAgent,50,50
2,565,FeatureAgent,50,50
2,566,FeatureAgent,50,50
2,567,FeatureAgent,50,50
2,568,FeatureAgent,50,50
2,569,FeatureAgent,50,50
2,570,FeatureAgent,50,50
2,571,FeatureAgent,50,50
2,572,FeatureAgent,50,50
2,573,FeatureAgent,50,50
2,574,FeatureAgent,50,50
2,575,FeatureAgent,50,50
2,576,FeatureAgent,50,50
2,577,FeatureAgent,50,50
2,578,FeatureAgent,50,50
2,579,FeatureAgent,50,50
2,580,FeatureAgent,50,50
2,581,FeatureAgent,50,50
2,582,FeatureAgent,50,50
2,583,FeatureAgent,50,50
2,584,FeatureAgent,50,50
2,585,FeatureAgent,50,50
2,586,FeatureAgent,50,50
2,587,FeatureAgent,50,50
2,588,FeatureAgent,50,50
2,589,FeatureAgent,50,50
2,590,FeatureAgent,50,50
2,591,FeatureAgent,50,50
2,592,FeatureAgent,50,50
2,593,FeatureAgent,50,50
2,594,FeatureAgent,50,50
2,595,FeatureAgent,50,50
2,596,FeatureAgent,50,50
2,597,FeatureAgent,50,50
2,598,FeatureAgent,50,50
2,599,FeatureAgent,50,50
2,600,FeatureAgent,50,50
2,601,FeatureAgent,50,-1
2,602,FeatureAgent,50,50
2,603,FeatureAgent,50,50
2,604,FeatureAgent,50,50
2,605,FeatureAgent,50,50
2,606,FeatureAgent,50,50
2,607,FeatureAgent,50,50
2,608,FeatureAgent,50,50
2,609,FeatureAgent,50,50
2,610,FeatureAgent,50,50
2,611,FeatureAgent,50,50
2,612,FeatureAgent,50,50
2,613,FeatureAgent,50,50
2,614,FeatureAgent,50,50
2,615,FeatureAgent,50,50
2,616,FeatureAgent,50,50
2,617,FeatureAgent,50,50
2,618,FeatureAgent,50,50
2,619,FeatureAgent,50,50
2,620,FeatureAgent,50,50
2,621,FeatureAgent,50,50
2,622,FeatureAgent,50,50
2,623,FeatureAgent,50,50
2,624,FeatureAgent,50,50
2,625,FeatureAgent,50,50
2,626,FeatureAgent,50,50
2,627,FeatureAgent,50,50
2,628,FeatureAgent,50,50
2,629,FeatureAgent,50,50
2,630,FeatureAgent,50,50
2,631,FeatureAgent,50,50
2,632,FeatureAgent,50,50
2,633,FeatureAgent,50,50
2,634,FeatureAgent,50,50
2,635,FeatureAgent,50,50
2,636,FeatureAgent,50,50
2,637,FeatureAgent,50,50
2,638,FeatureAgent,50,50
2,639,FeatureAgent,50,50
2,640,FeatureAgent,50,50
2,641,FeatureAgent,50,50
2,642,FeatureAgent,50,50
2,643,FeatureAgent,50,50
2,644,FeatureAgent,50,50
2,645,FeatureAgent,50,50
2,646,FeatureAgent,50,50
2,647,FeatureAgent,50,50
2,648,FeatureAgent,50,50
2,649,FeatureAgent,50,50
2,650,FeatureAgent,50,50
2,651,FeatureAgent,50,50
2,652,FeatureAgent,50,50
2,653,FeatureAgent,50,50
2,654,FeatureAgent,50,50
2,655,FeatureAgent,50,50
2,656,FeatureAgent,50,50
2,657,FeatureAgent,50,50
2,658,FeatureAgent,50,50
2,659,FeatureAgent,50,50
2,660,FeatureAgent,50,50
2,661,FeatureAgent,50,50
2,662,FeatureAgent,50,50
2,663,FeatureAgent,50,50
2,664,FeatureAgent,50,50
2,665,FeatureAgent,50,50
2,666,FeatureAgent,50,50
2,667,FeatureAgent,50,50
2,668,FeatureAgent,50,50
2,669,FeatureAgent,50,50
2,670,FeatureAgent,50,-1
2,671,FeatureAgent,50,50
2,672,FeatureAgent,50,50
2,673,FeatureAgent,50,50
2,674,FeatureAgent,50,50
2,675,FeatureAgent,50,50
2,676,FeatureAgent,50,50
2,677,FeatureAgent,50,50
2,678,FeatureAgent,50,50
2,679,FeatureAgent,50,50
2,680,FeatureAgent,50,50
2,681,FeatureAgent,50,50
2,682,FeatureAgent,50,50
2,683,FeatureAgent,50,50
2,684,FeatureAgent,50,50
2,685,FeatureAgent,50,50
2,686,FeatureAgent,50,50
2,687,FeatureAgent,50,50
2,688,FeatureAgent,50,50
2,689,FeatureAgent,50,50
2,690,FeatureAgent,50,50
2,691,FeatureAgent,50,50
2,692,FeatureAgent,50,50
2,693,FeatureAgent,50,50
2,694,FeatureAgent,50,50
2,695,FeatureAgent,50,50
2,696,FeatureAgent,50,50
2,697,FeatureAgent,50,50
2,698,FeatureAgent,50,50
2,699,FeatureAgent,50,50
2,700,FeatureAgent,50,50
2,701,FeatureAgent,50,50
2,702,FeatureAgent,50,50
2,703,FeatureAgent,50,50
2,704,FeatureAgent,50,50
2,705,FeatureAgent,50,50
2,706,FeatureAgent,50,50
2,707,FeatureAgent,50,50
2,708,FeatureAgent,50,50
2,709,FeatureAgent,50,50
2,710,FeatureAgent,50,50
2,711,FeatureAgent,50,50
2,712,FeatureAgent,50,50
2,713,FeatureAgent,50,50
2,714,FeatureAgent,50,50
2,715,FeatureAgent,50,50
2,716,FeatureAgent,50,50
2,717,FeatureAgent,50,-1
2,718,FeatureAgent,50,50
2,719,FeatureAgent,50,50
2,720,FeatureAgent,50,50
2,721,FeatureAgent,50,50
2,722,FeatureAgent,50,50
2,723,FeatureAgent,50,50
2,724,FeatureAgent,50,50
2,725,FeatureAgent,50,50
2,726,FeatureAgent,50,50
2,727,FeatureAgent,50,50
2,728,FeatureAgent,50,50
2,729,FeatureAgent,50,50
2,730,FeatureAgent,50,50
2,731,FeatureAgent,50,50
2,732,FeatureAgent,50,50
2,733,FeatureAgent,50,50
2,734,FeatureAgent,50,50
2,735,FeatureAgent,50,50
2,736,FeatureAgent,50,50
2,737,FeatureAgent,50,50
2,738,FeatureAgent,50,50
2,739,FeatureAgent,50,50
2,740,FeatureAgent,50,50
2,741,FeatureAgent,50,50
2,742,FeatureAgent,50,50
2,743,FeatureAgent,50,50
2,744,FeatureAgent,50,50
2,745,FeatureAgent,50,50
2,746,FeatureAgent,50,50
2,747,FeatureAgent,50,50
2,748,FeatureAgent,50,50
2,749,FeatureAgent,50,50
2,750,FeatureAgent,50,50
2,751,FeatureAgent,50,50
2,752,FeatureAgent,50,50
2,753,FeatureAgent,50,50
2,754,FeatureAgent,50,50
2,755,FeatureAgent,50,50
2,756,FeatureAgent,50,50
2,757,FeatureAgent,50,50
2,758,FeatureAgent,50,50
2,759,FeatureAgent,50,50
2,760,FeatureAgent,50,50
2,761,FeatureAgent,50,50
2,762,FeatureAgent,50,50
2,763,FeatureAgent,50,50
2,764,FeatureAgent,50,50
2,765,FeatureAgent,50,50
2,766,FeatureAgent,50,50
2,767,FeatureAgent,50,50
2,768,FeatureAgent,50,50
2,769,FeatureAgent,50,50
2,770,FeatureAgent,50,50
2,771,FeatureAgent,50,50
2,772,FeatureAgent,50,50
2,773,FeatureAgent,50,-1
2,774,FeatureAgent,50,50
2,775,FeatureAgent,50,50
2,776,FeatureAgent,50,50
2,777,FeatureAgent,50,50
2,778,FeatureAgent,50,50
2,779,FeatureAgent,50,50
2,780,FeatureAgent,50,50
2,781,FeatureAgent,50,50
2,782,FeatureAgent,50,50
2,783,FeatureAgent,50,50
2,784,FeatureAgent,50,50
2,785,FeatureAgent,50,50
2,786,FeatureAgent,50,50
2,787,FeatureAgent,50,50
2,788,FeatureAgent,50,50
2,789,FeatureAgent,50,50
2,790,FeatureAgent,50,50
2,791,FeatureAgent,50,50
2,792,FeatureAgent,50,50
2,793,FeatureAgent,50,50
2,794,FeatureAgent,50,50
2,795,FeatureAgent,50,50
2,796,FeatureAgent,50,50
2,797,FeatureAgent,33,-18
2,798,FeatureAgent,50,50
2,799,FeatureAgent,50,50
2,800,FeatureAgent,50,50
2,801,FeatureAgent,50,50
2,802,FeatureAgent,50,50
2,803,FeatureAgent,50,50
2,804,FeatureAgent,50,50
2,805,FeatureAgent,50,50
2,806,FeatureAgent,50,50
2,807,FeatureAgent,50,50
2,808,FeatureAgent,50,50
2,809,FeatureAgent,50,50
2,810,FeatureAgent,50,50
2,811,FeatureAgent,50,50
2,812,FeatureAgent,50,50
2,813,FeatureAgent,50,50
2,814,FeatureAgent,50,50
2,815,FeatureAgent,50,50
2,816,FeatureAgent,50,50
2,817,FeatureAgent,50,50
2,818,FeatureAgent,50,50
2,819,FeatureAgent,50,50
2,820,FeatureAgent,50,50
2,821,FeatureAgent,50,50
2,822,FeatureAgent,50,50
2,823,FeatureAgent,50,50
2,824,FeatureAgent,50,50
2,825,FeatureAgent,50,50
2,826,FeatureAgent,50,50
2,827,FeatureAgent,50,50
2,828,FeatureAgent,50,50
2,829,FeatureAgent,50,50
2,830,FeatureAgent,50,-1
2,831,FeatureAgent,50,50
2,832,FeatureAgent,50,50
2,833,FeatureAgent,50,50
2,834,FeatureAgent,50,50
2,835,FeatureAgent,50,50
2,836,FeatureAgent,50,50
2,837,FeatureAgent,50,50
2,838,FeatureAgent,50,50
2,839,FeatureAgent,50,50
2,840,FeatureAgent,50,50
2,841,FeatureAgent,50,50
2,842,FeatureAgent,50,50
2,843,FeatureAgent,50,50
2,844,FeatureAgent,50,50
2,845,FeatureAgent,50,50
2,846,FeatureAgent,50,50
2,847,FeatureAgent,50,50
2,848,FeatureAgent,50,50
2,849,FeatureAgent,50,50
2,850,FeatureAgent,50,50
2,851,FeatureAgent,50,50
2,852,FeatureAgent,50,50
2,853,FeatureAgent,50,50
2,854,FeatureAgent,50,50
2,855,FeatureAgent,50,50
2,856,FeatureAgent,50,50
2,857,FeatureAgent,50,50
2,858,FeatureAgent,50,50
2,859,FeatureAgent,50,50
2,860,FeatureAgent,50,50
2,861,FeatureAgent,50,50
2,862,FeatureAgent,50,50
2,863,FeatureAgent,50,50
2,864,FeatureAgent,50,-1
2,865,FeatureAgent,50,50
2,866,FeatureAgent,50,50
2,867,FeatureAgent,50,50
2,868,FeatureAgent,50,50
2,869,FeatureAgent,50,50
2,870,FeatureAgent,50,50
2,871,FeatureAgent,50,50
2,872,FeatureAgent,50,50
2,873,FeatureAgent,50,50
2,874,FeatureAgent,50,50
2,875,FeatureAgent,50,50
2,876,FeatureAgent,50,50
2,877,FeatureAgent,50,50
2,878,FeatureAgent,50,50
2,879,FeatureAgent,50,50
2,880,FeatureAgent,50,50
2,881,FeatureAgent,50,50
2,882,FeatureAgent,50,50
2,883,FeatureAgent,50,50
2,884,FeatureAgent,50,50
2,885,FeatureAgent,50,50
2,886,FeatureAgent,50,-1
2,887,FeatureAgent,50,50
2,888,FeatureAgent,50,-1
2,889,FeatureAgent,50,50
2,890,FeatureAgent,50,50
2,891,FeatureAgent,50,50
2,892,FeatureAgent,50,50
2,893,FeatureAgent,50,50
2,894,FeatureAgent,50,-1
2,895,FeatureAgent,50,50
2,896,FeatureAgent,50,50
2,897,FeatureAgent,50,50
2,898,FeatureAgent,50,50
2,899,FeatureAgent,50,50
2,900,FeatureAgent,50,50
2,901,FeatureAgent,50,50
2,902,FeatureAgent,50,50
2,903,FeatureAgent,50,-1
2,904,FeatureAgent,50,50
2,905,FeatureAgent,50,50
2,906,FeatureAgent,50,50
2,907,FeatureAgent,50,50
2,908,FeatureAgent,50,50
2,909,FeatureAgent,50,50
2,910,FeatureAgent,50,50
2,911,FeatureAgent,50,50
2,912,FeatureAgent,50,50
2,913,FeatureAgent,50,50
2,914,FeatureAgent,50,50
2,915,FeatureAgent,50,50
2,916,FeatureAgent,50,-1
2,917,FeatureAgent,50,50
2,918,FeatureAgent,50,50
2,919,FeatureAgent,50,50
2,920,FeatureAgent,50,50
2,921,FeatureAgent,50,50
2,922,FeatureAgent,50,50
2,923,FeatureAgent,50,50
2,924,FeatureAgent,50,50
2,925,FeatureAgent,50,50
2,926,FeatureAgent,50,50
2,927,FeatureAgent,50,50
2,928,FeatureAgent,50,50
2,929,FeatureAgent,50,50
2,930,FeatureAgent,50,50
2,931,FeatureAgent,50,50
2,932,FeatureAgent,50,50
2,933,FeatureAgent,50,50
2,934,FeatureAgent,50,50
2,935,FeatureAgent,50,50
2,936,FeatureAgent,50,50
2,937,FeatureAgent,50,50
2,938,FeatureAgent,50,50
2,939,FeatureAgent,50,50
2,940,FeatureAgent,50,50
2,941,FeatureAgent,50,50
2,942,FeatureAgent,50,50
2,943,FeatureAgent,50,50
2,944,FeatureAgent,50,50
2,945,FeatureAgent,50,50
2,946,FeatureAgent,50,50
2,947,FeatureAgent,50,50
2,948,FeatureAgent,50,50
2,949,FeatureAgent,50,50
2,950,FeatureAgent,50,50
2,951,FeatureAgent,50,50
2,952,FeatureAgent,50,50
2,953,FeatureAgent,50,50
2,954,FeatureAgent,50,50
2,955,FeatureAgent,50,50
2,956,FeatureAgent,50,-1
2,957,FeatureAgent,50,50
2,958,FeatureAgent,50,50
2,959,FeatureAgent,50,50
2,960,FeatureAgent,50,50
2,961,FeatureAgent,50,50
2,962,FeatureAgent,50,50
2,963,FeatureAgent,50,50
2,964,FeatureAgent,50,50
2,965,FeatureAgent,50,50
2,966,FeatureAgent,50,50
2,967,FeatureAgent,50,50
2,968,FeatureAgent,50,50
2,969,FeatureAgent,50,50
2,970,FeatureAgent,50,50
2,971,FeatureAgent,50,50
2,972,FeatureAgent,50,50
2,973,FeatureAgent,50,50
2,974,FeatureAgent,50,50
2,975,FeatureAgent,50,50
2,976,FeatureAgent,50,50
2,977,FeatureAgent,50,50
2,978,FeatureAgent,50,50
2,979,FeatureAgent,50,50
2,980,FeatureAgent,50,50
2,981,FeatureAgent,50,50
2,982,FeatureAgent,50,50
2,983,FeatureAgent,50,50
2,984,FeatureAgent,50,50
2,985,FeatureAgent,50,50
2,986,FeatureAgent,50,50
2,987,FeatureAgent,50,50
2,988,FeatureAgent,50,50
2,989,FeatureAgent,50,50
2,990,FeatureAgent,50,-1
2,991,FeatureAgent,50,50
2,992,FeatureAgent,50,50
2,993,FeatureAgent,50,50
2,994,FeatureAgent,50,50
2,995,FeatureAgent,20,-31
2,996,FeatureAgent,50,-1
2,997,FeatureAgent,50,50
2,998,FeatureAgent,50,50
2,999,FeatureAgent,50,50
2,1000,FeatureAgent,50,50
3,1,FeatureAgent,10,10
3,2,FeatureAgent,38,-13
3,3,FeatureAgent,2,2
3,4,FeatureAgent,1,1
3,5,FeatureAgent,12,12
3,6,FeatureAgent,2,2
3,7,FeatureAgent,1,1
3,8,FeatureAgent,1,1
3,9,FeatureAgent,1,1
3,10,FeatureAgent,1,1
3,11,FeatureAgent,3,3
3,12,FeatureAgent,1,1
3,13,FeatureAgent,2,2
3,14,FeatureAgent,1,1
3,15,FeatureAgent,4,4
3,16,FeatureAgent,1,1
3,17,FeatureAgent,6,6
3,18,FeatureAgent,1,1
3,19,FeatureAgent,3,3
3,20,FeatureAgent,6,6
3,21,FeatureAgent,3,3
3,22,FeatureAgent,2,2
3,23,FeatureAgent,1,1
3,24,FeatureAgent,6,6
3,25,FeatureAgent,3,3
3,26,FeatureAgent,8,8
3,27,FeatureAgent,3,3
3,28,FeatureAgent,1,1
3,29,FeatureAgent,1,1
3,30,FeatureAgent,3,3
3,31,FeatureAgent,4,4
3,32,FeatureAgent,2,2
3,33,FeatureAgent,9,9
3,34,FeatureAgent,1,1
3,35,FeatureAgent,15,15
3,36,FeatureAgent,29,29
3,37,FeatureAgent,50,50
3,38,FeatureAgent,50,50
3,39,FeatureAgent,18,-33
3,40,FeatureAgent,1,1
3,41,FeatureAgent,1,1
3,42,FeatureAgent,1,1
3,43,FeatureAgent,1,1
3,44,FeatureAgent,5,5
3,45,FeatureAgent,1,1
3,46,FeatureAgent,1,1
3,47,FeatureAgent,1,1
3,48,FeatureAgent,2,2
3,49,FeatureAgent,1,1
3,50,FeatureAgent,1,1
3,51,FeatureAgent,1,1
3,52,FeatureAgent,1,1
3,53,FeatureAgent,1,1
3,54,FeatureAgent,1,1
3,55,FeatureAgent,2,2
3,56,FeatureAgent,1,1
3,57,FeatureAgent,1,1
3,58,FeatureAgent,1,1
3,59,FeatureAgent,1,1
3,60,FeatureAgent,1,1
3,61,FeatureAgent,1,1
3,62,FeatureAgent,1,1
3,63,FeatureAgent,1,1
3,64,FeatureAgent,1,1
3,65,FeatureAgent,2,2
3,66,FeatureAgent,1,1
3,67,FeatureAgent,3,3
3,68,FeatureAgent,17,-34
3,69,FeatureAgent,13,13
3,70,FeatureAgent,50,50
3,71,FeatureAgent,50,50
3,72,FeatureAgent,50,50
3,73,FeatureAgent,50,50
3,74,FeatureAgent,50,50
3,75,FeatureAgent,50,50
3,76,FeatureAgent,50,50
3,77,FeatureAgent,50,50
3,78,FeatureAgent,50,50
3,79,FeatureAgent,50,50
3,80,FeatureAgent,50,50
3,81,FeatureAgent,50,50
3,82,FeatureAgent,31,-20
3,83,FeatureAgent,1,1
3,84,FeatureAgent,1,1
3,85,FeatureAgent,1,1
3,86,FeatureAgent,3,3
3,87,FeatureAgent,2,2
3,88,FeatureAgent,2,2
3,89,FeatureAgent,2,2
3,90,FeatureAgent,1,1
3,91,FeatureAgent,1,1
3,92,FeatureAgent,1,1
3,93,FeatureAgent,1,1
3,94,FeatureAgent,3,3
3,95,FeatureAgent,1,1
3,96,FeatureAgent,1,1
3,97,FeatureAgent,1,1
3,98,FeatureAgent,2,2
3,99,FeatureAgent,7,7
3,100,FeatureAgent,2,2
3,101,FeatureAgent,1,1
3,102,FeatureAgent,3,3
3,103,FeatureAgent,5,5
3,104,FeatureAgent,1,1
3,105,FeatureAgent,13,13
3,106,FeatureAgent,5,5
3,107,FeatureAgent,50,50
3,108,FeatureAgent,50,50
3,109,FeatureAgent,50,50
3,110,FeatureAgent,50,50
3,111,FeatureAgent,33,-18
3,112,FeatureAgent,1,1
3,113,FeatureAgent,1,1
3,114,FeatureAgent,1,1
3,115,FeatureAgent,1,1
3,116,FeatureAgent,3,3
3,117,FeatureAgent,1,1
3,118,FeatureAgent,1,1
3,119,FeatureAgent,1,1
3,120,FeatureAgent,1,1
3,121,FeatureAgent,1,1
3,122,FeatureAgent,1,1
3,123,FeatureAgent,1,1
3,124,FeatureAgent,1,1
3,125,FeatureAgent,1,1
3,126,FeatureAgent,1,1
3,127,FeatureAgent,1,1
3,128,FeatureAgent,3,3
3,129,FeatureAgent,2,2
3,130,FeatureAgent,9,9
3,131,FeatureAgent,1,1
3,132,FeatureAgent,50,50
3,133,FeatureAgent,50,50
3,134,FeatureAgent,50,50
3,135,FeatureAgent,50,50
3,136,FeatureAgent,50,50
3,137,FeatureAgent,50,50
3,138,FeatureAgent,50,50
3,139,FeatureAgent,50,50
3,140,FeatureAgent,19,-32
3,141,FeatureAgent,1,1
3,142,FeatureAgent,2,2
3,143,FeatureAgent,1,1
3,144,FeatureAgent,1,1
3,145,FeatureAgent,1,1
3,146,FeatureAgent,1,1
3,147,FeatureAgent,2,2
3,148,FeatureAgent,2,2
3,149,FeatureAgent,7,7
3,150,FeatureAgent,1,1
3,151,FeatureAgent,1,1
3,152,FeatureAgent,2,2
3,153,FeatureAgent,1,1
3,154,FeatureAgent,2,2
3,155,FeatureAgent,7,7
3,156,FeatureAgent,1,1
3,157,FeatureAgent,6,6
3,158,FeatureAgent,50,50
3,159,FeatureAgent,50,50
3,160,FeatureAgent,50,50
3,161,FeatureAgent,50,50
3,162,FeatureAgent,50,50
3,163,FeatureAgent,50,50
3,164,FeatureAgent,42,-9
3,165,FeatureAgent,1,1
3,166,FeatureAgent,1,1
3,167,FeatureAgent,1,1
3,168,FeatureAgent,2,2
3,169,FeatureAgent,1,1
3,170,FeatureAgent,1,1
3,171,FeatureAgent,1,1
3,172,FeatureAgent,1,1
3,173,FeatureAgent,1,1
3,174,FeatureAgent,2,2
3,175,FeatureAgent,17,17
3,176,FeatureAgent,27,27
3,177,FeatureAgent,50,50
3,178,FeatureAgent,50,50
3,179,FeatureAgent,50,50
3,180,FeatureAgent,50,50
3,181,FeatureAgent,50,50
3,182,FeatureAgent,50,50
3,183,FeatureAgent,50,50
3,184,FeatureAgent,50,50
3,185,FeatureAgent,50,50
3,186,FeatureAgent,50,50
3,187,FeatureAgent,50,50
3,188,FeatureAgent,50,50
3,189,FeatureAgent,50,50
3,190,FeatureAgent,50,50
3,191,FeatureAgent,50,50
3,192,FeatureAgent,50,50
3,193,FeatureAgent,50,50
3,194,FeatureAgent,50,50
3,195,FeatureAgent,50,50
3,196,FeatureAgent,50,50
3,197,FeatureAgent,50,50
3,198,FeatureAgent,50,50
3,199,FeatureAgent,50,50
3,200,FeatureAgent,50,50
3,201,FeatureAgent,50,50
3,202,FeatureAgent,50,50
3,203,FeatureAgent,50,50
3,204,FeatureAgent,50,50
3,205,FeatureAgent,50,50
3,206,FeatureAgent,50,50
3,207,FeatureAgent,50,50
3,208,FeatureAgent,50,50
3,209,FeatureAgent,50,50
3,210,FeatureAgent,33,-18
3,211,FeatureAgent,28,28
3,212,FeatureAgent,14,14
3,213,FeatureAgent,15,15
3,214,FeatureAgent,17,17
3,215,FeatureAgent,7,7
3,216,FeatureAgent,29,29
3,217,FeatureAgent,50,50
3,218,FeatureAgent,50,50
3,219,FeatureAgent,50,50
3,220,FeatureAgent,50,50
3,221,FeatureAgent,50,50
3,222,FeatureAgent,50,50
3,223,FeatureAgent,50,50
3,224,FeatureAgent,38,-13
3,225,FeatureAgent,13,13
3,226,FeatureAgent,6,6
3,227,FeatureAgent,4,4
3,228,FeatureAgent,36,36
3,229,FeatureAgent,50,50
3,230,FeatureAgent,50,50
3,231,FeatureAgent,50,50
3,232,FeatureAgent,50,50
3,233,FeatureAgent,50,50
3,234,FeatureAgent,50,50
3,235,FeatureAgent,50,50
3,236,FeatureAgent,50,50
3,237,FeatureAgent,50,50
3,238,FeatureAgent,50,50
3,239,FeatureAgent,50,50
3,240,FeatureAgent,50,50
3,241,FeatureAgent,50,50
3,242,FeatureAgent,50,50
3,243,FeatureAgent,50,50
3,244,FeatureAgent,50,50
3,245,FeatureAgent,50,50
3,246,FeatureAgent,50,50
3,247,FeatureAgent,50,50
3,248,FeatureAgent,50,50
3,249,FeatureAgent,50,50
3,250,FeatureAgent,50,50
3,251,FeatureAgent,50,50
3,252,FeatureAgent,50,50
3,253,FeatureAgent,50,50
3,254,FeatureAgent,50,50
3,255,FeatureAgent,50,50
3,256,FeatureAgent,16,-35
3,257,FeatureAgent,5,5
3,258,FeatureAgent,5,5
3,259,FeatureAgent,12,12
3,260,FeatureAgent,2,2
3,261,FeatureAgent,50,50
3,262,FeatureAgent,50,50
3,263,FeatureAgent,50,50
3,264,FeatureAgent,50,50
3,265,FeatureAgent,50,50
3,266,FeatureAgent,50,50
3,267,FeatureAgent,50,50
3,268,FeatureAgent,50,50
3,269,FeatureAgent,50,50
3,270,FeatureAgent,50,50
3,271,FeatureAgent,50,50
3,272,FeatureAgent,50,50
3,273,FeatureAgent,50,50
3,274,FeatureAgent,50,50
3,275,FeatureAgent,50,50
3,276,FeatureAgent,50,50
3,277,FeatureAgent,50,50
3,278,FeatureAgent,50,50
3,279,FeatureAgent,50,50
3,280,FeatureAgent,50,50
3,281,FeatureAgent,50,50
3,282,FeatureAgent,50,50
3,283,FeatureAgent,50,50
3,284,FeatureAgent,50,50
3,285,FeatureAgent,50,50
3,286,FeatureAgent,50,50
3,287,FeatureAgent,50,50
3,288,FeatureAgent,33,-18
3,289,FeatureAgent,7,7
3,290,FeatureAgent,50,50
3,291,FeatureAgent,50,50
3,292,FeatureAgent,50,50
3,293,FeatureAgent,50,50
3,294,FeatureAgent,50,50
3,295,FeatureAgent,50,50
3,296,FeatureAgent,50,50
3,297,FeatureAgent,50,50
3,298,FeatureAgent,50,50
3,299,FeatureAgent,50,50
3,300,FeatureAgent,50,50
3,301,FeatureAgent,50,50
3,302,FeatureAgent,50,50
3,303,FeatureAgent,50,50
3,304,FeatureAgent,50,50
3,305,FeatureAgent,50,50
3,306,FeatureAgent,50,50
3,307,FeatureAgent,50,50
3,308,FeatureAgent,50,50
3,309,FeatureAgent,50,50
3,310,FeatureAgent,50,50
3,311,FeatureAgent,50,50
3,312,FeatureAgent,50,50
3,313,FeatureAgent,50,50
3,314,FeatureAgent,50,50
3,315,FeatureAgent,50,50
3,316,FeatureAgent,50,50
3,317,FeatureAgent,50,50
3,318,FeatureAgent,50,50
3,319,FeatureAgent,50,50
3,320,FeatureAgent,50,50
3,321,FeatureAgent,44,-7
3,322,FeatureAgent,44,44
3,323,FeatureAgent,50,50
3,324,FeatureAgent,50,50
3,325,FeatureAgent,50,50
3,326,FeatureAgent,50,50
3,327,FeatureAgent,50,50
3,328,FeatureAgent,50,50
3,329,FeatureAgent,50,50
3,330,FeatureAgent,50,50
3,331,FeatureAgent,50,50
3,332,FeatureAgent,50,50
3,333,FeatureAgent,50,50
3,334,FeatureAgent,50,50
3,335,FeatureAgent,50,50
3,336,FeatureAgent,50,50
3,337,FeatureAgent,50,50
3,338,FeatureAgent,50,50
3,339,FeatureAgent,50,50
3,340,FeatureAgent,50,50
3,341,FeatureAgent,50,50
3,342,FeatureAgent,50,50
3,343,FeatureAgent,50,50
3,344,FeatureAgent,50,50
3,345,FeatureAgent,50,50
3,346,FeatureAgent,50,50
3,347,FeatureAgent,50,50
3,348,FeatureAgent,50,50
3,349,FeatureAgent,50,50
3,350,FeatureAgent,50,50
3,351,FeatureAgent,50,50
3,352,FeatureAgent,50,50
3,353,FeatureAgent,50,50
3,354,FeatureAgent,50,50
3,355,FeatureAgent,50,50
3,356,FeatureAgent,50,50
3,357,FeatureAgent,50,50
3,358,FeatureAgent,50,50
3,359,FeatureAgent,50,50
3,360,FeatureAgent,50,50
3,361,FeatureAgent,50,-1
3,362,FeatureAgent,30,30
3,363,FeatureAgent,50,50
3,364,FeatureAgent,50,50
3,365,FeatureAgent,50,50
3,366,FeatureAgent,50,50
3,367,FeatureAgent,50,50
3,368,FeatureAgent,50,50
3,369,FeatureAgent,50,50
3,370,FeatureAgent,50,50
3,371,FeatureAgent,50,50
3,372,FeatureAgent,50,50
3,373,FeatureAgent,50,50
3,374,FeatureAgent,50,50
3,375,FeatureAgent,50,50
3,376,FeatureAgent,50,-1
3,377,FeatureAgent,50,50
3,378,FeatureAgent,50,50
3,379,FeatureAgent,50,50
3,380,FeatureAgent,50,50
3,381,FeatureAgent,50,50
3,382,FeatureAgent,50,-1
3,383,FeatureAgent,50,50
3,384,FeatureAgent,50,50
3,385,FeatureAgent,50,50
3,386,FeatureAgent,50,50
3,387,FeatureAgent,50,50
3,388,FeatureAgent,50,50
3,389,FeatureAgent,50,50
3,390,FeatureAgent,50,50
3,391,FeatureAgent,50,50
3,392,FeatureAgent,50,50
3,393,FeatureAgent,50,50
3,394,FeatureAgent,50,50
3,395,FeatureAgent,50,50
3,396,FeatureAgent,50,50
3,397,FeatureAgent,50,50
3,398,FeatureAgent,50,50
3,399,FeatureAgent,50,50
3,400,FeatureAgent,50,50
3,401,FeatureAgent,50,50
3,402,FeatureAgent,50,50
3,403,FeatureAgent,50,50
3,404,FeatureAgent,50,50
3,405,FeatureAgent,50,50
3,406,FeatureAgent,50,50
3,407,FeatureAgent,50,50
3,408,FeatureAgent,50,50
3,409,FeatureAgent,50,50
3,410,FeatureAgent,50,50
3,411,FeatureAgent,50,50
3,412,FeatureAgent,50,50
3,413,FeatureAgent,50,50
3,414,FeatureAgent,50,50
3,415,FeatureAgent,50,50
3,416,FeatureAgent,50,50
3,417,FeatureAgent,50,50
3,418,FeatureAgent,50,50
3,419,FeatureAgent,50,50
3,420,FeatureAgent,50,50
3,421,FeatureAgent,50,50
3,422,FeatureAgent,50,50
3,423,FeatureAgent,50,50
3,424,FeatureAgent,50,50
3,425,FeatureAgent,50,50
3,426,FeatureAgent,50,50
3,427,FeatureAgent,50,50
3,428,FeatureAgent,50,50
3,429,FeatureAgent,50,50
3,430,FeatureAgent,50,50
3,431,FeatureAgent,50,50
3,432,FeatureAgent,50,50
3,433,FeatureAgent,50,50
3,434,FeatureAgent,50,50
3,435,FeatureAgent,50,50
3,436,FeatureAgent,50,50
3,437,FeatureAgent,50,50
3,438,FeatureAgent,50,50
3,439,FeatureAgent,50,50
3,440,FeatureAgent,50,50
3,441,FeatureAgent,50,50
3,442,FeatureAgent,50,50
3,443,FeatureAgent,50,50
3,444,FeatureAgent,50,50
3,445,FeatureAgent,50,50
3,446,FeatureAgent,50,50
3,447,FeatureAgent,50,50
3,448,FeatureAgent,50,50
3,449,FeatureAgent,50,50
3,450,FeatureAgent,50,50
3,451,FeatureAgent,50,50
3,452,FeatureAgent,50,50
3,453,FeatureAgent,50,50
3,454,FeatureAgent,50,50
3,455,FeatureAgent,50,50
3,456,FeatureAgent,50,50
3,457,FeatureAgent,50,50
3,458,FeatureAgent,50,50
3,459,FeatureAgent,50,50
3,460,FeatureAgent,50,50
3,461,FeatureAgent,50,50
3,462,FeatureAgent,50,50
3,463,FeatureAgent,50,50
3,464,FeatureAgent,50,50
3,465,FeatureAgent,50,50
3,466,FeatureAgent,50,50
3,467,FeatureAgent,50,50
3,468,FeatureAgent,50,50
3,469,FeatureAgent,50,50
3,470,FeatureAgent,50,50
3,471,FeatureAgent,50,50
3,472,FeatureAgent,50,50
3,473,FeatureAgent,50,50
3,474,FeatureAgent,50,50
3,475,FeatureAgent,50,50
3,476,FeatureAgent,50,50
3,477,FeatureAgent,50,50
3,478,FeatureAgent,50,50
3,479,FeatureAgent,50,-1
3,480,FeatureAgent,50,50
3,481,FeatureAgent,50,50
3,482,FeatureAgent,50,50
3,483,FeatureAgent,50,50
3,484,FeatureAgent,50,50
3,485,FeatureAgent,50,50
3,486,FeatureAgent,50,50
3,487,FeatureAgent,50,50
3,488,FeatureAgent,50,50
3,489,FeatureAgent,50,50
3,490,FeatureAgent,50,50
3,491,FeatureAgent,50,50
3,492,FeatureAgent,50,50
3,493,FeatureAgent,50,50
3,494,FeatureAgent,50,50
3,495,FeatureAgent,50,50
3,496,FeatureAgent,50,50
3,497,FeatureAgent,50,50
3,498,FeatureAgent,50,50
3,499,FeatureAgent,50,50
3,500,FeatureAgent,50,50
3,501,FeatureAgent,50,50
3,502,FeatureAgent,50,50
3,503,FeatureAgent,50,50
3,504,FeatureAgent,50,50
3,505,FeatureAgent,50,50
3,506,FeatureAgent,50,50
3,507,FeatureAgent,50,50
3,508,FeatureAgent,50,50
3,509,FeatureAgent,50,50
3,510,FeatureAgent,50,50
3,511,FeatureAgent,50,50
3,512,FeatureAgent,50,50
3,513,FeatureAgent,50,50
3,514,FeatureAgent,50,50
3,515,FeatureAgent,50,50
3,516,FeatureAgent,50,50
3,517,FeatureAgent,50,50
3,518,FeatureAgent,50,50
3,519,FeatureAgent,50,50
3,520,FeatureAgent,50,50
3,521,FeatureAgent,50,50
3,522,FeatureAgent,50,50
3,523,FeatureAgent,50,50
3,524,FeatureAgent,50,50
3,525,FeatureAgent,50,50
3,526,FeatureAgent,50,50
3,527,FeatureAgent,50,50
3,528,FeatureAgent,50,50
3,529,FeatureAgent,50,50
3,530,FeatureAgent,50,-1
3,531,FeatureAgent,50,50
3,532,FeatureAgent,50,50
3,533,FeatureAgent,50,50
3,534,FeatureAgent,50,50
3,535,FeatureAgent,50,50
3,536,FeatureAgent,50,50
3,537,FeatureAgent,50,50
3,538,FeatureAgent,50,50
3,539,FeatureAgent,50,50
3,540,FeatureAgent,50,50
3,541,FeatureAgent,50,50
3,542,FeatureAgent,50,50
3,543,FeatureAgent,50,50
3,544,FeatureAgent,50,50
3,545,FeatureAgent,50,50
3,546,FeatureAgent,50,50
3,547,FeatureAgent,50,50
3,548,FeatureAgent,50,50
3,549,FeatureAgent,50,-1
3,550,FeatureAgent,50,50
3,551,FeatureAgent,50,50
3,552,FeatureAgent,50,50
3,553,FeatureAgent,50,50
3,554,FeatureAgent,50,50
3,555,FeatureAgent,50,50
3,556,FeatureAgent,50,50
3,557,FeatureAgent,50,50
3,558,FeatureAgent,50,50
3,559,FeatureAgent,50,50
3,560,FeatureAgent,50,50
3,561,FeatureAgent,50,50
3,562,FeatureAgent,50,50
3,563,FeatureAgent,50,50
3,564,FeatureAgent,50,50
3,565,FeatureAgent,50,50
3,566,FeatureAgent,50,50
3,567,FeatureAgent,50,50
3,568,FeatureAgent,50,50
3,569,FeatureAgent,50,50
3,570,FeatureAgent,50,50
3,571,FeatureAgent,50,50
3,572,FeatureAgent,50,50
3,573,FeatureAgent,50,50
3,574,FeatureAgent,50,50
3,575,FeatureAgent,50,50
3,576,FeatureAgent,50,50
3,577,FeatureAgent,50,50
3,578,FeatureAgent,50,50
3,579,FeatureAgent,50,50
3,580,FeatureAgent,50,50
3,581,FeatureAgent,50,50
3,582,FeatureAgent,50,50
3,583,FeatureAgent,50,50
3,584,FeatureAgent,50,50
3,585,FeatureAgent,50,50
3,586,FeatureAgent,50,50
3,587,FeatureAgent,50,50
3,588,FeatureAgent,50,-1
3,589,FeatureAgent,50,50
3,590,FeatureAgent,50,50
3,591,FeatureAgent,50,50
3,592,FeatureAgent,50,50
3,593,FeatureAgent,50,50
3,594,FeatureAgent,50,50
3,595,FeatureAgent,50,50
3,596,FeatureAgent,50,50
3,597,FeatureAgent,50,50
3,598,FeatureAgent,50,50
3,599,FeatureAgent,50,50
3,600,FeatureAgent,50,50
3,601,FeatureAgent,50,50
3,602,FeatureAgent,50,50
3,603,FeatureAgent,50,50
3,604,FeatureAgent,50,-1
3,605,FeatureAgent,50,-1
3,606,FeatureAgent,50,50
3,607,FeatureAgent,50,50
3,608,FeatureAgent,50,50
3,609,FeatureAgent,50,50
3,610,FeatureAgent,50,50
3,611,FeatureAgent,50,50
3,612,FeatureAgent,50,-1
3,613,FeatureAgent,50,50
3,614,FeatureAgent,50,50
3,615,FeatureAgent,50,50
3,616,FeatureAgent,50,50
3,617,FeatureAgent,50,50
3,618,FeatureAgent,50,50
3,619,FeatureAgent,50,50
3,620,FeatureAgent,50,50
3,621,FeatureAgent,50,50
3,622,FeatureAgent,50,50
3,623,FeatureAgent,50,50
3,624,FeatureAgent,50,50
3,625,FeatureAgent,50,50
3,626,FeatureAgent,50,50
3,627,FeatureAgent,50,50
3,628,FeatureAgent,50,50
3,629,FeatureAgent,50,50
3,630,FeatureAgent,50,50
3,631,FeatureAgent,50,50
3,632,FeatureAgent,50,50
3,633,FeatureAgent,50,50
3,634,FeatureAgent,50,50
3,635,FeatureAgent,50,50
3,636,FeatureAgent,50,50
3,637,FeatureAgent,50,50
3,638,FeatureAgent,50,50
3,639,FeatureAgent,50,50
3,640,FeatureAgent,50,50
3,641,FeatureAgent,50,50
3,642,FeatureAgent,50,50
3,643,FeatureAgent,50,50
3,644,FeatureAgent,50,50
3,645,FeatureAgent,50,50
3,646,FeatureAgent,50,50
3,647,FeatureAgent,50,50
3,648,FeatureAgent,50,50
3,649,FeatureAgent,50,50
3,650,FeatureAgent,50,50
3,651,FeatureAgent,50,50
3,652,FeatureAgent,50,50
3,653,FeatureAgent,50,50
3,654,FeatureAgent,50,50
3,655,FeatureAgent,50,50
3,656,FeatureAgent,50,50
3,657,FeatureAgent,50,-1
3,658,FeatureAgent,50,50
3,659,FeatureAgent,50,50
3,660,FeatureAgent,50,50
3,661,FeatureAgent,50,50
3,662,FeatureAgent,50,50
3,663,FeatureAgent,50,50
3,664,FeatureAgent,50,50
3,665,FeatureAgent,50,50
3,666,FeatureAgent,50,50
3,667,FeatureAgent,50,50
3,668,FeatureAgent,50,50
3,669,FeatureAgent,50,50
3,670,FeatureAgent,50,50
3,671,FeatureAgent,50,-1
3,672,FeatureAgent,50,50
3,673,FeatureAgent,50,50
3,674,FeatureAgent,50,50
3,675,FeatureAgent,50,50
3,676,FeatureAgent,50,50
3,677,FeatureAgent,50,50
3,678,FeatureAgent,50,50
3,679,FeatureAgent,50,50
3,680,FeatureAgent,50,50
3,681,FeatureAgent,50,50
3,682,FeatureAgent,50,50
3,683,FeatureAgent,29,-22
3,684,FeatureAgent,25,25
3,685,FeatureAgent,6,-45
3,686,FeatureAgent,50,50
3,687,FeatureAgent,50,50
3,688,FeatureAgent,50,50
3,689,FeatureAgent,50,50
3,690,FeatureAgent,50,50
3,691,FeatureAgent,50,50
3,692,FeatureAgent,50,50
3,693,FeatureAgent,50,50
3,694,FeatureAgent,50,50
3,695,FeatureAgent,50,50
3,696,FeatureAgent,50,50
3,697,FeatureAgent,50,50
3,698,FeatureAgent,50,50
3,699,FeatureAgent,50,50
3,700,FeatureAgent,50,50
3,701,FeatureAgent,50,50
3,702,FeatureAgent,50,50
3,703,FeatureAgent,50,50
3,704,FeatureAgent,50,50
3,705,FeatureAgent,50,50
3,706,FeatureAgent,50,50
3,707,FeatureAgent,50,50
3,708,FeatureAgent,50,50
3,709,FeatureAgent,50,50
3,710,FeatureAgent,50,50
3,711,FeatureAgent,50,50
3,712,FeatureAgent,50,50
3,713,FeatureAgent,50,50
3,714,FeatureAgent,50,50
3,715,FeatureAgent,50,50
3,716,FeatureAgent,50,50
3,717,FeatureAgent,50,50
3,718,FeatureAgent,50,50
3,719,FeatureAgent,50,50
3,720,FeatureAgent,50,50
3,721,FeatureAgent,50,50
3,722,FeatureAgent,50,50
3,723,FeatureAgent,50,50
3,724,FeatureAgent,50,50
3,725,FeatureAgent,50,50
3,726,FeatureAgent,50,50
3,727,FeatureAgent,50,50
3,728,FeatureAgent,50,50
3,729,FeatureAgent,50,50
3,730,FeatureAgent,50,50
3,731,FeatureAgent,50,50
3,732,FeatureAgent,50,50
3,733,FeatureAgent,50,50
3,734,FeatureAgent,50,50
3,735,FeatureAgent,50,50
3,736,FeatureAgent,50,50
3,737,FeatureAgent,50,50
3,738,FeatureAgent,50,50
3,739,FeatureAgent,50,50
3,740,FeatureAgent,50,50
3,741,FeatureAgent,50,50
3,742,FeatureAgent,50,50
3,743,FeatureAgent,50,50
3,744,FeatureAgent,50,50
3,745,FeatureAgent,50,50
3,746,FeatureAgent,50,50
3,747,FeatureAgent,50,50
3,748,FeatureAgent,50,50
3,749,FeatureAgent,50,50
3,750,FeatureAgent,50,50
3,751,FeatureAgent,50,50
3,752,FeatureAgent,50,50
3,753,FeatureAgent,50,50
3,754,FeatureAgent,50,50
3,755,FeatureAgent,50,50
3,756,FeatureAgent,50,50
3,757,FeatureAgent,50,50
3,758,FeatureAgent,50,50
3,759,FeatureAgent,50,50
3,760,FeatureAgent,50,50
3,761,FeatureAgent,50,50
3,762,FeatureAgent,50,50
3,763,FeatureAgent,50,50
3,764,FeatureAgent,50,50
3,765,FeatureAgent,50,50
3,766,FeatureAgent,50,50
3,767,FeatureAgent,50,50
3,768,FeatureAgent,50,50
3,769,FeatureAgent,50,50
3,770,FeatureAgent,50,50
3,771,FeatureAgent,50,50
3,772,FeatureAgent,50,50
3,773,FeatureAgent,50,50
3,774,FeatureAgent,50,50
3,775,FeatureAgent,50,50
3,776,FeatureAgent,50,50
3,777,FeatureAgent,50,50
3,778,FeatureAgent,50,50
3,779,FeatureAgent,50,50
3,780,FeatureAgent,50,50
3,781,FeatureAgent,50,50
3,782,FeatureAgent,50,50
3,783,FeatureAgent,50,50
3,784,FeatureAgent,50,50
3,785,FeatureAgent,50,50
3,786,FeatureAgent,50,50
3,787,FeatureAgent,50,50
3,788,FeatureAgent,50,50
3,789,FeatureAgent,50,50
3,790,FeatureAgent,14,-37
3,791,FeatureAgent,50,50
3,792,FeatureAgent,50,50
3,793,FeatureAgent,50,50
3,794,FeatureAgent,50,50
3,795,FeatureAgent,50,50
3,796,FeatureAgent,50,50
3,797,FeatureAgent,50,50
3,798,FeatureAgent,50,50
3,799,FeatureAgent,50,50
3,800,FeatureAgent,50,50
3,801,FeatureAgent,50,50
3,802,FeatureAgent,50,50
3,803,FeatureAgent,50,50
3,804,FeatureAgent,50,50
3,805,FeatureAgent,50,50
3,806,FeatureAgent,50,50
3,807,FeatureAgent,50,50
3,808,FeatureAgent,50,50
3,809,FeatureAgent,50,50
3,810,FeatureAgent,50,50
3,811,FeatureAgent,50,50
3,812,FeatureAgent,50,50
3,813,FeatureAgent,50,50
3,814,FeatureAgent,50,50
3,815,FeatureAgent,50,50
3,816,FeatureAgent,50,50
3,817,FeatureAgent,50,50
3,818,FeatureAgent,50,50
3,819,FeatureAgent,50,50
3,820,FeatureAgent,50,50
3,821,FeatureAgent,50,50
3,822,FeatureAgent,50,50
3,823,FeatureAgent,50,50
3,824,FeatureAgent,50,50
3,825,FeatureAgent,50,50
3,826,FeatureAgent,50,50
3,827,FeatureAgent,50,50
3,828,FeatureAgent,50,50
3,829,FeatureAgent,50,50
3,830,FeatureAgent,50,50
3,831,FeatureAgent,50,50
3,832,FeatureAgent,50,50
3,833,FeatureAgent,50,50
3,834,FeatureAgent,50,50
3,835,FeatureAgent,50,50
3,836,FeatureAgent,50,50
3,837,FeatureAgent,50,50
3,838,FeatureAgent,50,50
3,839,FeatureAgent,50,50
3,840,FeatureAgent,50,50
3,841,FeatureAgent,50,50
3,842,FeatureAgent,50,50
3,843,FeatureAgent,50,50
3,844,FeatureAgent,50,50
3,845,FeatureAgent,50,50
3,846,FeatureAgent,50,50
3,847,FeatureAgent,50,50
3,848,FeatureAgent,50,50
3,849,FeatureAgent,50,50
3,850,FeatureAgent,50,50
3,851,FeatureAgent,50,50
3,852,FeatureAgent,50,50
3,853,FeatureAgent,50,50
3,854,FeatureAgent,50,50
3,855,FeatureAgent,50,50
3,856,FeatureAgent,50,50
3,857,FeatureAgent,50,50
3,858,FeatureAgent,50,50
3,859,FeatureAgent,50,50
3,860,FeatureAgent,50,50
3,861,FeatureAgent,50,50
3,862,FeatureAgent,50,50
3,863,FeatureAgent,50,50
3,864,FeatureAgent,50,50
3,865,FeatureAgent,50,50
3,866,FeatureAgent,50,50
3,867,FeatureAgent,50,50
3,868,FeatureAgent,50,50
3,869,FeatureAgent,50,50
3,870,FeatureAgent,50,50
3,871,FeatureAgent,50,50
3,872,FeatureAgent,50,50
3,873,FeatureAgent,50,50
3,874,FeatureAgent,50,50
3,875,FeatureAgent,50,50
3,876,FeatureAgent,50,50
3,877,FeatureAgent,50,50
3,878,FeatureAgent,50,50
3,879,FeatureAgent,50,50
3,880,FeatureAgent,50,50
3,881,FeatureAgent,50,50
3,882,FeatureAgent,50,50
3,883,FeatureAgent,50,50
3,884,FeatureAgent,50,50
3,885,FeatureAgent,50,50
3,886,FeatureAgent,50,50
3,887,FeatureAgent,50,50
3,888,FeatureAgent,50,50
3,889,FeatureAgent,50,50
3,890,FeatureAgent,50,50
3,891,FeatureAgent,50,50
3,892,FeatureAgent,50,50
3,893,FeatureAgent,50,50
3,894,FeatureAgent,50,50
3,895,FeatureAgent,10,-41
3,896,FeatureAgent,50,50
3,897,FeatureAgent,50,50
3,898,FeatureAgent,50,50
3,899,FeatureAgent,50,50
3,900,FeatureAgent,50,50
3,901,FeatureAgent,50,50
3,902,FeatureAgent,50,50
3,903,FeatureAgent,50,50
3,904,FeatureAgent,50,50
3,905,FeatureAgent,50,50
3,906,FeatureAgent,50,50
3,907,FeatureAgent,50,50
3,908,FeatureAgent,50,50
3,909,FeatureAgent,50,50
3,910,FeatureAgent,50,50
3,911,FeatureAgent,46,-5
3,912,FeatureAgent,21,-30
3,913,FeatureAgent,50,50
3,914,FeatureAgent,50,50
3,915,FeatureAgent,50,50
3,916,FeatureAgent,50,50
3,917,FeatureAgent,50,50
3,918,FeatureAgent,50,50
3,919,FeatureAgent,50,50
3,920,FeatureAgent,50,50
3,921,FeatureAgent,50,50
3,922,FeatureAgent,50,50
3,923,FeatureAgent,50,50
3,924,FeatureAgent,50,50
3,925,FeatureAgent,50,50
3,926,FeatureAgent,50,50
3,927,FeatureAgent,50,50
3,928,FeatureAgent,50,50
3,929,FeatureAgent,50,50
3,930,FeatureAgent,50,50
3,931,FeatureAgent,50,50
3,932,FeatureAgent,50,50
3,933,FeatureAgent,50,50
3,934,FeatureAgent,50,50
3,935,FeatureAgent,50,50
3,936,FeatureAgent,50,50
3,937,FeatureAgent,50,50
3,938,FeatureAgent,50,50
3,939,FeatureAgent,50,50
3,940,FeatureAgent,50,50
3,941,FeatureAgent,50,50
3,942,FeatureAgent,50,50
3,943,FeatureAgent,50,50
3,944,FeatureAgent,50,50
3,945,FeatureAgent,50,50
3,946,FeatureAgent,50,50
3,947,FeatureAgent,50,50
3,948,FeatureAgent,50,50
3,949,FeatureAgent,50,50
3,950,FeatureAgent,50,50
3,951,FeatureAgent,50,50
3,952,FeatureAgent,50,50
3,953,FeatureAgent,50,50
3,954,FeatureAgent,50,50
3,955,FeatureAgent,50,50
3,956,FeatureAgent,50,50
3,957,FeatureAgent,50,50
3,958,FeatureAgent,50,50
3,959,FeatureAgent,50,50
3,960,FeatureAgent,50,50
3,961,FeatureAgent,50,-1
3,962,FeatureAgent,50,50
3,963,FeatureAgent,50,50
3,964,FeatureAgent,50,50
3,965,FeatureAgent,50,50
3,966,FeatureAgent,50,50
3,967,FeatureAgent,50,50
3,968,FeatureAgent,50,50
3,969,FeatureAgent,50,50
3,970,FeatureAgent,50,50
3,971,FeatureAgent,50,50
3,972,FeatureAgent,50,-1
3,973,FeatureAgent,50,50
3,974,FeatureAgent,50,50
3,975,FeatureAgent,50,50
3,976,FeatureAgent,50,50
3,977,FeatureAgent,50,50
3,978,FeatureAgent,50,50
3,979,FeatureAgent,50,50
3,980,FeatureAgent,50,50
3,981,FeatureAgent,50,50
3,982,FeatureAgent,50,50
3,983,FeatureAgent,50,50
3,984,FeatureAgent,50,50
3,985,FeatureAgent,50,50
3,986,FeatureAgent,50,50
3,987,FeatureAgent,50,50
3,988,FeatureAgent,50,50
3,989,FeatureAgent,50,50
3,990,FeatureAgent,50,50
3,991,FeatureAgent,50,50
3,992,FeatureAgent,50,50
3,993,FeatureAgent,50,50
3,994,FeatureAgent,50,50
3,995,FeatureAgent,50,50
3,996,FeatureAgent,50,50
3,997,FeatureAgent,50,50
3,998,FeatureAgent,32,-19
3,999,FeatureAgent,50,50
3,1000,FeatureAgent,50,50
4,1,FeatureAgent,1,1
4,2,FeatureAgent,1,1
4,3,FeatureAgent,7,7
4,4,FeatureAgent,1,1
4,5,FeatureAgent,6,6
4,6,FeatureAgent,4,4
4,7,FeatureAgent,50,50
4,8,FeatureAgent,11,-40
4,9,FeatureAgent,50,50
4,10,FeatureAgent,50,50
4,11,FeatureAgent,50,50
4,12,FeatureAgent,50,50
4,13,FeatureAgent,50,50
4,14,FeatureAgent,50,50
4,15,FeatureAgent,50,50
4,16,FeatureAgent,50,50
4,17,FeatureAgent,50,50
4,18,FeatureAgent,50,50
4,19,FeatureAgent,50,50
4,20,FeatureAgent,50,50
4,21,FeatureAgent,50,50
4,22,FeatureAgent,50,50
4,23,FeatureAgent,50,50
4,24,FeatureAgent,50,50
4,25,FeatureAgent,30,-21
4,26,FeatureAgent,3,3
4,27,FeatureAgent,2,2
4,28,FeatureAgent,8,8
4,29,FeatureAgent,7,7
4,30,FeatureAgent,2,2
4,31,FeatureAgent,1,1
4,32,FeatureAgent,4,4
4,33,FeatureAgent,1,1
4,34,FeatureAgent,1,1
4,35,FeatureAgent,16,16
4,36,FeatureAgent,4,4
4,37,FeatureAgent,18,18
4,38,FeatureAgent,50,50
4,39,FeatureAgent,50,50
4,40,FeatureAgent,50,50
4,41,FeatureAgent,22,22
4,42,FeatureAgent,20,-31
4,43,FeatureAgent,2,2
4,44,FeatureAgent,1,1
4,45,FeatureAgent,1,1
4,46,FeatureAgent,2,2
4,47,FeatureAgent,1,1
4,48,FeatureAgent,2,2
4,49,FeatureAgent,1,1
4,50,FeatureAgent,1,1
4,51,FeatureAgent,1,1
4,52,FeatureAgent,1,1
4,53,FeatureAgent,1,1
4,54,FeatureAgent,2,2
4,55,FeatureAgent,8,8
4,56,FeatureAgent,9,9
4,57,FeatureAgent,50,50
4,58,FeatureAgent,50,50
4,59,FeatureAgent,50,50
4,60,FeatureAgent,50,50
4,61,FeatureAgent,50,50
4,62,FeatureAgent,50,50
4,63,FeatureAgent,50,50
4,64,FeatureAgent,50,50
4,65,FeatureAgent,50,50
4,66,FeatureAgent,50,50
4,67,FeatureAgent,50,50
4,68,FeatureAgent,50,50
4,69,FeatureAgent,50,50
4,70,FeatureAgent,50,50
4,71,FeatureAgent,2,-49
4,72,FeatureAgent,8,8
4,73,FeatureAgent,3,3
4,74,FeatureAgent,1,1
4,75,FeatureAgent,2,2
4,76,FeatureAgent,6,6
4,77,FeatureAgent,11,11
4,78,FeatureAgent,8,8
4,79,FeatureAgent,1,1
4,80,FeatureAgent,2,2
4,81,FeatureAgent,2,2
4,82,FeatureAgent,50,50
4,83,FeatureAgent,50,50
4,84,FeatureAgent,50,50
4,85,FeatureAgent,50,50
4,86,FeatureAgent,50,50
4,87,FeatureAgent,50,50
4,88,FeatureAgent,50,50
4,89,FeatureAgent,50,50
4,90,FeatureAgent,50,50
4,91,FeatureAgent,50,50
4,92,FeatureAgent,50,50
4,93,FeatureAgent,50,50
4,94,FeatureAgent,50,50
4,95,FeatureAgent,50,50
4,96,FeatureAgent,50,50
4,97,FeatureAgent,50,50
4,98,FeatureAgent,50,50
4,99,FeatureAgent,50,50
4,100,FeatureAgent,50,50
4,101,FeatureAgent,50,50
4,102,FeatureAgent,50,50
4,103,FeatureAgent,50,50
4,104,FeatureAgent,50,50
4,105,FeatureAgent,50,50
4,106,FeatureAgent,50,50
4,107,FeatureAgent,50,50
4,108,FeatureAgent,50,50
4,109,FeatureAgent,50,50
4,110,FeatureAgent,50,50
4,111,FeatureAgent,50,50
4,112,FeatureAgent,50,50
4,113,FeatureAgent,50,50
4,114,FeatureAgent,50,50
4,115,FeatureAgent,50,50
4,116,FeatureAgent,50,50
4,117,FeatureAgent,50,50
4,118,FeatureAgent,50,50
4,119,FeatureAgent,50,50
4,120,FeatureAgent,15,-36
4,121,FeatureAgent,2,2
4,122,FeatureAgent,6,6
4,123,FeatureAgent,22,22
4,124,FeatureAgent,18,18
4,125,FeatureAgent,50,50
4,126,FeatureAgent,50,50
4,127,FeatureAgent,50,50
4,128,FeatureAgent,50,50
4,129,FeatureAgent,50,50
4,130,FeatureAgent,50,50
4,131,FeatureAgent,50,50
4,132,FeatureAgent,50,50
4,133,FeatureAgent,50,50
4,134,FeatureAgent,50,50
4,135,FeatureAgent,50,50
4,136,FeatureAgent,50,50
4,137,FeatureAgent,50,50
4,138,FeatureAgent,50,50
4,139,FeatureAgent,50,50
4,140,FeatureAgent,50,50
4,141,FeatureAgent,50,50
4,142,FeatureAgent,50,50
4,143,FeatureAgent,50,50
4,144,FeatureAgent,50,50
4,145,FeatureAgent,50,50
4,146,FeatureAgent,50,50
4,147,FeatureAgent,50,50
4,148,FeatureAgent,50,50
4,149,FeatureAgent,50,50
4,150,FeatureAgent,50,50
4,151,FeatureAgent,50,50
4,152,FeatureAgent,50,50
4,153,FeatureAgent,50,50
4,154,FeatureAgent,50,50
4,155,FeatureAgent,50,50
4,156,FeatureAgent,50,50
4,157,FeatureAgent,50,50
4,158,FeatureAgent,50,50
4,159,FeatureAgent,50,50
4,160,FeatureAgent,50,50
4,161,FeatureAgent,50,50
4,162,FeatureAgent,50,50
4,163,FeatureAgent,50,50
4,164,FeatureAgent,50,50
4,165,FeatureAgent,50,50
4,166,FeatureAgent,50,50
4,167,FeatureAgent,50,50
4,168,FeatureAgent,50,50
4,169,FeatureAgent,50,50
4,170,FeatureAgent,50,50
4,171,FeatureAgent,50,50
4,172,FeatureAgent,23,-28
4,173,FeatureAgent,1,1
4,174,FeatureAgent,3,3
4,175,FeatureAgent,50,50
4,176,FeatureAgent,50,50
4,177,FeatureAgent,50,50
4,178,FeatureAgent,50,50
4,179,FeatureAgent,50,50
4,180,FeatureAgent,50,50
4,181,FeatureAgent,50,50
4,182,FeatureAgent,50,50
4,183,FeatureAgent,50,50
4,184,FeatureAgent,50,50
4,185,FeatureAgent,50,50
4,186,FeatureAgent,50,50
4,187,FeatureAgent,50,50
4,188,FeatureAgent,50,50
4,189,FeatureAgent,50,50
4,190,FeatureAgent,41,-10
4,191,FeatureAgent,5,5
4,192,FeatureAgent,50,50
4,193,FeatureAgent,50,50
4,194,FeatureAgent,50,50
4,195,FeatureAgent,50,50
4,196,FeatureAgent,50,50
4,197,FeatureAgent,50,50
4,198,FeatureAgent,50,50
4,199,FeatureAgent,50,50
4,200,FeatureAgent,50,50
4,201,FeatureAgent,50,50
4,202,FeatureAgent,28,-23
4,203,FeatureAgent,27,27
4,204,FeatureAgent,50,50
4,205,FeatureAgent,1,-50
4,206,FeatureAgent,50,50
4,207,FeatureAgent,50,50
4,208,FeatureAgent,50,50
4,209,FeatureAgent,50,50
4,210,FeatureAgent,50,50
4,211,FeatureAgent,50,50
4,212,FeatureAgent,50,50
4,213,FeatureAgent,50,50
4,214,FeatureAgent,26,-25
4,215,FeatureAgent,3,3
4,216,FeatureAgent,25,25
4,217,FeatureAgent,2,2
4,218,FeatureAgent,2,2
4,219,FeatureAgent,50,50
4,220,FeatureAgent,50,50
4,221,FeatureAgent,50,50
4,222,FeatureAgent,50,50
4,223,FeatureAgent,36,-15
4,224,FeatureAgent,50,50
4,225,FeatureAgent,50,50
4,226,FeatureAgent,50,50
4,227,FeatureAgent,50,50
4,228,FeatureAgent,50,50
4,229,FeatureAgent,50,50
4,230,FeatureAgent,50,50
4,231,FeatureAgent,50,50
4,232,FeatureAgent,50,50
4,233,FeatureAgent,50,50
4,234,FeatureAgent,50,50
4,235,FeatureAgent,9,-42
4,236,FeatureAgent,5,5
4,237,FeatureAgent,3,3
4,238,FeatureAgent,19,19
4,239,FeatureAgent,50,50
4,240,FeatureAgent,50,50
4,241,FeatureAgent,50,50
4,242,FeatureAgent,50,50
4,243,FeatureAgent,50,50
4,244,FeatureAgent,50,50
4,245,FeatureAgent,50,50
4,246,FeatureAgent,50,50
4,247,FeatureAgent,50,50
4,248,FeatureAgent,50,50
4,249,FeatureAgent,50,50
4,250,FeatureAgent,50,50
4,251,FeatureAgent,50,50
4,252,FeatureAgent,50,50
4,253,FeatureAgent,50,50
4,254,FeatureAgent,50,50
4,255,FeatureAgent,50,50
4,256,FeatureAgent,50,50
4,257,FeatureAgent,50,50
4,258,FeatureAgent,50,50
4,259,FeatureAgent,50,50
4,260,FeatureAgent,50,50
4,261,FeatureAgent,50,50
4,262,FeatureAgent,50,50
4,263,FeatureAgent,50,50
4,264,FeatureAgent,50,50
4,265,FeatureAgent,50,50
4,266,FeatureAgent,50,50
4,267,FeatureAgent,50,50
4,268,FeatureAgent,50,50
4,269,FeatureAgent,50,50
4,270,FeatureAgent,50,50
4,271,FeatureAgent,50,50
4,272,FeatureAgent,50,50
4,273,FeatureAgent,50,-1
4,274,FeatureAgent,50,50
4,275,FeatureAgent,50,50
4,276,FeatureAgent,50,50
4,277,FeatureAgent,50,50
4,278,FeatureAgent,50,50
4,279,FeatureAgent,50,50
4,280,FeatureAgent,50,50
4,281,FeatureAgent,50,50
4,282,FeatureAgent,50,50
4,283,FeatureAgent,50,50
4,284,FeatureAgent,50,50
4,285,FeatureAgent,50,50
4,286,FeatureAgent,50,50
4,287,FeatureAgent,50,50
4,288,FeatureAgent,50,50
4,289,FeatureAgent,50,-1
4,290,FeatureAgent,50,50
4,291,FeatureAgent,50,50
4,292,FeatureAgent,50,50
4,293,FeatureAgent,50,50
4,294,FeatureAgent,23,-28
4,295,FeatureAgent,50,50
4,296,FeatureAgent,50,50
4,297,FeatureAgent,50,50
4,298,FeatureAgent,50,50
4,299,FeatureAgent,50,50
4,300,FeatureAgent,50,50
4,301,FeatureAgent,50,50
4,302,FeatureAgent,50,50
4,303,FeatureAgent,50,50
4,304,FeatureAgent,50,50
4,305,FeatureAgent,50,50
4,306,FeatureAgent,50,50
4,307,FeatureAgent,50,50
4,308,FeatureAgent,50,50
4,309,FeatureAgent,50,50
4,310,FeatureAgent,50,50
4,311,FeatureAgent,50,50
4,312,FeatureAgent,50,50
4,313,FeatureAgent,50,50
4,314,FeatureAgent,50,50
4,315,FeatureAgent,50,50
4,316,FeatureAgent,50,50
4,317,FeatureAgent,50,50
4,318,FeatureAgent,50,50
4,319,FeatureAgent,50,50
4,320,FeatureAgent,50,50
4,321,FeatureAgent,50,50
4,322,FeatureAgent,50,-1
4,323,FeatureAgent,50,50
4,324,FeatureAgent,50,50
4,325,FeatureAgent,50,50
4,326,FeatureAgent,50,50
4,327,FeatureAgent,50,50
4,328,FeatureAgent,50,50
4,329,FeatureAgent,50,50
4,330,FeatureAgent,50,50
4,331,FeatureAgent,50,50
4,332,FeatureAgent,50,50
4,333,FeatureAgent,50,50
4,334,FeatureAgent,50,50
4,335,FeatureAgent,50,50
4,336,FeatureAgent,50,50
4,337,FeatureAgent,50,50
4,338,FeatureAgent,50,50
4,339,FeatureAgent,50,50
4,340,FeatureAgent,50,50
4,341,FeatureAgent,50,50
4,342,FeatureAgent,50,50
4,343,FeatureAgent,50,50
4,344,FeatureAgent,50,50
4,345,FeatureAgent,50,50
4,346,FeatureAgent,50,50
4,347,FeatureAgent,50,50
4,348,FeatureAgent,50,50
4,349,FeatureAgent,50,50
4,350,FeatureAgent,50,50
4,351,FeatureAgent,50,50
4,352,FeatureAgent,50,50
4,353,FeatureAgent,50,50
4,354,FeatureAgent,50,-1
4,355,FeatureAgent,50,50
4,356,FeatureAgent,50,50
4,357,FeatureAgent,50,50
4,358,FeatureAgent,50,50
4,359,FeatureAgent,50,50
4,360,FeatureAgent,50,50
4,361,FeatureAgent,50,-1
4,362,FeatureAgent,10,10
4,363,FeatureAgent,2,2
4,364,FeatureAgent,50,50
4,365,FeatureAgent,50,50
4,366,FeatureAgent,50,50
4,367,FeatureAgent,50,50
4,368,FeatureAgent,50,50
4,369,FeatureAgent,50,50
4,370,FeatureAgent,50,50
4,371,FeatureAgent,50,50
4,372,FeatureAgent,50,50
4,373,FeatureAgent,50,50
4,374,FeatureAgent,50,50
4,375,FeatureAgent,50,50
4,376,FeatureAgent,50,50
4,377,FeatureAgent,50,50
4,378,FeatureAgent,41,-10
4,379,FeatureAgent,50,50
4,380,FeatureAgent,50,50
4,381,FeatureAgent,50,50
4,382,FeatureAgent,50,50
4,383,FeatureAgent,50,50
4,384,FeatureAgent,50,50
4,385,FeatureAgent,50,50
4,386,FeatureAgent,50,50
4,387,FeatureAgent,50,50
4,388,FeatureAgent,50,50
4,389,FeatureAgent,50,50
4,390,FeatureAgent,50,50
4,391,FeatureAgent,50,50
4,392,FeatureAgent,50,50
4,393,FeatureAgent,50,50
4,394,FeatureAgent,50,50
4,395,FeatureAgent,50,50
4,396,FeatureAgent,50,50
4,397,FeatureAgent,50,50
4,398,FeatureAgent,50,50
4,399,FeatureAgent,50,50
4,400,FeatureAgent,50,50
4,401,FeatureAgent,50,50
4,402,FeatureAgent,50,50
4,403,FeatureAgent,50,50
4,404,FeatureAgent,50,50
4,405,FeatureAgent,50,50
4,406,FeatureAgent,50,50
4,407,FeatureAgent,50,50
4,408,FeatureAgent,50,50
4,409,FeatureAgent,50,50
4,410,FeatureAgent,50,50
4,411,FeatureAgent,50,50
4,412,FeatureAgent,50,50
4,413,FeatureAgent,50,50
4,414,FeatureAgent,50,50
4,415,FeatureAgent,50,50
4,416,FeatureAgent,50,50
4,417,FeatureAgent,50,50
4,418,FeatureAgent,50,50
4,419,FeatureAgent,50,50
4,420,FeatureAgent,50,50
4,421,FeatureAgent,50,50
4,422,FeatureAgent,50,50
4,423,FeatureAgent,50,-1
4,424,FeatureAgent,50,50
4,425,FeatureAgent,50,50
4,426,FeatureAgent,50,50
4,427,FeatureAgent,50,50
4,428,FeatureAgent,50,50
4,429,FeatureAgent,50,50
4,430,FeatureAgent,50,50
4,431,FeatureAgent,50,50
4,432,FeatureAgent,50,50
4,433,FeatureAgent,50,50
4,434,FeatureAgent,50,50
4,435,FeatureAgent,50,50
4,436,FeatureAgent,50,50
4,437,FeatureAgent,50,50
4,438,FeatureAgent,50,50
4,439,FeatureAgent,50,50
4,440,FeatureAgent,50,50
4,441,FeatureAgent,50,50
4,442,FeatureAgent,50,50
4,443,FeatureAgent,50,50
4,444,FeatureAgent,50,50
4,445,FeatureAgent,50,50
4,446,FeatureAgent,50,50
4,447,FeatureAgent,50,50
4,448,FeatureAgent,50,50
4,449,FeatureAgent,50,50
4,450,FeatureAgent,50,50
4,451,FeatureAgent,50,50
4,452,FeatureAgent,50,50
4,453,FeatureAgent,50,50
4,454,FeatureAgent,50,50
4,455,FeatureAgent,50,50
4,456,FeatureAgent,50,50
4,457,FeatureAgent,50,50
4,458,FeatureAgent,50,50
4,459,FeatureAgent,50,50
4,460,FeatureAgent,50,-1
4,461,FeatureAgent,50,50
4,462,FeatureAgent,50,50
4,463,FeatureAgent,50,50
4,464,FeatureAgent,50,50
4,465,FeatureAgent,50,50
4,466,FeatureAgent,50,-1
4,467,FeatureAgent,50,50
4,468,FeatureAgent,50,50
4,469,FeatureAgent,50,50
4,470,FeatureAgent,50,50
4,471,FeatureAgent,50,50
4,472,FeatureAgent,50,50
4,473,FeatureAgent,50,50
4,474,FeatureAgent,50,50
4,475,FeatureAgent,50,50
4,476,FeatureAgent,50,50
4,477,FeatureAgent,50,50
4,478,FeatureAgent,50,50
4,479,FeatureAgent,14,-37
4,480,FeatureAgent,27,27
4,481,FeatureAgent,50,50
4,482,FeatureAgent,50,50
4,483,FeatureAgent,50,50
4,484,FeatureAgent,50,50
4,485,FeatureAgent,50,50
4,486,FeatureAgent,50,-1
4,487,FeatureAgent,50,50
4,488,FeatureAgent,50,50
4,489,FeatureAgent,50,50
4,490,FeatureAgent,50,50
4,491,FeatureAgent,50,50
4,492,FeatureAgent,50,50
4,493,FeatureAgent,50,50
4,494,FeatureAgent,50,50
4,495,FeatureAgent,50,50
4,496,FeatureAgent,50,50
4,497,FeatureAgent,50,50
4,498,FeatureAgent,50,50
4,499,FeatureAgent,50,50
4,500,FeatureAgent,50,50
4,501,FeatureAgent,50,50
4,502,FeatureAgent,50,50
4,503,FeatureAgent,50,50
4,504,FeatureAgent,50,50
4,505,FeatureAgent,50,50
4,506,FeatureAgent,50,50
4,507,FeatureAgent,50,50
4,508,FeatureAgent,50,50
4,509,FeatureAgent,50,50
4,510,FeatureAgent,50,50
4,511,FeatureAgent,50,50
4,512,FeatureAgent,50,50
4,513,FeatureAgent,50,50
4,514,FeatureAgent,50,50
4,515,FeatureAgent,50,50
4,516,FeatureAgent,50,50
4,517,FeatureAgent,50,50
4,518,FeatureAgent,50,50
4,519,FeatureAgent,50,50
4,520,FeatureAgent,50,50
4,521,FeatureAgent,50,50
4,522,FeatureAgent,50,50
4,523,FeatureAgent,50,50
4,524,FeatureAgent,50,50
4,525,FeatureAgent,50,50
4,526,FeatureAgent,50,50
4,527,FeatureAgent,50,50
4,528,FeatureAgent,12,-39
4,529,FeatureAgent,50,50
4,530,FeatureAgent,50,50
4,531,FeatureAgent,50,50
4,532,FeatureAgent,50,50
4,533,FeatureAgent,37,-14
4,534,FeatureAgent,50,50
4,535,FeatureAgent,50,50
4,536,FeatureAgent,50,50
4,537,FeatureAgent,50,50
4,538,FeatureAgent,50,50
4,539,FeatureAgent,50,50
4,540,FeatureAgent,50,50
4,541,FeatureAgent,50,50
4,542,FeatureAgent,50,50
4,543,FeatureAgent,50,50
4,544,FeatureAgent,50,50
4,545,FeatureAgent,50,50
4,546,FeatureAgent,50,-1
4,547,FeatureAgent,50,50
4,548,FeatureAgent,50,50
4,549,FeatureAgent,50,50
4,550,FeatureAgent,50,50
4,551,FeatureAgent,50,50
4,552,FeatureAgent,50,50
4,553,FeatureAgent,50,50
4,554,FeatureAgent,50,50
4,555,FeatureAgent,50,50
4,556,FeatureAgent,50,50
4,557,FeatureAgent,50,50
4,558,FeatureAgent,50,50
4,559,FeatureAgent,50,50
4,560,FeatureAgent,50,50
4,561,FeatureAgent,50,50
4,562,FeatureAgent,50,50
4,563,FeatureAgent,50,50
4,564,FeatureAgent,50,50
4,565,FeatureAgent,50,50
4,566,FeatureAgent,50,50
4,567,FeatureAgent,50,50
4,568,FeatureAgent,50,50
4,569,FeatureAgent,50,50
4,570,FeatureAgent,50,50
4,571,FeatureAgent,50,50
4,572,FeatureAgent,50,50
4,573,FeatureAgent,50,50
4,574,FeatureAgent,50,50
4,575,FeatureAgent,50,50
4,576,FeatureAgent,50,50
4,577,FeatureAgent,50,50
4,578,FeatureAgent,50,50
4,579,FeatureAgent,50,50
4,580,FeatureAgent,29,-22
4,581,FeatureAgent,30,-21
4,582,FeatureAgent,3,3
4,583,FeatureAgent,1,1
4,584,FeatureAgent,1,1
4,585,FeatureAgent,1,1
4,586,FeatureAgent,1,1
4,587,FeatureAgent,1,1
4,588,FeatureAgent,1,1
4,589,FeatureAgent,4,4
4,590,FeatureAgent,1,1
4,591,FeatureAgent,50,50
4,592,FeatureAgent,50,50
4,593,FeatureAgent,50,50
4,594,FeatureAgent,50,50
4,595,FeatureAgent,50,50
4,596,FeatureAgent,50,50
4,597,FeatureAgent,50,50
4,598,FeatureAgent,50,50
4,599,FeatureAgent,50,50
4,600,FeatureAgent,50,50
4,601,FeatureAgent,50,50
4,602,FeatureAgent,50,50
4,603,FeatureAgent,50,50
4,604,FeatureAgent,50,50
4,605,FeatureAgent,50,50
4,606,FeatureAgent,50,50
4,607,FeatureAgent,50,50
4,608,FeatureAgent,50,50
4,609,FeatureAgent,50,50
4,610,FeatureAgent,50,50
4,611,FeatureAgent,50,-1
4,612,FeatureAgent,50,50
4,613,FeatureAgent,50,50
4,614,FeatureAgent,50,50
4,615,FeatureAgent,50,50
4,616,FeatureAgent,50,-1
4,617,FeatureAgent,31,31
4,618,FeatureAgent,50,50
4,619,FeatureAgent,50,50
4,620,FeatureAgent,50,50
4,621,FeatureAgent,50,50
4,622,FeatureAgent,50,50
4,623,FeatureAgent,50,50
4,624,FeatureAgent,50,50
4,625,FeatureAgent,50,50
4,626,FeatureAgent,50,50
4,627,FeatureAgent,50,50
4,628,FeatureAgent,50,50
4,629,FeatureAgent,50,50
4,630,FeatureAgent,50,50
4,631,FeatureAgent,50,50
4,632,FeatureAgent,50,50
4,633,FeatureAgent,50,50
4,634,FeatureAgent,50,50
4,635,FeatureAgent,50,50
4,636,FeatureAgent,50,50
4,637,FeatureAgent,50,50
4,638,FeatureAgent,50,50
4,639,FeatureAgent,50,50
4,640,FeatureAgent,50,50
4,641,FeatureAgent,50,50
4,642,FeatureAgent,50,50
4,643,FeatureAgent,50,50
4,644,FeatureAgent,50,50
4,645,FeatureAgent,50,50
4,646,FeatureAgent,50,50
4,647,FeatureAgent,50,50
4,648,FeatureAgent,50,50
4,649,FeatureAgent,50,50
4,650,FeatureAgent,50,50
4,651,FeatureAgent,50,50
4,652,FeatureAgent,50,50
4,653,FeatureAgent,21,-30
4,654,FeatureAgent,50,50
4,655,FeatureAgent,3,3
4,656,FeatureAgent,50,50
4,657,FeatureAgent,50,50
4,658,FeatureAgent,17,-34
4,659,FeatureAgent,2,2
4,660,FeatureAgent,7,7
4,661,FeatureAgent,4,4
4,662,FeatureAgent,3,3
4,663,FeatureAgent,50,50
4,664,FeatureAgent,50,50
4,665,FeatureAgent,50,50
4,666,FeatureAgent,50,50
4,667,FeatureAgent,50,50
4,668,FeatureAgent,50,50
4,669,FeatureAgent,50,50
4,670,FeatureAgent,50,50
4,671,FeatureAgent,50,50
4,672,FeatureAgent,50,50
4,673,FeatureAgent,50,50
4,674,FeatureAgent,50,50
4,675,FeatureAgent,50,50
4,676,FeatureAgent,50,50
4,677,FeatureAgent,50,50
4,678,FeatureAgent,50,50
4,679,FeatureAgent,50,50
4,680,FeatureAgent,50,50
4,681,FeatureAgent,50,50
4,682,FeatureAgent,50,50
4,683,FeatureAgent,50,50
4,684,FeatureAgent,50,50
4,685,FeatureAgent,50,50
4,686,FeatureAgent,50,-1
4,687,FeatureAgent,50,50
4,688,FeatureAgent,50,50
4,689,FeatureAgent,50,50
4,690,FeatureAgent,50,50
4,691,FeatureAgent,50,50
4,692,FeatureAgent,50,50
4,693,FeatureAgent,50,50
4,694,FeatureAgent,50,-1
4,695,FeatureAgent,26,-25
4,696,FeatureAgent,30,30
4,697,FeatureAgent,29,29
4,698,FeatureAgent,50,50
4,699,FeatureAgent,50,50
4,700,FeatureAgent,50,50
4,701,FeatureAgent,50,50
4,702,FeatureAgent,50,50
4,703,FeatureAgent,50,50
4,704,FeatureAgent,50,50
4,705,FeatureAgent,50,50
4,706,FeatureAgent,50,50
4,707,FeatureAgent,50,50
4,708,FeatureAgent,50,50
4,709,FeatureAgent,50,50
4,710,FeatureAgent,50,50
4,711,FeatureAgent,50,50
4,712,FeatureAgent,50,50
4,713,FeatureAgent,50,50
4,714,FeatureAgent,50,50
4,715,FeatureAgent,50,50
4,716,FeatureAgent,50,50
4,717,FeatureAgent,50,50
4,718,FeatureAgent,50,50
4,719,FeatureAgent,50,50
4,720,FeatureAgent,50,-1
4,721,FeatureAgent,50,50
4,722,FeatureAgent,50,50
4,723,FeatureAgent,50,50
4,724,FeatureAgent,50,50
4,725,FeatureAgent,50,50
4,726,FeatureAgent,50,50
4,727,FeatureAgent,50,50
4,728,FeatureAgent,50,50
4,729,FeatureAgent,27,-24
4,730,FeatureAgent,50,50
4,731,FeatureAgent,50,50
4,732,FeatureAgent,50,50
4,733,FeatureAgent,50,50
4,734,FeatureAgent,50,50
4,735,FeatureAgent,50,50
4,736,FeatureAgent,50,50
4,737,FeatureAgent,50,50
4,738,FeatureAgent,50,50
4,739,FeatureAgent,50,50
4,740,FeatureAgent,50,50
4,741,FeatureAgent,50,50
4,742,FeatureAgent,50,50
4,743,FeatureAgent,50,50
4,744,FeatureAgent,50,50
4,745,FeatureAgent,50,50
4,746,FeatureAgent,50,50
4,747,FeatureAgent,50,50
4,748,FeatureAgent,50,50
4,749,FeatureAgent,50,50
4,750,FeatureAgent,50,50
4,751,FeatureAgent,50,50
4,752,FeatureAgent,50,50
4,753,FeatureAgent,50,50
4,754,FeatureAgent,50,50
4,755,FeatureAgent,50,50
4,756,FeatureAgent,50,50
4,757,FeatureAgent,50,50
4,758,FeatureAgent,50,50
4,759,FeatureAgent,50,50
4,760,FeatureAgent,50,50
4,761,FeatureAgent,50,50
4,762,FeatureAgent,50,50
4,763,FeatureAgent,50,50
4,764,FeatureAgent,50,50
4,765,FeatureAgent,50,50
4,766,FeatureAgent,50,50
4,767,FeatureAgent,50,50
4,768,FeatureAgent,50,50
4,769,FeatureAgent,50,50
4,770,FeatureAgent,50,50
4,771,FeatureAgent,50,50
4,772,FeatureAgent,50,50
4,773,FeatureAgent,50,50
4,774,FeatureAgent,50,50
4,775,FeatureAgent,50,50
4,776,FeatureAgent,50,50
4,777,FeatureAgent,50,50
4,778,FeatureAgent,50,50
4,779,FeatureAgent,50,50
4,780,FeatureAgent,50,50
4,781,FeatureAgent,50,50
4,782,FeatureAgent,50,50
4,783,FeatureAgent,50,50
4,784,FeatureAgent,50,50
4,785,FeatureAgent,50,50
4,786,FeatureAgent,50,50
4,787,FeatureAgent,50,50
4,788,FeatureAgent,50,50
4,789,FeatureAgent,50,-1
4,790,FeatureAgent,50,50
4,791,FeatureAgent,50,50
4,792,FeatureAgent,50,50
4,793,FeatureAgent,50,50
4,794,FeatureAgent,50,50
4,795,FeatureAgent,50,50
4,796,FeatureAgent,50,50
4,797,FeatureAgent,50,50
4,798,FeatureAgent,50,50
4,799,FeatureAgent,50,50
4,800,FeatureAgent,50,50
4,801,FeatureAgent,50,50
4,802,FeatureAgent,50,50
4,803,FeatureAgent,50,50
4,804,FeatureAgent,50,50
4,805,FeatureAgent,50,50
4,806,FeatureAgent,50,50
4,807,FeatureAgent,50,-1
4,808,FeatureAgent,50,50
4,809,FeatureAgent,50,50
4,810,FeatureAgent,50,50
4,811,FeatureAgent,50,50
4,812,FeatureAgent,50,50
4,813,FeatureAgent,50,50
4,814,FeatureAgent,50,50
4,815,FeatureAgent,50,50
4,816,FeatureAgent,50,50
4,817,FeatureAgent,50,50
4,818,FeatureAgent,50,50
4,819,FeatureAgent,50,50
4,820,FeatureAgent,50,50
4,821,FeatureAgent,50,50
4,822,FeatureAgent,50,50
4,823,FeatureAgent,50,50
4,824,FeatureAgent,50,50
4,825,FeatureAgent,50,50
4,826,FeatureAgent,50,50
4,827,FeatureAgent,50,50
4,828,FeatureAgent,50,50
4,829,FeatureAgent,50,50
4,830,FeatureAgent,50,50
4,831,FeatureAgent,50,50
4,832,FeatureAgent,50,50
4,833,FeatureAgent,50,50
4,834,FeatureAgent,50,50
4,835,FeatureAgent,50,50
4,836,FeatureAgent,50,50
4,837,FeatureAgent,50,50
4,838,FeatureAgent,50,50
4,839,FeatureAgent,50,50
4,840,FeatureAgent,50,50
4,841,FeatureAgent,50,50
4,842,FeatureAgent,50,50
4,843,FeatureAgent,50,-1
4,844,FeatureAgent,50,50
4,845,FeatureAgent,50,50
4,846,FeatureAgent,50,50
4,847,FeatureAgent,50,50
4,848,FeatureAgent,50,50
4,849,FeatureAgent,50,50
4,850,FeatureAgent,50,50
4,851,FeatureAgent,50,-1
4,852,FeatureAgent,50,50
4,853,FeatureAgent,50,50
4,854,FeatureAgent,50,50
4,855,FeatureAgent,50,50
4,856,FeatureAgent,50,50
4,857,FeatureAgent,50,50
4,858,FeatureAgent,50,50
4,859,FeatureAgent,50,50
4,860,FeatureAgent,50,50
4,861,FeatureAgent,50,50
4,862,FeatureAgent,50,50
4,863,FeatureAgent,50,50
4,864,FeatureAgent,50,50
4,865,FeatureAgent,50,50
4,866,FeatureAgent,50,50
4,867,FeatureAgent,50,50
4,868,FeatureAgent,50,50
4,869,FeatureAgent,50,50
4,870,FeatureAgent,50,50
4,871,FeatureAgent,50,50
4,872,FeatureAgent,50,50
4,873,FeatureAgent,50,50
4,874,FeatureAgent,50,50
4,875,FeatureAgent,50,50
4,876,FeatureAgent,50,50
4,877,FeatureAgent,50,50
4,878,FeatureAgent,50,50
4,879,FeatureAgent,50,50
4,880,FeatureAgent,50,50
4,881,FeatureAgent,50,50
4,882,FeatureAgent,50,50
4,883,FeatureAgent,50,50
4,884,FeatureAgent,50,50
4,885,FeatureAgent,50,50
4,886,FeatureAgent,50,50
4,887,FeatureAgent,50,50
4,888,FeatureAgent,50,50
4,889,FeatureAgent,50,50
4,890,FeatureAgent,50,50
4,891,FeatureAgent,50,50
4,892,FeatureAgent,50,50
4,893,FeatureAgent,50,50
4,894,FeatureAgent,50,50
4,895,FeatureAgent,50,50
4,896,FeatureAgent,50,50
4,897,FeatureAgent,50,50
4,898,FeatureAgent,50,50
4,899,FeatureAgent,50,50
4,900,FeatureAgent,50,50
4,901,FeatureAgent,50,50
4,902,FeatureAgent,50,50
4,903,FeatureAgent,31,-20
4,904,FeatureAgent,50,50
4,905,FeatureAgent,50,50
4,906,FeatureAgent,50,50
4,907,FeatureAgent,50,50
4,908,FeatureAgent,50,50
4,909,FeatureAgent,50,50
4,910,FeatureAgent,50,50
4,911,FeatureAgent,50,50
4,912,FeatureAgent,50,50
4,913,FeatureAgent,50,50
4,914,FeatureAgent,50,50
4,915,FeatureAgent,50,50
4,916,FeatureAgent,50,50
4,917,FeatureAgent,50,50
4,918,FeatureAgent,50,50
4,919,FeatureAgent,50,50
4,920,FeatureAgent,50,50
4,921,FeatureAgent,50,50
4,922,FeatureAgent,50,50
4,923,FeatureAgent,50,50
4,924,FeatureAgent,50,50
4,925,FeatureAgent,50,50
4,926,FeatureAgent,50,50
4,927,FeatureAgent,50,50
4,928,FeatureAgent,50,50
4,929,FeatureAgent,50,50
4,930,FeatureAgent,50,50
4,931,FeatureAgent,50,50
4,932,FeatureAgent,50,50
4,933,FeatureAgent,50,50
4,934,FeatureAgent,50,50
4,935,FeatureAgent,50,50
4,936,FeatureAgent,50,50
4,937,FeatureAgent,50,50
4,938,FeatureAgent,50,50
4,939,FeatureAgent,50,50
4,940,FeatureAgent,50,50
4,941,FeatureAgent,50,50
4,942,FeatureAgent,50,50
4,943,FeatureAgent,50,50
4,944,FeatureAgent,50,50
4,945,FeatureAgent,50,50
4,946,FeatureAgent,50,50
4,947,FeatureAgent,50,50
4,948,FeatureAgent,50,-1
4,949,FeatureAgent,50,50
4,950,FeatureAgent,50,50
4,951,FeatureAgent,50,50
4,952,FeatureAgent,50,50
4,953,FeatureAgent,50,50
4,954,FeatureAgent,50,50
4,955,FeatureAgent,50,50
4,956,FeatureAgent,50,-1
4,957,FeatureAgent,50,50
4,958,FeatureAgent,50,50
4,959,FeatureAgent,50,50
4,960,FeatureAgent,50,50
4,961,FeatureAgent,50,50
4,962,FeatureAgent,50,50
4,963,FeatureAgent,11,-40
4,964,FeatureAgent,50,50
4,965,FeatureAgent,50,50
4,966,FeatureAgent,50,50
4,967,FeatureAgent,50,50
4,968,FeatureAgent,50,50
4,969,FeatureAgent,50,50
4,970,FeatureAgent,50,50
4,971,FeatureAgent,50,50
4,972,FeatureAgent,50,50
4,973,FeatureAgent,50,50
4,974,FeatureAgent,50,50
4,975,FeatureAgent,50,50
4,976,FeatureAgent,50,-1
4,977,FeatureAgent,37,-14
4,978,FeatureAgent,6,6
4,979,FeatureAgent,50,50
4,980,FeatureAgent,4,4
4,981,FeatureAgent,2,2
4,982,FeatureAgent,50,50
4,983,FeatureAgent,50,50
4,984,FeatureAgent,50,50
4,985,FeatureAgent,50,50
4,986,FeatureAgent,50,50
4,987,FeatureAgent,50,50
4,988,FeatureAgent,50,50
4,989,FeatureAgent,50,50
4,990,FeatureAgent,50,50
4,991,FeatureAgent,50,50
4,992,FeatureAgent,50,50
4,993,FeatureAgent,50,50
4,994,FeatureAgent,50,50
4,995,FeatureAgent,50,50
4,996,FeatureAgent,50,50
4,997,FeatureAgent,50,50
4,998,FeatureAgent,50,50
4,999,FeatureAgent,50,50
4,1000,FeatureAgent,50,50
5,1,FeatureAgent,1,1
5,2,FeatureAgent,2,2
5,3,FeatureAgent,1,1
5,4,FeatureAgent,1,1
5,5,FeatureAgent,1,1
5,6,FeatureAgent,1,1
5,7,FeatureAgent,11,11
5,8,FeatureAgent,1,1
5,9,FeatureAgent,8,8
5,10,FeatureAgent,6,6
5,11,FeatureAgent,1,1
5,12,FeatureAgent,46,46
5,13,FeatureAgent,50,50
5,14,FeatureAgent,50,50
5,15,FeatureAgent,50,50
5,16,FeatureAgent,50,50
5,17,FeatureAgent,50,50
5,18,FeatureAgent,50,50
5,19,FeatureAgent,50,50
5,20,FeatureAgent,50,50
5,21,FeatureAgent,50,50
5,22,FeatureAgent,50,50
5,23,FeatureAgent,50,50
5,24,FeatureAgent,50,50
5,25,FeatureAgent,50,50
5,26,FeatureAgent,50,50
5,27,FeatureAgent,50,50
5,28,FeatureAgent,50,50
5,29,FeatureAgent,50,50
5,30,FeatureAgent,14,-37
5,31,FeatureAgent,2,2
5,32,FeatureAgent,1,1
5,33,FeatureAgent,1,1
5,34,FeatureAgent,7,7
5,35,FeatureAgent,3,3
5,36,FeatureAgent,2,2
5,37,FeatureAgent,4,4
5,38,FeatureAgent,2,2
5,39,FeatureAgent,1,1
5,40,FeatureAgent,2,2
5,41,FeatureAgent,1,1
5,42,FeatureAgent,4,4
5,43,FeatureAgent,1,1
5,44,FeatureAgent,50,50
5,45,FeatureAgent,50,50
5,46,FeatureAgent,50,50
5,47,FeatureAgent,50,50
5,48,FeatureAgent,50,50
5,49,FeatureAgent,50,50
5,50,FeatureAgent,50,50
5,51,FeatureAgent,50,50
5,52,FeatureAgent,50,50
5,53,FeatureAgent,50,50
5,54,FeatureAgent,50,50
5,55,FeatureAgent,50,50
5,56,FeatureAgent,50,50
5,57,FeatureAgent,50,50
5,58,FeatureAgent,50,50
5,59,FeatureAgent,50,50
5,60,FeatureAgent,50,50
5,61,FeatureAgent,50,50
5,62,FeatureAgent,50,50
5,63,FeatureAgent,50,50
5,64,FeatureAgent,50,50
5,65,FeatureAgent,50,50
5,66,FeatureAgent,50,50
5,67,FeatureAgent,50,50
5,68,FeatureAgent,50,50
5,69,FeatureAgent,50,50
5,70,FeatureAgent,26,-25
5,71,FeatureAgent,1,1
5,72,FeatureAgent,1,1
5,73,FeatureAgent,1,1
5,74,FeatureAgent,1,1
5,75,FeatureAgent,1,1
5,76,FeatureAgent,1,1
5,77,FeatureAgent,7,7
5,78,FeatureAgent,4,4
5,79,FeatureAgent,1,1
5,80,FeatureAgent,1,1
5,81,FeatureAgent,1,1
5,82,FeatureAgent,1,1
5,83,FeatureAgent,2,2
5,84,FeatureAgent,4,4
5,85,FeatureAgent,50,50
5,86,FeatureAgent,50,50
5,87,FeatureAgent,50,50
5,88,FeatureAgent,50,50
5,89,FeatureAgent,50,50
5,90,FeatureAgent,50,50
5,91,FeatureAgent,50,50
5,92,FeatureAgent,50,50
5,93,FeatureAgent,50,50
5,94,FeatureAgent,50,50
5,95,FeatureAgent,50,50
5,96,FeatureAgent,50,50
5,97,FeatureAgent,50,50
5,98,FeatureAgent,50,50
5,99,FeatureAgent,50,50
5,100,FeatureAgent,50,50
5,101,FeatureAgent,50,50
5,102,FeatureAgent,50,50
5,103,FeatureAgent,50,50
5,104,FeatureAgent,50,50
5,105,FeatureAgent,50,50
5,106,FeatureAgent,50,50
5,107,FeatureAgent,50,50
5,108,FeatureAgent,50,50
5,109,FeatureAgent,50,50
5,110,FeatureAgent,50,50
5,111,FeatureAgent,50,50
5,112,FeatureAgent,50,50
5,113,FeatureAgent,50,50
5,114,FeatureAgent,50,50
5,115,FeatureAgent,50,50
5,116,FeatureAgent,50,50
5,117,FeatureAgent,50,50
5,118,FeatureAgent,50,50
5,119,FeatureAgent,50,50
5,120,FeatureAgent,50,50
5,121,FeatureAgent,50,50
5,122,FeatureAgent,50,50
5,123,FeatureAgent,18,-33
5,124,FeatureAgent,1,1
5,125,FeatureAgent,2,2
5,126,FeatureAgent,4,4
5,127,FeatureAgent,12,12
5,128,FeatureAgent,50,50
5,129,FeatureAgent,50,50
5,130,FeatureAgent,50,50
5,131,FeatureAgent,50,50
5,132,FeatureAgent,50,50
5,133,FeatureAgent,50,50
5,134,FeatureAgent,50,50
5,135,FeatureAgent,50,50
5,136,FeatureAgent,50,50
5,137,FeatureAgent,50,50
5,138,FeatureAgent,50,50
5,139,FeatureAgent,50,50
5,140,FeatureAgent,50,50
5,141,FeatureAgent,50,50
5,142,FeatureAgent,48,-3
5,143,FeatureAgent,14,14
5,144,FeatureAgent,50,50
5,145,FeatureAgent,9,9
5,146,FeatureAgent,50,50
5,147,FeatureAgent,50,50
5,148,FeatureAgent,50,50
5,149,FeatureAgent,37,-14
5,150,FeatureAgent,17,17
5,151,FeatureAgent,3,3
5,152,FeatureAgent,1,1
5,153,FeatureAgent,3,3
5,154,FeatureAgent,1,1
5,155,FeatureAgent,11,11
5,156,FeatureAgent,11,11
5,157,FeatureAgent,50,50
5,158,FeatureAgent,50,50
5,159,FeatureAgent,50,50
5,160,FeatureAgent,50,50
5,161,FeatureAgent,50,50
5,162,FeatureAgent,50,50
5,163,FeatureAgent,50,50
5,164,FeatureAgent,50,50
5,165,FeatureAgent,50,50
5,166,FeatureAgent,50,50
5,167,FeatureAgent,50,50
5,168,FeatureAgent,50,50
5,169,FeatureAgent,50,50
5,170,FeatureAgent,50,50
5,171,FeatureAgent,50,50
5,172,FeatureAgent,50,50
5,173,FeatureAgent,50,50
5,174,FeatureAgent,50,50
5,175,FeatureAgent,50,50
5,176,FeatureAgent,50,50
5,177,FeatureAgent,50,50
5,178,FeatureAgent,50,50
5,179,FeatureAgent,50,50
5,180,FeatureAgent,50,50
5,181,FeatureAgent,50,50
5,182,FeatureAgent,50,50
5,183,FeatureAgent,50,50
5,184,FeatureAgent,50,50
5,185,FeatureAgent,50,50
5,186,FeatureAgent,50,50
5,187,FeatureAgent,50,50
5,188,FeatureAgent,50,50
5,189,FeatureAgent,43,-8
5,190,FeatureAgent,4,4
5,191,FeatureAgent,5,5
5,192,FeatureAgent,50,50
5,193,FeatureAgent,50,50
5,194,FeatureAgent,50,50
5,195,FeatureAgent,50,50
5,196,FeatureAgent,50,50
5,197,FeatureAgent,50,50
5,198,FeatureAgent,50,50
5,199,FeatureAgent,50,-1
5,200,FeatureAgent,50,50
5,201,FeatureAgent,50,50
5,202,FeatureAgent,50,50
5,203,FeatureAgent,50,50
5,204,FeatureAgent,50,50
5,205,FeatureAgent,50,50
5,206,FeatureAgent,50,50
5,207,FeatureAgent,50,50
5,208,FeatureAgent,50,50
5,209,FeatureAgent,50,50
5,210,FeatureAgent,50,50
5,211,FeatureAgent,50,50
5,212,FeatureAgent,50,50
5,213,FeatureAgent,50,50
5,214,FeatureAgent,31,-20
5,215,FeatureAgent,50,50
5,216,FeatureAgent,50,50
5,217,FeatureAgent,50,50
5,218,FeatureAgent,50,50
5,219,FeatureAgent,50,50
5,220,FeatureAgent,50,50
5,221,FeatureAgent,50,50
5,222,FeatureAgent,50,50
5,223,FeatureAgent,50,50
5,224,FeatureAgent,50,50
5,225,FeatureAgent,50,50
5,226,FeatureAgent,50,50
5,227,FeatureAgent,50,50
5,228,FeatureAgent,50,50
5,229,FeatureAgent,50,50
5,230,FeatureAgent,50,50
5,231,FeatureAgent,50,50
5,232,FeatureAgent,49,-2
5,233,FeatureAgent,11,11
5,234,FeatureAgent,2,2
5,235,FeatureAgent,2,2
5,236,FeatureAgent,50,50
5,237,FeatureAgent,50,50
5,238,FeatureAgent,50,50
5,239,FeatureAgent,20,-31
5,240,FeatureAgent,21,21
5,241,FeatureAgent,31,31
5,242,FeatureAgent,50,50
5,243,FeatureAgent,50,50
5,244,FeatureAgent,50,50
5,245,FeatureAgent,50,50
5,246,FeatureAgent,50,50
5,247,FeatureAgent,50,50
5,248,FeatureAgent,50,50
5,249,FeatureAgent,50,50
5,250,FeatureAgent,50,50
5,251,FeatureAgent,50,50
5,252,FeatureAgent,50,50
5,253,FeatureAgent,50,50
5,254,FeatureAgent,50,50
5,255,FeatureAgent,50,50
5,256,FeatureAgent,50,50
5,257,FeatureAgent,50,50
5,258,FeatureAgent,50,50
5,259,FeatureAgent,50,50
5,260,FeatureAgent,50,50
5,261,FeatureAgent,50,50
5,262,FeatureAgent,50,50
5,263,FeatureAgent,50,50
5,264,FeatureAgent,50,50
5,265,FeatureAgent,50,50
5,266,FeatureAgent,50,50
5,267,FeatureAgent,30,-21
5,268,FeatureAgent,2,2
5,269,FeatureAgent,7,7
5,270,FeatureAgent,50,50
5,271,FeatureAgent,50,50
5,272,FeatureAgent,50,50
5,273,FeatureAgent,50,50
5,274,FeatureAgent,50,50
5,275,FeatureAgent,50,50
5,276,FeatureAgent,50,50
5,277,FeatureAgent,50,50
5,278,FeatureAgent,50,50
5,279,FeatureAgent,50,50
5,280,FeatureAgent,50,50
5,281,FeatureAgent,45,-6
5,282,FeatureAgent,28,28
5,283,FeatureAgent,50,50
5,284,FeatureAgent,50,50
5,285,FeatureAgent,50,-1
5,286,FeatureAgent,50,50
5,287,FeatureAgent,50,50
5,288,FeatureAgent,50,50
5,289,FeatureAgent,50,50
5,290,FeatureAgent,50,50
5,291,FeatureAgent,50,50
5,292,FeatureAgent,50,50
5,293,FeatureAgent,50,50
5,294,FeatureAgent,50,50
5,295,FeatureAgent,50,50
5,296,FeatureAgent,50,50
5,297,FeatureAgent,50,50
5,298,FeatureAgent,50,50
5,299,FeatureAgent,50,50
5,300,FeatureAgent,50,50
5,301,FeatureAgent,50,50
5,302,FeatureAgent,7,-44
5,303,FeatureAgent,1,1
5,304,FeatureAgent,50,50
5,305,FeatureAgent,5,5
5,306,FeatureAgent,37,-14
5,307,FeatureAgent,50,50
5,308,FeatureAgent,50,50
5,309,FeatureAgent,50,50
5,310,FeatureAgent,50,50
5,311,FeatureAgent,50,50
5,312,FeatureAgent,50,50
5,313,FeatureAgent,50,50
5,314,FeatureAgent,50,-1
5,315,FeatureAgent,50,50
5,316,FeatureAgent,20,-31
5,317,FeatureAgent,9,9
5,318,FeatureAgent,35,35
5,319,FeatureAgent,50,50
5,320,FeatureAgent,50,50
5,321,FeatureAgent,50,50
5,322,FeatureAgent,50,50
5,323,FeatureAgent,50,50
5,324,FeatureAgent,26,-25
5,325,FeatureAgent,50,50
5,326,FeatureAgent,50,50
5,327,FeatureAgent,50,50
5,328,FeatureAgent,50,50
5,329,FeatureAgent,50,50
5,330,FeatureAgent,50,50
5,331,FeatureAgent,50,50
5,332,FeatureAgent,50,-1
5,333,FeatureAgent,50,50
5,334,FeatureAgent,50,50
5,335,FeatureAgent,50,50
5,336,FeatureAgent,50,50
5,337,FeatureAgent,50,50
5,338,FeatureAgent,50,50
5,339,FeatureAgent,50,50
5,340,FeatureAgent,50,50
5,341,FeatureAgent,50,50
5,342,FeatureAgent,50,50
5,343,FeatureAgent,50,50
5,344,FeatureAgent,50,50
5,345,FeatureAgent,50,50
5,346,FeatureAgent,50,50
5,347,FeatureAgent,50,50
5,348,FeatureAgent,50,50
5,349,FeatureAgent,50,50
5,350,FeatureAgent,50,-1
5,351,FeatureAgent,49,-2
5,352,FeatureAgent,50,50
5,353,FeatureAgent,50,50
5,354,FeatureAgent,50,50
5,355,FeatureAgent,50,50
5,356,FeatureAgent,50,50
5,357,FeatureAgent,50,50
5,358,FeatureAgent,50,50
5,359,FeatureAgent,50,50
5,360,FeatureAgent,50,50
5,361,FeatureAgent,42,-9
5,362,FeatureAgent,14,14
5,363,FeatureAgent,50,50
5,364,FeatureAgent,50,50
5,365,FeatureAgent,50,50
5,366,FeatureAgent,50,50
5,367,FeatureAgent,50,50
5,368,FeatureAgent,30,-21
5,369,FeatureAgent,50,50
5,370,FeatureAgent,50,50
5,371,FeatureAgent,50,50
5,372,FeatureAgent,50,50
5,373,FeatureAgent,50,50
5,374,FeatureAgent,50,50
5,375,FeatureAgent,50,-1
5,376,FeatureAgent,50,50
5,377,FeatureAgent,50,-1
5,378,FeatureAgent,1,1
5,379,FeatureAgent,17,17
5,380,FeatureAgent,9,9
5,381,FeatureAgent,50,50
5,382,FeatureAgent,15,-36
5,383,FeatureAgent,1,1
5,384,FeatureAgent,1,1
5,385,FeatureAgent,1,1
5,386,FeatureAgent,7,7
5,387,FeatureAgent,4,4
5,388,FeatureAgent,5,5
5,389,FeatureAgent,50,50
5,390,FeatureAgent,50,50
5,391,FeatureAgent,50,50
5,392,FeatureAgent,50,50
5,393,FeatureAgent,50,-1
5,394,FeatureAgent,50,50
5,395,FeatureAgent,50,50
5,396,FeatureAgent,50,50
5,397,FeatureAgent,50,50
5,398,FeatureAgent,50,50
5,399,FeatureAgent,50,50
5,400,FeatureAgent,50,50
5,401,FeatureAgent,50,50
5,402,FeatureAgent,50,50
5,403,FeatureAgent,50,50
5,404,FeatureAgent,50,50
5,405,FeatureAgent,50,50
5,406,FeatureAgent,50,50
5,407,FeatureAgent,50,50
5,408,FeatureAgent,50,50
5,409,FeatureAgent,50,50
5,410,FeatureAgent,50,50
5,411,FeatureAgent,50,50
5,412,FeatureAgent,50,50
5,413,FeatureAgent,50,50
5,414,FeatureAgent,50,-1
5,415,FeatureAgent,50,50
5,416,FeatureAgent,50,50
5,417,FeatureAgent,50,50
5,418,FeatureAgent,50,50
5,419,FeatureAgent,50,50
5,420,FeatureAgent,50,50
5,421,FeatureAgent,50,50
5,422,FeatureAgent,50,50
5,423,FeatureAgent,50,50
5,424,FeatureAgent,50,50
5,425,FeatureAgent,50,50
5,426,FeatureAgent,50,50
5,427,FeatureAgent,50,50
5,428,FeatureAgent,50,50
5,429,FeatureAgent,50,50
5,430,FeatureAgent,50,50
5,431,FeatureAgent,50,50
5,432,FeatureAgent,50,50
5,433,FeatureAgent,50,50
5,434,FeatureAgent,50,50
5,435,FeatureAgent,50,50
5,436,FeatureAgent,50,-1
5,437,FeatureAgent,50,50
5,438,FeatureAgent,50,50
5,439,FeatureAgent,50,50
5,440,FeatureAgent,50,50
5,441,FeatureAgent,50,50
5,442,FeatureAgent,50,50
5,443,FeatureAgent,50,50
5,444,FeatureAgent,50,50
5,445,FeatureAgent,50,50
5,446,FeatureAgent,50,50
5,447,FeatureAgent,50,50
5,448,FeatureAgent,50,50
5,449,FeatureAgent,50,50
5,450,FeatureAgent,50,50
5,451,FeatureAgent,50,50
5,452,FeatureAgent,50,50
5,453,FeatureAgent,50,50
5,454,FeatureAgent,50,50
5,455,FeatureAgent,50,50
5,456,FeatureAgent,50,50
5,457,FeatureAgent,50,50
5,458,FeatureAgent,50,50
5,459,FeatureAgent,50,50
5,460,FeatureAgent,50,50
5,461,FeatureAgent,50,50
5,462,FeatureAgent,50,50
5,463,FeatureAgent,50,50
5,464,FeatureAgent,50,50
5,465,FeatureAgent,50,50
5,466,FeatureAgent,50,50
5,467,FeatureAgent,50,50
5,468,FeatureAgent,50,50
5,469,FeatureAgent,50,50
5,470,FeatureAgent,50,50
5,471,FeatureAgent,50,50
5,472,FeatureAgent,50,50
5,473,FeatureAgent,50,50
5,474,FeatureAgent,50,50
5,475,FeatureAgent,50,50
5,476,FeatureAgent,50,50
5,477,FeatureAgent,50,50
5,478,FeatureAgent,50,50
5,479,FeatureAgent,50,50
5,480,FeatureAgent,50,50
5,481,FeatureAgent,50,50
5,482,FeatureAgent,50,50
5,483,FeatureAgent,50,50
5,484,FeatureAgent,50,50
5,485,FeatureAgent,50,50
5,486,FeatureAgent,50,-1
5,487,FeatureAgent,50,50
5,488,FeatureAgent,50,50
5,489,FeatureAgent,50,50
5,490,FeatureAgent,50,50
5,491,FeatureAgent,50,50
5,492,FeatureAgent,50,50
5,493,FeatureAgent,50,50
5,494,FeatureAgent,50,50
5,495,FeatureAgent,50,50
5,496,FeatureAgent,50,50
5,497,FeatureAgent,50,50
5,498,FeatureAgent,50,50
5,499,FeatureAgent,50,50
5,500,FeatureAgent,50,50
5,501,FeatureAgent,50,50
5,502,FeatureAgent,50,50
5,503,FeatureAgent,50,50
5,504,FeatureAgent,50,50
5,505,FeatureAgent,50,50
5,506,FeatureAgent,50,50
5,507,FeatureAgent,50,50
5,508,FeatureAgent,50,50
5,509,FeatureAgent,50,50
5,510,FeatureAgent,50,50
5,511,FeatureAgent,50,50
5,512,FeatureAgent,50,50
5,513,FeatureAgent,50,50
5,514,FeatureAgent,50,50
5,515,FeatureAgent,50,50
5,516,FeatureAgent,50,50
5,517,FeatureAgent,50,50
5,518,FeatureAgent,50,50
5,519,FeatureAgent,50,50
5,520,FeatureAgent,50,50
5,521,FeatureAgent,50,50
5,522,FeatureAgent,50,50
5,523,FeatureAgent,50,50
5,524,FeatureAgent,50,50
5,525,FeatureAgent,50,50
5,526,FeatureAgent,50,50
5,527,FeatureAgent,50,50
5,528,FeatureAgent,50,50
5,529,FeatureAgent,50,50
5,530,FeatureAgent,50,50
5,531,FeatureAgent,50,50
5,532,FeatureAgent,50,50
5,533,FeatureAgent,50,50
5,534,FeatureAgent,50,50
5,535,FeatureAgent,50,50
5,536,FeatureAgent,50,50
5,537,FeatureAgent,50,-1
5,538,FeatureAgent,50,50
5,539,FeatureAgent,50,50
5,540,FeatureAgent,50,50
5,541,FeatureAgent,50,50
5,542,FeatureAgent,50,50
5,543,FeatureAgent,50,50
5,544,FeatureAgent,50,50
5,545,FeatureAgent,23,-28
5,546,FeatureAgent,10,10
5,547,FeatureAgent,38,-13
5,548,FeatureAgent,50,50
5,549,FeatureAgent,50,50
5,550,FeatureAgent,50,50
5,551,FeatureAgent,50,50
5,552,FeatureAgent,50,50
5,553,FeatureAgent,50,50
5,554,FeatureAgent,50,50
5,555,FeatureAgent,50,50
5,556,FeatureAgent,50,50
5,557,FeatureAgent,50,50
5,558,FeatureAgent,50,50
5,559,FeatureAgent,50,50
5,560,FeatureAgent,50,50
5,561,FeatureAgent,50,50
5,562,FeatureAgent,50,50
5,563,FeatureAgent,50,50
5,564,FeatureAgent,50,50
5,565,FeatureAgent,50,50
5,566,FeatureAgent,50,50
5,567,FeatureAgent,50,50
5,568,FeatureAgent,50,50
5,569,FeatureAgent,50,50
5,570,FeatureAgent,50,50
5,571,FeatureAgent,50,50
5,572,FeatureAgent,50,50
5,573,FeatureAgent,50,50
5,574,FeatureAgent,50,50
5,575,FeatureAgent,50,50
5,576,FeatureAgent,50,50
5,577,FeatureAgent,50,50
5,578,FeatureAgent,50,50
5,579,FeatureAgent,50,50
5,580,FeatureAgent,50,50
5,581,FeatureAgent,50,50
5,582,FeatureAgent,50,50
5,583,FeatureAgent,50,50
5,584,FeatureAgent,50,50
5,585,FeatureAgent,50,50
5,586,FeatureAgent,50,50
5,587,FeatureAgent,50,50
5,588,FeatureAgent,27,-24
5,589,FeatureAgent,50,-1
5,590,FeatureAgent,50,50
5,591,FeatureAgent,50,50
5,592,FeatureAgent,50,50
5,593,FeatureAgent,50,50
5,594,FeatureAgent,50,50
5,595,FeatureAgent,50,50
5,596,FeatureAgent,50,50
5,597,FeatureAgent,50,50
5,598,FeatureAgent,50,50
5,599,FeatureAgent,50,50
5,600,FeatureAgent,50,50
5,601,FeatureAgent,50,50
5,602,FeatureAgent,50,50
5,603,FeatureAgent,50,50
5,604,FeatureAgent,50,50
5,605,FeatureAgent,50,50
5,606,FeatureAgent,50,50
5,607,FeatureAgent,50,50
5,608,FeatureAgent,50,50
5,609,FeatureAgent,50,50
5,610,FeatureAgent,50,50
5,611,FeatureAgent,50,-1
5,612,FeatureAgent,50,50
5,613,FeatureAgent,50,50
5,614,FeatureAgent,50,50
5,615,FeatureAgent,50,50
5,616,FeatureAgent,50,-1
5,617,FeatureAgent,50,50
5,618,FeatureAgent,50,50
5,619,FeatureAgent,50,50
5,620,FeatureAgent,50,50
5,621,FeatureAgent,50,50
5,622,FeatureAgent,50,50
5,623,FeatureAgent,50,50
5,624,FeatureAgent,50,50
5,625,FeatureAgent,50,50
5,626,FeatureAgent,50,50
5,627,FeatureAgent,50,50
5,628,FeatureAgent,50,50
5,629,FeatureAgent,50,50
5,630,FeatureAgent,50,50
5,631,FeatureAgent,50,50
5,632,FeatureAgent,50,50
5,633,FeatureAgent,50,50
5,634,FeatureAgent,50,50
5,635,FeatureAgent,50,-1
5,636,FeatureAgent,50,-1
5,637,FeatureAgent,50,50
5,638,FeatureAgent,50,50
5,639,FeatureAgent,50,50
5,640,FeatureAgent,50,50
5,641,FeatureAgent,50,50
5,642,FeatureAgent,50,50
5,643,FeatureAgent,50,50
5,644,FeatureAgent,50,50
5,645,FeatureAgent,50,50
5,646,FeatureAgent,50,50
5,647,FeatureAgent,50,50
5,648,FeatureAgent,50,50
5,649,FeatureAgent,50,50
5,650,FeatureAgent,50,50
5,651,FeatureAgent,50,50
5,652,FeatureAgent,50,50
5,653,FeatureAgent,50,50
5,654,FeatureAgent,50,50
5,655,FeatureAgent,50,50
5,656,FeatureAgent,50,50
5,657,FeatureAgent,50,50
5,658,FeatureAgent,50,50
5,659,FeatureAgent,44,-7
5,660,FeatureAgent,50,50
5,661,FeatureAgent,50,50
5,662,FeatureAgent,50,50
5,663,FeatureAgent,11,-40
5,664,FeatureAgent,19,19
5,665,FeatureAgent,17,17
5,666,FeatureAgent,50,50
5,667,FeatureAgent,37,-14
5,668,FeatureAgent,21,21
5,669,FeatureAgent,9,9
5,670,FeatureAgent,50,50
5,671,FeatureAgent,50,50
5,672,FeatureAgent,40,-11
5,673,FeatureAgent,24,24
5,674,FeatureAgent,8,8
5,675,FeatureAgent,50,50
5,676,FeatureAgent,50,50
5,677,FeatureAgent,50,50
5,678,FeatureAgent,50,50
5,679,FeatureAgent,50,50
5,680,FeatureAgent,50,50
5,681,FeatureAgent,50,50
5,682,FeatureAgent,50,50
5,683,FeatureAgent,50,50
5,684,FeatureAgent,50,50
5,685,FeatureAgent,50,50
5,686,FeatureAgent,50,50
5,687,FeatureAgent,50,50
5,688,FeatureAgent,50,50
5,689,FeatureAgent,50,50
5,690,FeatureAgent,50,50
5,691,FeatureAgent,50,50
5,692,FeatureAgent,50,50
5,693,FeatureAgent,50,50
5,694,FeatureAgent,50,50
5,695,FeatureAgent,50,50
5,696,FeatureAgent,50,50
5,697,FeatureAgent,50,50
5,698,FeatureAgent,50,50
5,699,FeatureAgent,50,50
5,700,FeatureAgent,50,50
5,701,FeatureAgent,50,50
5,702,FeatureAgent,50,50
5,703,FeatureAgent,50,50
5,704,FeatureAgent,50,50
5,705,FeatureAgent,50,50
5,706,FeatureAgent,50,50
5,707,FeatureAgent,50,50
5,708,FeatureAgent,50,50
5,709,FeatureAgent,50,50
5,710,FeatureAgent,50,50
5,711,FeatureAgent,50,50
5,712,FeatureAgent,50,50
5,713,FeatureAgent,50,50
5,714,FeatureAgent,50,50
5,715,FeatureAgent,50,50
5,716,FeatureAgent,50,-1
5,717,FeatureAgent,50,50
5,718,FeatureAgent,50,50
5,719,FeatureAgent,50,50
5,720,FeatureAgent,50,50
5,721,FeatureAgent,50,50
5,722,FeatureAgent,50,50
5,723,FeatureAgent,50,50
5,724,FeatureAgent,50,50
5,725,FeatureAgent,50,50
5,726,FeatureAgent,50,50
5,727,FeatureAgent,50,-1
5,728,FeatureAgent,50,50
5,729,FeatureAgent,50,50
5,730,FeatureAgent,50,50
5,731,FeatureAgent,50,50
5,732,FeatureAgent,50,-1
5,733,FeatureAgent,50,50
5,734,FeatureAgent,50,50
5,735,FeatureAgent,50,50
5,736,FeatureAgent,50,50
5,737,FeatureAgent,50,50
5,738,FeatureAgent,50,50
5,739,FeatureAgent,50,50
5,740,FeatureAgent,50,50
5,741,FeatureAgent,50,50
5,742,FeatureAgent,50,50
5,743,FeatureAgent,50,50
5,744,FeatureAgent,50,50
5,745,FeatureAgent,50,50
5,746,FeatureAgent,50,50
5,747,FeatureAgent,50,50
5,748,FeatureAgent,50,50
5,749,FeatureAgent,50,50
5,750,FeatureAgent,50,50
5,751,FeatureAgent,50,50
5,752,FeatureAgent,50,50
5,753,FeatureAgent,50,50
5,754,FeatureAgent,50,50
5,755,FeatureAgent,50,50
5,756,FeatureAgent,50,50
5,757,FeatureAgent,50,50
5,758,FeatureAgent,50,50
5,759,FeatureAgent,50,50
5,760,FeatureAgent,50,50
5,761,FeatureAgent,50,50
5,762,FeatureAgent,50,-1
5,763,FeatureAgent,50,50
5,764,FeatureAgent,50,50
5,765,FeatureAgent,50,50
5,766,FeatureAgent,50,50
5,767,FeatureAgent,50,50
5,768,FeatureAgent,50,50
5,769,FeatureAgent,50,50
5,770,FeatureAgent,50,50
5,771,FeatureAgent,50,50
5,772,FeatureAgent,50,50
5,773,FeatureAgent,50,50
5,774,FeatureAgent,50,50
5,775,FeatureAgent,50,50
5,776,FeatureAgent,50,50
5,777,FeatureAgent,50,50
5,778,FeatureAgent,50,50
5,779,FeatureAgent,50,50
5,780,FeatureAgent,50,50
5,781,FeatureAgent,50,50
5,782,FeatureAgent,50,50
5,783,FeatureAgent,50,50
5,784,FeatureAgent,50,50
5,785,FeatureAgent,50,50
5,786,FeatureAgent,50,50
5,787,FeatureAgent,50,50
5,788,FeatureAgent,50,50
5,789,FeatureAgent,50,50
5,790,FeatureAgent,50,50
5,791,FeatureAgent,50,-1
5,792,FeatureAgent,50,50
5,793,FeatureAgent,42,-9
5,794,FeatureAgent,50,50
5,795,FeatureAgent,50,50
5,796,FeatureAgent,50,50
5,797,FeatureAgent,50,50
5,798,FeatureAgent,50,50
5,799,FeatureAgent,50,50
5,800,FeatureAgent,50,50
5,801,FeatureAgent,50,50
5,802,FeatureAgent,50,50
5,803,FeatureAgent,50,50
5,804,FeatureAgent,50,50
5,805,FeatureAgent,50,50
5,806,FeatureAgent,50,50
5,807,FeatureAgent,50,50
5,808,FeatureAgent,50,50
5,809,FeatureAgent,50,50
5,810,FeatureAgent,50,50
5,811,FeatureAgent,50,50
5,812,FeatureAgent,50,50
5,813,FeatureAgent,50,50
5,814,FeatureAgent,50,50
5,815,FeatureAgent,50,50
5,816,FeatureAgent,50,50
5,817,FeatureAgent,50,50
5,818,FeatureAgent,50,50
5,819,FeatureAgent,50,50
5,820,FeatureAgent,50,-1
5,821,FeatureAgent,50,50
5,822,FeatureAgent,50,50
5,823,FeatureAgent,50,50
5,824,FeatureAgent,50,50
5,825,FeatureAgent,50,50
5,826,FeatureAgent,50,50
5,827,FeatureAgent,50,50
5,828,FeatureAgent,50,50
5,829,FeatureAgent,50,50
5,830,FeatureAgent,50,-1
5,831,FeatureAgent,50,50
5,832,FeatureAgent,50,50
5,833,FeatureAgent,50,50
5,834,FeatureAgent,50,50
5,835,FeatureAgent,50,50
5,836,FeatureAgent,50,50
5,837,FeatureAgent,50,50
5,838,FeatureAgent,50,50
5,839,FeatureAgent,50,50
5,840,FeatureAgent,50,50
5,841,FeatureAgent,50,50
5,842,FeatureAgent,50,50
5,843,FeatureAgent,50,50
5,844,FeatureAgent,50,50
5,845,FeatureAgent,50,50
5,846,FeatureAgent,50,50
5,847,FeatureAgent,50,50
5,848,FeatureAgent,50,50
5,849,FeatureAgent,50,50
5,850,FeatureAgent,50,50
5,851,FeatureAgent,50,50
5,852,FeatureAgent,50,50
5,853,FeatureAgent,50,50
5,854,FeatureAgent,50,50
5,855,FeatureAgent,50,50
5,856,FeatureAgent,50,50
5,857,FeatureAgent,50,50
5,858,FeatureAgent,50,50
5,859,FeatureAgent,50,50
5,860,FeatureAgent,50,50
5,861,FeatureAgent,50,50
5,862,FeatureAgent,50,50
5,863,FeatureAgent,50,50
5,864,FeatureAgent,50,50
5,865,FeatureAgent,50,50
5,866,FeatureAgent,50,50
5,867,FeatureAgent,50,50
5,868,FeatureAgent,50,50
5,869,FeatureAgent,50,50
5,870,FeatureAgent,50,50
5,871,FeatureAgent,50,50
5,872,FeatureAgent,50,50
5,873,FeatureAgent,50,50
5,874,FeatureAgent,50,50
5,875,FeatureAgent,50,50
5,876,FeatureAgent,50,50
5,877,FeatureAgent,50,50
5,878,FeatureAgent,50,50
5,879,FeatureAgent,50,50
5,880,FeatureAgent,50,50
5,881,FeatureAgent,50,50
5,882,FeatureAgent,50,50
5,883,FeatureAgent,50,50
5,884,FeatureAgent,50,50
5,885,FeatureAgent,50,50
5,886,FeatureAgent,50,50
5,887,FeatureAgent,50,-1
5,888,FeatureAgent,50,50
5,889,FeatureAgent,50,50
5,890,FeatureAgent,50,50
5,891,FeatureAgent,50,50
5,892,FeatureAgent,50,50
5,893,FeatureAgent,50,50
5,894,FeatureAgent,50,50
5,895,FeatureAgent,50,50
5,896,FeatureAgent,50,50
5,897,FeatureAgent,50,-1
5,898,FeatureAgent,50,50
5,899,FeatureAgent,50,50
5,900,FeatureAgent,50,50
5,901,FeatureAgent,50,50
5,902,FeatureAgent,50,50
5,903,FeatureAgent,50,50
5,904,FeatureAgent,50,50
5,905,FeatureAgent,50,50
5,906,FeatureAgent,50,50
5,907,FeatureAgent,50,50
5,908,FeatureAgent,50,50
5,909,FeatureAgent,50,50
5,910,FeatureAgent,50,50
5,911,FeatureAgent,50,50
5,912,FeatureAgent,50,50
5,913,FeatureAgent,50,50
5,914,FeatureAgent,50,50
5,915,FeatureAgent,50,50
5,916,FeatureAgent,50,50
5,917,FeatureAgent,50,50
5,918,FeatureAgent,50,50
5,919,FeatureAgent,50,50
5,920,FeatureAgent,50,50
5,921,FeatureAgent,50,50
5,922,FeatureAgent,50,50
5,923,FeatureAgent,50,50
5,924,FeatureAgent,50,50
5,925,FeatureAgent,50,50
5,926,FeatureAgent,50,50
5,927,FeatureAgent,50,50
5,928,FeatureAgent,50,50
5,929,FeatureAgent,50,50
5,930,FeatureAgent,50,50
5,931,FeatureAgent,50,50
5,932,FeatureAgent,50,50
5,933,FeatureAgent,50,50
5,934,FeatureAgent,50,50
5,935,FeatureAgent,50,50
5,936,FeatureAgent,50,50
5,937,FeatureAgent,50,50
5,938,FeatureAgent,50,50
5,939,FeatureAgent,50,50
5,940,FeatureAgent,50,50
5,941,FeatureAgent,50,50
5,942,FeatureAgent,50,50
5,943,FeatureAgent,50,50
5,944,FeatureAgent,50,50
5,945,FeatureAgent,50,50
5,946,FeatureAgent,50,50
5,947,FeatureAgent,50,50
5,948,FeatureAgent,50,50
5,949,FeatureAgent,50,50
5,950,FeatureAgent,50,50
5,951,FeatureAgent,50,50
5,952,FeatureAgent,50,50
5,953,FeatureAgent,50,50
5,954,FeatureAgent,50,50
5,955,FeatureAgent,50,50
5,956,FeatureAgent,50,50
5,957,FeatureAgent,50,50
5,958,FeatureAgent,50,50
5,959,FeatureAgent,50,50
5,960,FeatureAgent,50,50
5,961,FeatureAgent,50,50
5,962,FeatureAgent,50,50
5,963,FeatureAgent,50,50
5,964,FeatureAgent,50,50
5,965,FeatureAgent,50,50
5,966,FeatureAgent,50,50
5,967,FeatureAgent,50,50
5,968,FeatureAgent,50,50
5,969,FeatureAgent,50,50
5,970,FeatureAgent,50,50
5,971,FeatureAgent,50,50
5,972,FeatureAgent,50,50
5,973,FeatureAgent,50,50
5,974,FeatureAgent,50,50
5,975,FeatureAgent,50,50
5,976,FeatureAgent,50,50
5,977,FeatureAgent,50,50
5,978,FeatureAgent,50,50
5,979,FeatureAgent,50,50
5,980,FeatureAgent,50,50
5,981,FeatureAgent,50,50
5,982,FeatureAgent,50,50
5,983,FeatureAgent,50,50
5,984,FeatureAgent,50,50
5,985,FeatureAgent,50,50
5,986,FeatureAgent,50,50
5,987,FeatureAgent,50,50
5,988,FeatureAgent,50,50
5,989,FeatureAgent,50,50
5,990,FeatureAgent,50,50
5,991,FeatureAgent,50,50
5,992,FeatureAgent,50,50
5,993,FeatureAgent,50,50
5,994,FeatureAgent,50,50
5,995,FeatureAgent,50,50
5,996,FeatureAgent,50,50
5,997,FeatureAgent,50,50
5,998,FeatureAgent,50,50
5,999,FeatureAgent,50,50
5,1000,FeatureAgent,50,50
6,1,FeatureAgent,1,1
6,2,FeatureAgent,13,13
6,3,FeatureAgent,12,12
6,4,FeatureAgent,9,9
6,5,FeatureAgent,10,10
6,6,FeatureAgent,4,4
6,7,FeatureAgent,13,-38
6,8,FeatureAgent,1,1
6,9,FeatureAgent,1,1
6,10,FeatureAgent,9,9
6,11,FeatureAgent,3,3
6,12,FeatureAgent,1,1
6,13,FeatureAgent,1,1
6,14,FeatureAgent,2,2
6,15,FeatureAgent,1,1
6,16,FeatureAgent,1,1
6,17,FeatureAgent,1,1
6,18,FeatureAgent,1,1
6,19,FeatureAgent,2,2
6,20,FeatureAgent,2,2
6,21,FeatureAgent,1,1
6,22,FeatureAgent,4,4
6,23,FeatureAgent,4,4
6,24,FeatureAgent,11,11
6,25,FeatureAgent,10,10
6,26,FeatureAgent,3,3
6,27,FeatureAgent,12,12
6,28,FeatureAgent,5,5
6,29,FeatureAgent,5,5
6,30,FeatureAgent,36,36
6,31,FeatureAgent,20,20
6,32,FeatureAgent,28,-23
6,33,FeatureAgent,1,1
6,34,FeatureAgent,4,4
6,35,FeatureAgent,4,4
6,36,FeatureAgent,4,4
6,37,FeatureAgent,6,6
6,38,FeatureAgent,4,4
6,39,FeatureAgent,2,2
6,40,FeatureAgent,1,1
6,41,FeatureAgent,5,5
6,42,FeatureAgent,1,1
6,43,FeatureAgent,1,1
6,44,FeatureAgent,21,21
6,45,FeatureAgent,14,14
6,46,FeatureAgent,11,11
6,47,FeatureAgent,1,1
6,48,FeatureAgent,2,2
6,49,FeatureAgent,13,-38
6,50,FeatureAgent,40,40
6,51,FeatureAgent,30,30
6,52,FeatureAgent,44,44
6,53,FeatureAgent,25,25
6,54,FeatureAgent,50,50
6,55,FeatureAgent,50,50
6,56,FeatureAgent,50,50
6,57,FeatureAgent,50,50
6,58,FeatureAgent,50,50
6,59,FeatureAgent,50,50
6,60,FeatureAgent,30,-21
6,61,FeatureAgent,1,1
6,62,FeatureAgent,1,1
6,63,FeatureAgent,1,1
6,64,FeatureAgent,1,1
6,65,FeatureAgent,1,1
6,66,FeatureAgent,1,1
6,67,FeatureAgent,1,1
6,68,FeatureAgent,1,1
6,69,FeatureAgent,3,3
6,70,FeatureAgent,2,2
6,71,FeatureAgent,2,2
6,72,FeatureAgent,1,1
6,73,FeatureAgent,1,1
6,74,FeatureAgent,3,3
6,75,FeatureAgent,1,1
6,76,FeatureAgent,1,1
6,77,FeatureAgent,1,1
6,78,FeatureAgent,1,1
6,79,FeatureAgent,6,6
6,80,FeatureAgent,1,1
6,81,FeatureAgent,7,7
6,82,FeatureAgent,25,-26
6,83,FeatureAgent,50,50
6,84,FeatureAgent,50,50
6,85,FeatureAgent,50,50
6,86,FeatureAgent,50,50
6,87,FeatureAgent,50,50
6,88,FeatureAgent,50,50
6,89,FeatureAgent,50,50
6,90,FeatureAgent,50,50
6,91,FeatureAgent,50,50
6,92,FeatureAgent,50,50
6,93,FeatureAgent,50,50
6,94,FeatureAgent,50,50
6,95,FeatureAgent,50,50
6,96,FeatureAgent,50,50
6,97,FeatureAgent,50,50
6,98,FeatureAgent,50,50
6,99,FeatureAgent,50,50
6,100,FeatureAgent,50,50
6,101,FeatureAgent,50,50
6,102,FeatureAgent,50,50
6,103,FeatureAgent,50,50
6,104,FeatureAgent,50,50
6,105,FeatureAgent,50,50
6,106,FeatureAgent,50,50
6,107,FeatureAgent,50,50
6,108,FeatureAgent,17,-34
6,109,FeatureAgent,3,3
6,110,FeatureAgent,3,3
6,111,FeatureAgent,1,1
6,112,FeatureAgent,7,7
6,113,FeatureAgent,16,16
6,114,FeatureAgent,2,2
6,115,FeatureAgent,23,23
6,116,FeatureAgent,4,4
6,117,FeatureAgent,15,-36
6,118,FeatureAgent,22,22
6,119,FeatureAgent,40,40
6,120,FeatureAgent,50,50
6,121,FeatureAgent,50,50
6,122,FeatureAgent,50,50
6,123,FeatureAgent,50,50
6,124,FeatureAgent,41,-10
6,125,FeatureAgent,2,2
6,126,FeatureAgent,1,1
6,127,FeatureAgent,2,2
6,128,FeatureAgent,3,3
6,129,FeatureAgent,4,4
6,130,FeatureAgent,10,10
6,131,FeatureAgent,5,5
6,132,FeatureAgent,11,11
6,133,FeatureAgent,50,50
6,134,FeatureAgent,15,15
6,135,FeatureAgent,8,-43
6,136,FeatureAgent,50,50
6,137,FeatureAgent,50,50
6,138,FeatureAgent,50,50
6,139,FeatureAgent,50,50
6,140,FeatureAgent,50,50
6,141,FeatureAgent,50,50
6,142,FeatureAgent,50,50
6,143,FeatureAgent,50,50
6,144,FeatureAgent,50,50
6,145,FeatureAgent,50,50
6,146,FeatureAgent,50,50
6,147,FeatureAgent,50,50
6,148,FeatureAgent,28,-23
6,149,FeatureAgent,1,1
6,150,FeatureAgent,3,3
6,151,FeatureAgent,2,2
6,152,FeatureAgent,1,1
6,153,FeatureAgent,5,5
6,154,FeatureAgent,4,4
6,155,FeatureAgent,15,15
6,156,FeatureAgent,24,24
6,157,FeatureAgent,50,50
6,158,FeatureAgent,50,50
6,159,FeatureAgent,50,50
6,160,FeatureAgent,50,50
6,161,FeatureAgent,50,50
6,162,FeatureAgent,50,50
6,163,FeatureAgent,50,50
6,164,FeatureAgent,50,50
6,165,FeatureAgent,50,50
6,166,FeatureAgent,50,50
6,167,FeatureAgent,18,-33
6,168,FeatureAgent,6,6
6,169,FeatureAgent,1,1
6,170,FeatureAgent,3,3
6,171,FeatureAgent,5,5
6,172,FeatureAgent,2,2
6,173,FeatureAgent,1,1
6,174,FeatureAgent,50,50
6,175,FeatureAgent,50,50
6,176,FeatureAgent,17,-34
6,177,FeatureAgent,50,50
6,178,FeatureAgent,50,50
6,179,FeatureAgent,50,50
6,180,FeatureAgent,50,50
6,181,FeatureAgent,50,50
6,182,FeatureAgent,50,50
6,183,FeatureAgent,50,50
6,184,FeatureAgent,50,50
6,185,FeatureAgent,50,50
6,186,FeatureAgent,50,50
6,187,FeatureAgent,50,50
6,188,FeatureAgent,50,50
6,189,FeatureAgent,50,50
6,190,FeatureAgent,50,50
6,191,FeatureAgent,50,50
6,192,FeatureAgent,50,50
6,193,FeatureAgent,50,50
6,194,FeatureAgent,50,50
6,195,FeatureAgent,44,-7
6,196,FeatureAgent,3,3
6,197,FeatureAgent,10,10
6,198,FeatureAgent,4,4
6,199,FeatureAgent,9,9
6,200,FeatureAgent,9,9
6,201,FeatureAgent,9,9
6,202,FeatureAgent,14,14
6,203,FeatureAgent,50,50
6,204,FeatureAgent,50,50
6,205,FeatureAgent,50,50
6,206,FeatureAgent,50,50
6,207,FeatureAgent,47,-4
6,208,FeatureAgent,5,5
6,209,FeatureAgent,13,13
6,210,FeatureAgent,1,1
6,211,FeatureAgent,7,7
6,212,FeatureAgent,3,3
6,213,FeatureAgent,15,15
6,214,FeatureAgent,27,27
6,215,FeatureAgent,50,50
6,216,FeatureAgent,12,12
6,217,FeatureAgent,50,50
6,218,FeatureAgent,50,50
6,219,FeatureAgent,50,50
6,220,FeatureAgent,50,50
6,221,FeatureAgent,50,50
6,222,FeatureAgent,50,50
6,223,FeatureAgent,50,50
6,224,FeatureAgent,50,50
6,225,FeatureAgent,50,50
6,226,FeatureAgent,50,50
6,227,FeatureAgent,50,50
6,228,FeatureAgent,50,50
6,229,FeatureAgent,50,50
6,230,FeatureAgent,50,50
6,231,FeatureAgent,50,50
6,232,FeatureAgent,50,50
6,233,FeatureAgent,50,50
6,234,FeatureAgent,50,50
6,235,FeatureAgent,50,50
6,236,FeatureAgent,50,50
6,237,FeatureAgent,50,50
6,238,FeatureAgent,50,50
6,239,FeatureAgent,11,-40
6,240,FeatureAgent,3,3
6,241,FeatureAgent,11,11
6,242,FeatureAgent,10,10
6,243,FeatureAgent,3,3
6,244,FeatureAgent,50,50
6,245,FeatureAgent,50,50
6,246,FeatureAgent,50,50
6,247,FeatureAgent,50,50
6,248,FeatureAgent,50,50
6,249,FeatureAgent,50,50
6,250,FeatureAgent,50,50
6,251,FeatureAgent,50,50
6,252,FeatureAgent,50,50
6,253,FeatureAgent,50,50
6,254,FeatureAgent,50,50
6,255,FeatureAgent,50,50
6,256,FeatureAgent,50,50
6,257,FeatureAgent,50,50
6,258,FeatureAgent,50,50
6,259,FeatureAgent,50,50
6,260,FeatureAgent,50,50
6,261,FeatureAgent,50,50
6,262,FeatureAgent,50,50
6,263,FeatureAgent,50,50
6,264,FeatureAgent,50,50
6,265,FeatureAgent,50,50
6,266,FeatureAgent,50,50
6,267,FeatureAgent,50,50
6,268,FeatureAgent,50,50
6,269,FeatureAgent,50,50
6,270,FeatureAgent,13,-38
6,271,FeatureAgent,1,1
6,272,FeatureAgent,1,1
6,273,FeatureAgent,1,1
6,274,FeatureAgent,50,50
6,275,FeatureAgent,50,50
6,276,FeatureAgent,50,50
6,277,FeatureAgent,50,50
6,278,FeatureAgent,26,-25
6,279,FeatureAgent,8,8
6,280,FeatureAgent,22,22
6,281,FeatureAgent,8,8
6,282,FeatureAgent,23,23
6,283,FeatureAgent,3,3
6,284,FeatureAgent,50,50
6,285,FeatureAgent,50,50
6,286,FeatureAgent,50,50
6,287,FeatureAgent,50,50
6,288,FeatureAgent,11,-40
6,289,FeatureAgent,1,1
6,290,FeatureAgent,2,2
6,291,FeatureAgent,15,15
6,292,FeatureAgent,10,10
6,293,FeatureAgent,50,50
6,294,FeatureAgent,11,11
6,295,FeatureAgent,50,50
6,296,FeatureAgent,50,50
6,297,FeatureAgent,50,50
6,298,FeatureAgent,50,50
6,299,FeatureAgent,50,50
6,300,FeatureAgent,50,50
6,301,FeatureAgent,40,-11
6,302,FeatureAgent,14,14
6,303,FeatureAgent,1,1
6,304,FeatureAgent,4,4
6,305,FeatureAgent,9,9
6,306,FeatureAgent,50,50
6,307,FeatureAgent,50,50
6,308,FeatureAgent,50,50
6,309,FeatureAgent,50,50
6,310,FeatureAgent,50,50
6,311,FeatureAgent,50,50
6,312,FeatureAgent,50,50
6,313,FeatureAgent,50,50
6,314,FeatureAgent,50,50
6,315,FeatureAgent,50,50
6,316,FeatureAgent,50,50
6,317,FeatureAgent,50,50
6,318,FeatureAgent,50,50
6,319,FeatureAgent,50,50
6,320,FeatureAgent,50,50
6,321,FeatureAgent,50,50
6,322,FeatureAgent,50,50
6,323,FeatureAgent,50,50
6,324,FeatureAgent,50,50
6,325,FeatureAgent,50,50
6,326,FeatureAgent,50,50
6,327,FeatureAgent,50,50
6,328,FeatureAgent,50,50
6,329,FeatureAgent,50,50
6,330,FeatureAgent,50,50
6,331,FeatureAgent,50,50
6,332,FeatureAgent,50,50
6,333,FeatureAgent,50,50
6,334,FeatureAgent,50,50
6,335,FeatureAgent,50,50
6,336,FeatureAgent,50,50
6,337,FeatureAgent,50,50
6,338,FeatureAgent,50,50
6,339,FeatureAgent,50,50
6,340,FeatureAgent,50,50
6,341,FeatureAgent,50,50
6,342,FeatureAgent,50,50
6,343,FeatureAgent,50,50
6,344,FeatureAgent,50,50
6,345,FeatureAgent,50,50
6,346,FeatureAgent,50,50
6,347,FeatureAgent,50,50
6,348,FeatureAgent,50,50
6,349,FeatureAgent,50,50
6,350,FeatureAgent,50,50
6,351,FeatureAgent,50,50
6,352,FeatureAgent,50,50
6,353,FeatureAgent,50,50
6,354,FeatureAgent,50,50
6,355,FeatureAgent,50,50
6,356,FeatureAgent,50,50
6,357,FeatureAgent,50,50
6,358,FeatureAgent,50,50
6,359,FeatureAgent,50,50
6,360,FeatureAgent,50,50
6,361,FeatureAgent,50,50
6,362,FeatureAgent,50,50
6,363,FeatureAgent,50,50
6,364,FeatureAgent,50,50
6,365,FeatureAgent,50,50
6,366,FeatureAgent,50,50
6,367,FeatureAgent,50,50
6,368,FeatureAgent,50,50
6,369,FeatureAgent,50,50
6,370,FeatureAgent,50,50
6,371,FeatureAgent,50,50
6,372,FeatureAgent,50,50
6,373,FeatureAgent,50,50
6,374,FeatureAgent,50,50
6,375,FeatureAgent,50,50
6,376,FeatureAgent,50,50
6,377,FeatureAgent,50,50
6,378,FeatureAgent,50,50
6,379,FeatureAgent,50,50
6,380,FeatureAgent,50,50
6,381,FeatureAgent,50,50
6,382,FeatureAgent,50,50
6,383,FeatureAgent,50,50
6,384,FeatureAgent,50,50
6,385,FeatureAgent,50,50
6,386,FeatureAgent,50,50
6,387,FeatureAgent,50,50
6,388,FeatureAgent,50,50
6,389,FeatureAgent,50,50
6,390,FeatureAgent,50,50
6,391,FeatureAgent,50,50
6,392,FeatureAgent,50,50
6,393,FeatureAgent,50,50
6,394,FeatureAgent,50,50
6,395,FeatureAgent,50,50
6,396,FeatureAgent,50,50
6,397,FeatureAgent,35,-16
6,398,FeatureAgent,50,50
6,399,FeatureAgent,50,50
6,400,FeatureAgent,50,50
6,401,FeatureAgent,50,50
6,402,FeatureAgent,50,50
6,403,FeatureAgent,50,50
6,404,FeatureAgent,50,50
6,405,FeatureAgent,50,50
6,406,FeatureAgent,50,50
6,407,FeatureAgent,50,50
6,408,FeatureAgent,50,-1
6,409,FeatureAgent,50,50
6,410,FeatureAgent,50,-1
6,411,FeatureAgent,50,50
6,412,FeatureAgent,50,50
6,413,FeatureAgent,50,50
6,414,FeatureAgent,50,50
6,415,FeatureAgent,50,50
6,416,FeatureAgent,50,50
6,417,FeatureAgent,50,50
6,418,FeatureAgent,50,50
6,419,FeatureAgent,50,50
6,420,FeatureAgent,50,50
6,421,FeatureAgent,50,50
6,422,FeatureAgent,50,50
6,423,FeatureAgent,50,50
6,424,FeatureAgent,50,50
6,425,FeatureAgent,50,50
6,426,FeatureAgent,50,50
6,427,FeatureAgent,50,50
6,428,FeatureAgent,50,-1
6,429,FeatureAgent,50,50
6,430,FeatureAgent,50,50
6,431,FeatureAgent,50,50
6,432,FeatureAgent,50,50
6,433,FeatureAgent,50,50
6,434,FeatureAgent,50,50
6,435,FeatureAgent,50,50
6,436,FeatureAgent,50,50
6,437,FeatureAgent,50,50
6,438,FeatureAgent,50,50
6,439,FeatureAgent,50,50
6,440,FeatureAgent,50,50
6,441,FeatureAgent,50,50
6,442,FeatureAgent,50,50
6,443,FeatureAgent,50,50
6,444,FeatureAgent,50,50
6,445,FeatureAgent,50,50
6,446,FeatureAgent,50,50
6,447,FeatureAgent,50,50
6,448,FeatureAgent,50,50
6,449,FeatureAgent,50,50
6,450,FeatureAgent,50,50
6,451,FeatureAgent,50,50
6,452,FeatureAgent,50,50
6,453,FeatureAgent,50,50
6,454,FeatureAgent,50,50
6,455,FeatureAgent,50,50
6,456,FeatureAgent,50,50
6,457,FeatureAgent,50,50
6,458,FeatureAgent,50,50
6,459,FeatureAgent,50,50
6,460,FeatureAgent,50,50
6,461,FeatureAgent,50,50
6,462,FeatureAgent,50,50
6,463,FeatureAgent,50,50
6,464,FeatureAgent,50,50
6,465,FeatureAgent,44,-7
6,466,FeatureAgent,50,50
6,467,FeatureAgent,50,50
6,468,FeatureAgent,50,50
6,469,FeatureAgent,50,50
6,470,FeatureAgent,50,50
6,471,FeatureAgent,50,50
6,472,FeatureAgent,50,50
6,473,FeatureAgent,50,50
6,474,FeatureAgent,50,50
6,475,FeatureAgent,50,50
6,476,FeatureAgent,50,50
6,477,FeatureAgent,50,50
6,478,FeatureAgent,34,-17
6,479,FeatureAgent,50,50
6,480,FeatureAgent,50,50
6,481,FeatureAgent,50,50
6,482,FeatureAgent,50,50
6,483,FeatureAgent,50,50
6,484,FeatureAgent,50,50
6,485,FeatureAgent,50,50
6,486,FeatureAgent,50,50
6,487,FeatureAgent,50,50
6,488,FeatureAgent,50,50
6,489,FeatureAgent,50,50
6,490,FeatureAgent,50,50
6,491,FeatureAgent,50,50
6,492,FeatureAgent,50,50
6,493,FeatureAgent,50,50
6,494,FeatureAgent,50,50
6,495,FeatureAgent,50,50
6,496,FeatureAgent,50,50
6,497,FeatureAgent,50,50
6,498,FeatureAgent,50,50
6,499,FeatureAgent,50,50
6,500,FeatureAgent,50,50
6,501,FeatureAgent,50,50
6,502,FeatureAgent,50,50
6,503,FeatureAgent,50,50
6,504,FeatureAgent,50,50
6,505,FeatureAgent,50,50
6,506,FeatureAgent,50,50
6,507,FeatureAgent,50,50
6,508,FeatureAgent,50,50
6,509,FeatureAgent,50,50
6,510,FeatureAgent,50,50
6,511,FeatureAgent,50,50
6,512,FeatureAgent,50,50
6,513,FeatureAgent,50,50
6,514,FeatureAgent,50,50
6,515,FeatureAgent,50,50
6,516,FeatureAgent,50,50
6,517,FeatureAgent,11,-40
6,518,FeatureAgent,50,50
6,519,FeatureAgent,50,50
6,520,FeatureAgent,50,50
6,521,FeatureAgent,50,50
6,522,FeatureAgent,50,50
6,523,FeatureAgent,50,50
6,524,FeatureAgent,50,50
6,525,FeatureAgent,50,50
6,526,FeatureAgent,50,50
6,527,FeatureAgent,50,50
6,528,FeatureAgent,50,50
6,529,FeatureAgent,50,50
6,530,FeatureAgent,50,50
6,531,FeatureAgent,50,50
6,532,FeatureAgent,50,50
6,533,FeatureAgent,50,50
6,534,FeatureAgent,36,-15
6,535,FeatureAgent,50,50
6,536,FeatureAgent,50,50
6,537,FeatureAgent,50,50
6,538,FeatureAgent,50,50
6,539,FeatureAgent,50,50
6,540,FeatureAgent,50,50
6,541,FeatureAgent,50,50
6,542,FeatureAgent,50,50
6,543,FeatureAgent,50,50
6,544,FeatureAgent,50,50
6,545,FeatureAgent,50,50
6,546,FeatureAgent,50,50
6,547,FeatureAgent,50,50
6,548,FeatureAgent,50,50
6,549,FeatureAgent,50,50
6,550,FeatureAgent,50,50
6,551,FeatureAgent,50,50
6,552,FeatureAgent,50,50
6,553,FeatureAgent,50,50
6,554,FeatureAgent,50,50
6,555,FeatureAgent,50,50
6,556,FeatureAgent,50,50
6,557,FeatureAgent,50,50
6,558,FeatureAgent,50,50
6,559,FeatureAgent,50,50
6,560,FeatureAgent,50,50
6,561,FeatureAgent,50,50
6,562,FeatureAgent,50,50
6,563,FeatureAgent,50,50
6,564,FeatureAgent,50,50
6,565,FeatureAgent,50,50
6,566,FeatureAgent,50,50
6,567,FeatureAgent,50,50
6,568,FeatureAgent,50,50
6,569,FeatureAgent,50,50
6,570,FeatureAgent,50,50
6,571,FeatureAgent,50,50
6,572,FeatureAgent,50,50
6,573,FeatureAgent,50,50
6,574,FeatureAgent,50,50
6,575,FeatureAgent,50,50
6,576,FeatureAgent,50,50
6,577,FeatureAgent,50,50
6,578,FeatureAgent,50,50
6,579,FeatureAgent,50,50
6,580,FeatureAgent,50,50
6,581,FeatureAgent,50,50
6,582,FeatureAgent,50,50
6,583,FeatureAgent,50,50
6,584,FeatureAgent,50,50
6,585,FeatureAgent,50,50
6,586,FeatureAgent,50,50
6,587,FeatureAgent,50,50
6,588,FeatureAgent,50,50
6,589,FeatureAgent,50,50
6,590,FeatureAgent,50,50
6,591,FeatureAgent,50,50
6,592,FeatureAgent,50,50
6,593,FeatureAgent,50,50
6,594,FeatureAgent,50,50
6,595,FeatureAgent,50,50
6,596,FeatureAgent,50,50
6,597,FeatureAgent,50,50
6,598,FeatureAgent,50,50
6,599,FeatureAgent,50,50
6,600,FeatureAgent,50,50
6,601,FeatureAgent,50,50
6,602,FeatureAgent,50,50
6,603,FeatureAgent,50,50
6,604,FeatureAgent,50,50
6,605,FeatureAgent,50,50
6,606,FeatureAgent,50,50
6,607,FeatureAgent,50,50
6,608,FeatureAgent,50,50
6,609,FeatureAgent,50,50
6,610,FeatureAgent,50,50
6,611,FeatureAgent,50,50
6,612,FeatureAgent,50,50
6,613,FeatureAgent,50,50
6,614,FeatureAgent,50,50
6,615,FeatureAgent,50,50
6,616,FeatureAgent,50,50
6,617,FeatureAgent,50,50
6,618,FeatureAgent,50,50
6,619,FeatureAgent,50,50
6,620,FeatureAgent,50,50
6,621,FeatureAgent,50,50
6,622,FeatureAgent,50,50
6,623,FeatureAgent,50,50
6,624,FeatureAgent,50,50
6,625,FeatureAgent,50,50
6,626,FeatureAgent,50,-1
6,627,FeatureAgent,50,50
6,628,FeatureAgent,50,50
6,629,FeatureAgent,50,50
6,630,FeatureAgent,50,50
6,631,FeatureAgent,50,50
6,632,FeatureAgent,50,50
6,633,FeatureAgent,50,50
6,634,FeatureAgent,50,50
6,635,FeatureAgent,50,50
6,636,FeatureAgent,50,50
6,637,FeatureAgent,50,50
6,638,FeatureAgent,50,50
6,639,FeatureAgent,50,50
6,640,FeatureAgent,50,50
6,641,FeatureAgent,50,50
6,642,FeatureAgent,50,50
6,643,FeatureAgent,50,50
6,644,FeatureAgent,50,50
6,645,FeatureAgent,50,50
6,646,FeatureAgent,50,50
6,647,FeatureAgent,50,50
6,648,FeatureAgent,50,50
6,649,FeatureAgent,50,50
6,650,FeatureAgent,50,50
6,651,FeatureAgent,50,50
6,652,FeatureAgent,50,50
6,653,FeatureAgent,50,50
6,654,FeatureAgent,50,50
6,655,FeatureAgent,50,50
6,656,FeatureAgent,50,50
6,657,FeatureAgent,50,50
6,658,FeatureAgent,50,50
6,659,FeatureAgent,50,50
6,660,FeatureAgent,50,50
6,661,FeatureAgent,50,50
6,662,FeatureAgent,50,50
6,663,FeatureAgent,50,50
6,664,FeatureAgent,50,50
6,665,FeatureAgent,50,50
6,666,FeatureAgent,50,50
6,667,FeatureAgent,50,50
6,668,FeatureAgent,50,50
6,669,FeatureAgent,50,50
6,670,FeatureAgent,50,50
6,671,FeatureAgent,50,50
6,672,FeatureAgent,50,50
6,673,FeatureAgent,50,50
6,674,FeatureAgent,28,-23
6,675,FeatureAgent,50,50
6,676,FeatureAgent,50,50
6,677,FeatureAgent,50,50
6,678,FeatureAgent,50,50
6,679,FeatureAgent,50,50
6,680,FeatureAgent,50,50
6,681,FeatureAgent,50,50
6,682,FeatureAgent,50,50
6,683,FeatureAgent,50,50
6,684,FeatureAgent,50,50
6,685,FeatureAgent,50,50
6,686,FeatureAgent,50,50
6,687,FeatureAgent,50,50
6,688,FeatureAgent,50,50
6,689,FeatureAgent,50,50
6,690,FeatureAgent,50,50
6,691,FeatureAgent,50,50
6,692,FeatureAgent,50,50
6,693,FeatureAgent,50,50
6,694,FeatureAgent,50,50
6,695,FeatureAgent,50,50
6,696,FeatureAgent,50,50
6,697,FeatureAgent,50,50
6,698,FeatureAgent,50,50
6,699,FeatureAgent,50,50
6,700,FeatureAgent,50,50
6,701,FeatureAgent,50,50
6,702,FeatureAgent,50,50
6,703,FeatureAgent,50,50
6,704,FeatureAgent,50,50
6,705,FeatureAgent,50,50
6,706,FeatureAgent,50,50
6,707,FeatureAgent,50,50
6,708,FeatureAgent,50,50
6,709,FeatureAgent,50,50
6,710,FeatureAgent,50,50
6,711,FeatureAgent,50,50
6,712,FeatureAgent,50,50
6,713,FeatureAgent,50,50
6,714,FeatureAgent,50,50
6,715,FeatureAgent,50,-1
6,716,FeatureAgent,50,50
6,717,FeatureAgent,50,50
6,718,FeatureAgent,50,50
6,719,FeatureAgent,50,50
6,720,FeatureAgent,50,50
6,721,FeatureAgent,50,50
6,722,FeatureAgent,50,50
6,723,FeatureAgent,50,50
6,724,FeatureAgent,50,50
6,725,FeatureAgent,50,50
6,726,FeatureAgent,50,50
6,727,FeatureAgent,50,50
6,728,FeatureAgent,50,50
6,729,FeatureAgent,50,50
6,730,FeatureAgent,50,50
6,731,FeatureAgent,50,50
6,732,FeatureAgent,50,50
6,733,FeatureAgent,50,50
6,734,FeatureAgent,50,50
6,735,FeatureAgent,50,50
6,736,FeatureAgent,50,50
6,737,FeatureAgent,50,50
6,738,FeatureAgent,50,50
6,739,FeatureAgent,50,50
6,740,FeatureAgent,50,50
6,741,FeatureAgent,50,50
6,742,FeatureAgent,50,50
6,743,FeatureAgent,50,50
6,744,FeatureAgent,50,50
6,745,FeatureAgent,50,50
6,746,FeatureAgent,50,50
6,747,FeatureAgent,50,50
6,748,FeatureAgent,50,50
6,749,FeatureAgent,50,50
6,750,FeatureAgent,50,50
6,751,FeatureAgent,50,50
6,752,FeatureAgent,50,50
6,753,FeatureAgent,50,50
6,754,FeatureAgent,50,50
6,755,FeatureAgent,50,50
6,756,FeatureAgent,50,50
6,757,FeatureAgent,50,50
6,758,FeatureAgent,50,50
6,759,FeatureAgent,50,50
6,760,FeatureAgent,50,50
6,761,FeatureAgent,50,50
6,762,FeatureAgent,50,50
6,763,FeatureAgent,50,50
6,764,FeatureAgent,50,50
6,765,FeatureAgent,50,50
6,766,FeatureAgent,50,50
6,767,FeatureAgent,50,50
6,768,FeatureAgent,50,50
6,769,FeatureAgent,50,50
6,770,FeatureAgent,50,50
6,771,FeatureAgent,50,50
6,772,FeatureAgent,50,50
6,773,FeatureAgent,50,50
6,774,FeatureAgent,50,50
6,775,FeatureAgent,50,50
6,776,FeatureAgent,50,50
6,777,FeatureAgent,50,50
6,778,FeatureAgent,50,50
6,779,FeatureAgent,50,50
6,780,FeatureAgent,50,50
6,781,FeatureAgent,50,50
6,782,FeatureAgent,50,50
6,783,FeatureAgent,50,50
6,784,FeatureAgent,50,50
6,785,FeatureAgent,50,50
6,786,FeatureAgent,50,50
6,787,FeatureAgent,50,50
6,788,FeatureAgent,50,50
6,789,FeatureAgent,50,50
6,790,FeatureAgent,50,50
6,791,FeatureAgent,50,50
6,792,FeatureAgent,50,50
6,793,FeatureAgent,50,50
6,794,FeatureAgent,50,50
6,795,FeatureAgent,50,50
6,796,FeatureAgent,50,50
6,797,FeatureAgent,50,50
6,798,FeatureAgent,50,50
6,799,FeatureAgent,50,50
6,800,FeatureAgent,50,50
6,801,FeatureAgent,50,50
6,802,FeatureAgent,50,50
6,803,FeatureAgent,50,50
6,804,FeatureAgent,50,50
6,805,FeatureAgent,50,50
6,806,FeatureAgent,50,50
6,807,FeatureAgent,50,50
6,808,FeatureAgent,50,50
6,809,FeatureAgent,50,50
6,810,FeatureAgent,50,50
6,811,FeatureAgent,50,50
6,812,FeatureAgent,50,50
6,813,FeatureAgent,50,50
6,814,FeatureAgent,50,50
6,815,FeatureAgent,50,50
6,816,FeatureAgent,50,50
6,817,FeatureAgent,50,50
6,818,FeatureAgent,50,50
6,819,FeatureAgent,50,50
6,820,FeatureAgent,50,50
6,821,FeatureAgent,50,50
6,822,FeatureAgent,50,50
6,823,FeatureAgent,50,50
6,824,FeatureAgent,50,50
6,825,FeatureAgent,50,50
6,826,FeatureAgent,50,50
6,827,FeatureAgent,50,50
6,828,FeatureAgent,50,50
6,829,FeatureAgent,50,50
6,830,FeatureAgent,50,50
6,831,FeatureAgent,50,50
6,832,FeatureAgent,50,50
6,833,FeatureAgent,50,50
6,834,FeatureAgent,50,50
6,835,FeatureAgent,50,50
6,836,FeatureAgent,50,50
6,837,FeatureAgent,50,50
6,838,FeatureAgent,50,50
6,839,FeatureAgent,50,50
6,840,FeatureAgent,50,50
6,841,FeatureAgent,50,50
6,842,FeatureAgent,50,50
6,843,FeatureAgent,50,50
6,844,FeatureAgent,50,50
6,845,FeatureAgent,50,50
6,846,FeatureAgent,50,-1
6,847,FeatureAgent,50,50
6,848,FeatureAgent,50,50
6,849,FeatureAgent,50,50
6,850,FeatureAgent,50,50
6,851,FeatureAgent,50,50
6,852,FeatureAgent,50,50
6,853,FeatureAgent,50,50
6,854,FeatureAgent,50,50
6,855,FeatureAgent,50,50
6,856,FeatureAgent,50,50
6,857,FeatureAgent,50,50
6,858,FeatureAgent,50,50
6,859,FeatureAgent,50,50
6,860,FeatureAgent,50,50
6,861,FeatureAgent,50,50
6,862,FeatureAgent,50,50
6,863,FeatureAgent,50,50
6,864,FeatureAgent,50,50
6,865,FeatureAgent,50,50
6,866,FeatureAgent,50,50
6,867,FeatureAgent,50,50
6,868,FeatureAgent,50,50
6,869,FeatureAgent,50,50
6,870,FeatureAgent,50,50
6,871,FeatureAgent,50,50
6,872,FeatureAgent,40,-11
6,873,FeatureAgent,50,50
6,874,FeatureAgent,50,50
6,875,FeatureAgent,50,50
6,876,FeatureAgent,50,50
6,877,FeatureAgent,50,50
6,878,FeatureAgent,50,50
6,879,FeatureAgent,50,50
6,880,FeatureAgent,50,50
6,881,FeatureAgent,50,50
6,882,FeatureAgent,50,50
6,883,FeatureAgent,50,50
6,884,FeatureAgent,50,50
6,885,FeatureAgent,50,50
6,886,FeatureAgent,50,50
6,887,FeatureAgent,50,50
6,888,FeatureAgent,50,50
6,889,FeatureAgent,50,-1
6,890,FeatureAgent,50,50
6,891,FeatureAgent,50,50
6,892,FeatureAgent,50,50
6,893,FeatureAgent,50,50
6,894,FeatureAgent,50,50
6,895,FeatureAgent,50,50
6,896,FeatureAgent,50,50
6,897,FeatureAgent,50,50
6,898,FeatureAgent,50,50
6,899,FeatureAgent,50,50
6,900,FeatureAgent,50,50
6,901,FeatureAgent,50,50
6,902,FeatureAgent,50,50
6,903,FeatureAgent,50,50
6,904,FeatureAgent,50,50
6,905,FeatureAgent,50,-1
6,906,FeatureAgent,50,50
6,907,FeatureAgent,50,50
6,908,FeatureAgent,50,50
6,909,FeatureAgent,50,50
6,910,FeatureAgent,50,50
6,911,FeatureAgent,50,50
6,912,FeatureAgent,50,50
6,913,FeatureAgent,50,-1
6,914,FeatureAgent,50,50
6,915,FeatureAgent,50,50
6,916,FeatureAgent,50,50
6,917,FeatureAgent,50,50
6,918,FeatureAgent,50,50
6,919,FeatureAgent,50,50
6,920,FeatureAgent,50,50
6,921,FeatureAgent,50,50
6,922,FeatureAgent,50,50
6,923,FeatureAgent,50,50
6,924,FeatureAgent,50,50
6,925,FeatureAgent,50,50
6,926,FeatureAgent,50,50
6,927,FeatureAgent,50,50
6,928,FeatureAgent,50,50
6,929,FeatureAgent,50,50
6,930,FeatureAgent,50,50
6,931,FeatureAgent,50,50
6,932,FeatureAgent,50,50
6,933,FeatureAgent,50,50
6,934,FeatureAgent,50,-1
6,935,FeatureAgent,50,50
6,936,FeatureAgent,50,50
6,937,FeatureAgent,50,50
6,938,FeatureAgent,50,50
6,939,FeatureAgent,50,50
6,940,FeatureAgent,50,50
6,941,FeatureAgent,50,50
6,942,FeatureAgent,50,-1
6,943,FeatureAgent,50,50
6,944,FeatureAgent,50,50
6,945,FeatureAgent,50,50
6,946,FeatureAgent,42,-9
6,947,FeatureAgent,50,50
6,948,FeatureAgent,50,50
6,949,FeatureAgent,50,50
6,950,FeatureAgent,50,50
6,951,FeatureAgent,50,50
6,952,FeatureAgent,50,50
6,953,FeatureAgent,50,50
6,954,FeatureAgent,50,50
6,955,FeatureAgent,50,50
6,956,FeatureAgent,50,50
6,957,FeatureAgent,50,50
6,958,FeatureAgent,50,50
6,959,FeatureAgent,50,50
6,960,FeatureAgent,50,50
6,961,FeatureAgent,50,50
6,962,FeatureAgent,50,50
6,963,FeatureAgent,50,50
6,964,FeatureAgent,50,50
6,965,FeatureAgent,50,50
6,966,FeatureAgent,50,50
6,967,FeatureAgent,50,50
6,968,FeatureAgent,50,50
6,969,FeatureAgent,50,50
6,970,FeatureAgent,50,50
6,971,FeatureAgent,50,50
6,972,FeatureAgent,50,50
6,973,FeatureAgent,50,50
6,974,FeatureAgent,50,50
6,975,FeatureAgent,50,50
6,976,FeatureAgent,50,50
6,977,FeatureAgent,50,50
6,978,FeatureAgent,50,50
6,979,FeatureAgent,50,50
6,980,FeatureAgent,50,50
6,981,FeatureAgent,50,50
6,982,FeatureAgent,50,50
6,983,FeatureAgent,50,50
6,984,FeatureAgent,50,50
6,985,FeatureAgent,50,50
6,986,FeatureAgent,50,50
6,987,FeatureAgent,50,50
6,988,FeatureAgent,50,50
6,989,FeatureAgent,50,50
6,990,FeatureAgent,50,50
6,991,FeatureAgent,50,50
6,992,FeatureAgent,50,50
6,993,FeatureAgent,50,50
6,994,FeatureAgent,50,50
6,995,FeatureAgent,50,50
6,996,FeatureAgent,50,50
6,997,FeatureAgent,50,50
6,998,FeatureAgent,50,50
6,999,FeatureAgent,50,50
6,1000,FeatureAgent,50,50
7,1,FeatureAgent,10,10
7,2,FeatureAgent,1,1
7,3,FeatureAgent,5,-46
7,4,FeatureAgent,1,1
7,5,FeatureAgent,2,2
7,6,FeatureAgent,1,1
7,7,FeatureAgent,1,1
7,8,FeatureAgent,1,1
7,9,FeatureAgent,1,1
7,10,FeatureAgent,1,1
7,11,FeatureAgent,1,1
7,12,FeatureAgent,1,1
7,13,FeatureAgent,1,1
7,14,FeatureAgent,1,1
7,15,FeatureAgent,1,1
7,16,FeatureAgent,1,1
7,17,FeatureAgent,1,1
7,18,FeatureAgent,1,1
7,19,FeatureAgent,1,1
7,20,FeatureAgent,1,1
7,21,FeatureAgent,1,1
7,22,FeatureAgent,1,1
7,23,FeatureAgent,5,5
7,24,FeatureAgent,1,1
7,25,FeatureAgent,13,13
7,26,FeatureAgent,3,3
7,27,FeatureAgent,3,3
7,28,FeatureAgent,1,1
7,29,FeatureAgent,6,6
7,30,FeatureAgent,6,6
7,31,FeatureAgent,5,5
7,32,FeatureAgent,7,7
7,33,FeatureAgent,6,6
7,34,FeatureAgent,2,2
7,35,FeatureAgent,1,1
7,36,FeatureAgent,1,1
7,37,FeatureAgent,1,1
7,38,FeatureAgent,33,33
7,39,FeatureAgent,1,1
7,40,FeatureAgent,50,50
7,41,FeatureAgent,50,50
7,42,FeatureAgent,50,50
7,43,FeatureAgent,22,-29
7,44,FeatureAgent,2,2
7,45,FeatureAgent,1,1
7,46,FeatureAgent,3,3
7,47,FeatureAgent,1,1
7,48,FeatureAgent,1,1
7,49,FeatureAgent,1,1
7,50,FeatureAgent,1,1
7,51,FeatureAgent,3,3
7,52,FeatureAgent,1,1
7,53,FeatureAgent,1,1
7,54,FeatureAgent,1,1
7,55,FeatureAgent,1,1
7,56,FeatureAgent,3,3
7,57,FeatureAgent,5,5
7,58,FeatureAgent,1,1
7,59,FeatureAgent,1,1
7,60,FeatureAgent,3,3
7,61,FeatureAgent,2,2
7,62,FeatureAgent,2,2
7,63,FeatureAgent,2,2
7,64,FeatureAgent,8,8
7,65,FeatureAgent,2,2
7,66,FeatureAgent,1,1
7,67,FeatureAgent,1,1
7,68,FeatureAgent,2,2
7,69,FeatureAgent,10,10
7,70,FeatureAgent,2,2
7,71,FeatureAgent,7,7
7,72,FeatureAgent,8,8
7,73,FeatureAgent,29,29
7,74,FeatureAgent,50,50
7,75,FeatureAgent,50,50
7,76,FeatureAgent,20,-31
7,77,FeatureAgent,1,1
7,78,FeatureAgent,1,1
7,79,FeatureAgent,1,1
7,80,FeatureAgent,2,2
7,81,FeatureAgent,1,1
7,82,FeatureAgent,1,1
7,83,FeatureAgent,1,1
7,84,FeatureAgent,2,2
7,85,FeatureAgent,1,1
7,86,FeatureAgent,1,1
7,87,FeatureAgent,1,1
7,88,FeatureAgent,4,4
7,89,FeatureAgent,1,1
7,90,FeatureAgent,2,2
7,91,FeatureAgent,4,4
7,92,FeatureAgent,1,1
7,93,FeatureAgent,1,1
7,94,FeatureAgent,1,1
7,95,FeatureAgent,1,1
7,96,FeatureAgent,5,5
7,97,FeatureAgent,2,2
7,98,FeatureAgent,1,1
7,99,FeatureAgent,1,1
7,100,FeatureAgent,1,1
7,101,FeatureAgent,1,1
7,102,FeatureAgent,2,2
7,103,FeatureAgent,33,33
7,104,FeatureAgent,50,50
7,105,FeatureAgent,50,50
7,106,FeatureAgent,50,50
7,107,FeatureAgent,38,-13
7,108,FeatureAgent,1,1
7,109,FeatureAgent,1,1
7,110,FeatureAgent,1,1
7,111,FeatureAgent,2,2
7,112,FeatureAgent,1,1
7,113,FeatureAgent,1,1
7,114,FeatureAgent,1,1
7,115,FeatureAgent,1,1
7,116,FeatureAgent,2,2
7,117,FeatureAgent,1,1
7,118,FeatureAgent,2,2
7,119,FeatureAgent,1,1
7,120,FeatureAgent,1,1
7,121,FeatureAgent,1,1
7,122,FeatureAgent,1,1
7,123,FeatureAgent,1,1
7,124,FeatureAgent,1,1
7,125,FeatureAgent,1,1
7,126,FeatureAgent,2,2
7,127,FeatureAgent,1,1
7,128,FeatureAgent,1,1
7,129,FeatureAgent,1,1
7,130,FeatureAgent,1,1
7,131,FeatureAgent,3,3
7,132,FeatureAgent,50,50
7,133,FeatureAgent,50,50
7,134,FeatureAgent,50,50
7,135,FeatureAgent,50,50
7,136,FeatureAgent,50,50
7,137,FeatureAgent,50,50
7,138,FeatureAgent,50,50
7,139,FeatureAgent,50,50
7,140,FeatureAgent,50,50
7,141,FeatureAgent,50,50
7,142,FeatureAgent,50,50
7,143,FeatureAgent,50,50
7,144,FeatureAgent,50,50
7,145,FeatureAgent,50,50
7,146,FeatureAgent,50,50
7,147,FeatureAgent,50,50
7,148,FeatureAgent,50,50
7,149,FeatureAgent,50,50
7,150,FeatureAgent,29,-22
7,151,FeatureAgent,2,2
7,152,FeatureAgent,1,1
7,153,FeatureAgent,2,2
7,154,FeatureAgent,1,1
7,155,FeatureAgent,2,2
7,156,FeatureAgent,2,2
7,157,FeatureAgent,1,1
7,158,FeatureAgent,1,1
7,159,FeatureAgent,1,1
7,160,FeatureAgent,1,1
7,161,FeatureAgent,4,4
7,162,FeatureAgent,8,8
7,163,FeatureAgent,50,50
7,164,FeatureAgent,50,50
7,165,FeatureAgent,50,50
7,166,FeatureAgent,50,50
7,167,FeatureAgent,50,50
7,168,FeatureAgent,50,50
7,169,FeatureAgent,50,50
7,170,FeatureAgent,50,50
7,171,FeatureAgent,50,50
7,172,FeatureAgent,50,50
7,173,FeatureAgent,50,50
7,174,FeatureAgent,50,50
7,175,FeatureAgent,50,50
7,176,FeatureAgent,50,50
7,177,FeatureAgent,50,50
7,178,FeatureAgent,50,50
7,179,FeatureAgent,50,50
7,180,FeatureAgent,50,50
7,181,FeatureAgent,50,50
7,182,FeatureAgent,50,50
7,183,FeatureAgent,50,50
7,184,FeatureAgent,42,-9
7,185,FeatureAgent,6,6
7,186,FeatureAgent,2,2
7,187,FeatureAgent,9,9
7,188,FeatureAgent,1,1
7,189,FeatureAgent,1,1
7,190,FeatureAgent,50,50
7,191,FeatureAgent,28,28
7,192,FeatureAgent,50,50
7,193,FeatureAgent,50,50
7,194,FeatureAgent,50,50
7,195,FeatureAgent,50,50
7,196,FeatureAgent,50,50
7,197,FeatureAgent,50,50
7,198,FeatureAgent,50,50
7,199,FeatureAgent,50,50
7,200,FeatureAgent,50,50
7,201,FeatureAgent,50,50
7,202,FeatureAgent,50,50
7,203,FeatureAgent,50,50
7,204,FeatureAgent,50,50
7,205,FeatureAgent,50,50
7,206,FeatureAgent,50,50
7,207,FeatureAgent,50,50
7,208,FeatureAgent,30,-21
7,209,FeatureAgent,10,10
7,210,FeatureAgent,2,2
7,211,FeatureAgent,50,50
7,212,FeatureAgent,50,50
7,213,FeatureAgent,24,24
7,214,FeatureAgent,50,50
7,215,FeatureAgent,9,9
7,216,FeatureAgent,14,-37
7,217,FeatureAgent,50,50
7,218,FeatureAgent,50,50
7,219,FeatureAgent,50,50
7,220,FeatureAgent,50,50
7,221,FeatureAgent,22,-29
7,222,FeatureAgent,4,4
7,223,FeatureAgent,6,6
7,224,FeatureAgent,6,6
7,225,FeatureAgent,2,2
7,226,FeatureAgent,30,30
7,227,FeatureAgent,18,18
7,228,FeatureAgent,20,20
7,229,FeatureAgent,7,7
7,230,FeatureAgent,50,50
7,231,FeatureAgent,50,50
7,232,FeatureAgent,50,50
7,233,FeatureAgent,50,50
7,234,FeatureAgent,50,50
7,235,FeatureAgent,50,50
7,236,FeatureAgent,50,50
7,237,FeatureAgent,50,50
7,238,FeatureAgent,50,50
7,239,FeatureAgent,50,50
7,240,FeatureAgent,50,50
7,241,FeatureAgent,50,50
7,242,FeatureAgent,50,50
7,243,FeatureAgent,50,50
7,244,FeatureAgent,50,50
7,245,FeatureAgent,50,50
7,246,FeatureAgent,50,50
7,247,FeatureAgent,50,50
7,248,FeatureAgent,50,50
7,249,FeatureAgent,50,50
7,250,FeatureAgent,50,50
7,251,FeatureAgent,50,50
7,252,FeatureAgent,50,50
7,253,FeatureAgent,50,50
7,254,FeatureAgent,33,-18
7,255,FeatureAgent,14,14
7,256,FeatureAgent,10,10
7,257,FeatureAgent,50,50
7,258,FeatureAgent,50,50
7,259,FeatureAgent,50,50
7,260,FeatureAgent,50,50
7,261,FeatureAgent,50,50
7,262,FeatureAgent,50,50
7,263,FeatureAgent,50,50
7,264,FeatureAgent,17,-34
7,265,FeatureAgent,2,2
7,266,FeatureAgent,5,5
7,267,FeatureAgent,50,50
7,268,FeatureAgent,50,50
7,269,FeatureAgent,50,50
7,270,FeatureAgent,50,50
7,271,FeatureAgent,50,50
7,272,FeatureAgent,50,50
7,273,FeatureAgent,50,50
7,274,FeatureAgent,50,50
7,275,FeatureAgent,50,50
7,276,FeatureAgent,43,-8
7,277,FeatureAgent,50,50
7,278,FeatureAgent,22,22
7,279,FeatureAgent,50,50
7,280,FeatureAgent,50,50
7,281,FeatureAgent,50,50
7,282,FeatureAgent,50,50
7,283,FeatureAgent,50,50
7,284,FeatureAgent,50,50
7,285,FeatureAgent,50,50
7,286,FeatureAgent,31,-20
7,287,FeatureAgent,2,2
7,288,FeatureAgent,1,1
7,289,FeatureAgent,5,5
7,290,FeatureAgent,4,4
7,291,FeatureAgent,8,8
7,292,FeatureAgent,50,50
7,293,FeatureAgent,50,50
7,294,FeatureAgent,50,50
7,295,FeatureAgent,27,-24
7,296,FeatureAgent,1,1
7,297,FeatureAgent,3,3
7,298,FeatureAgent,1,1
7,299,FeatureAgent,9,9
7,300,FeatureAgent,3,3
7,301,FeatureAgent,50,50
7,302,FeatureAgent,50,50
7,303,FeatureAgent,50,50
7,304,FeatureAgent,50,50
7,305,FeatureAgent,50,50
7,306,FeatureAgent,50,50
7,307,FeatureAgent,50,50
7,308,FeatureAgent,36,-15
7,309,FeatureAgent,9,9
7,310,FeatureAgent,14,14
7,311,FeatureAgent,9,9
7,312,FeatureAgent,14,14
7,313,FeatureAgent,50,50
7,314,FeatureAgent,50,50
7,315,FeatureAgent,50,50
7,316,FeatureAgent,50,50
7,317,FeatureAgent,50,50
7,318,FeatureAgent,50,50
7,319,FeatureAgent,50,50
7,320,FeatureAgent,50,50
7,321,FeatureAgent,50,50
7,322,FeatureAgent,50,50
7,323,FeatureAgent,50,50
7,324,FeatureAgent,50,50
7,325,FeatureAgent,50,50
7,326,FeatureAgent,50,50
7,327,FeatureAgent,50,50
7,328,FeatureAgent,50,50
7,329,FeatureAgent,50,50
7,330,FeatureAgent,50,50
7,331,FeatureAgent,50,50
7,332,FeatureAgent,50,50
7,333,FeatureAgent,50,50
7,334,FeatureAgent,50,50
7,335,FeatureAgent,50,50
7,336,FeatureAgent,50,50
7,337,FeatureAgent,50,50
7,338,FeatureAgent,50,50
7,339,FeatureAgent,50,50
7,340,FeatureAgent,50,50
7,341,FeatureAgent,50,50
7,342,FeatureAgent,50,50
7,343,FeatureAgent,50,50
7,344,FeatureAgent,40,-11
7,345,FeatureAgent,2,2
7,346,FeatureAgent,2,2
7,347,FeatureAgent,50,50
7,348,FeatureAgent,50,50
7,349,FeatureAgent,50,50
7,350,FeatureAgent,50,50
7,351,FeatureAgent,50,50
7,352,FeatureAgent,50,50
7,353,FeatureAgent,50,-1
7,354,FeatureAgent,3,3
7,355,FeatureAgent,50,50
7,356,FeatureAgent,50,50
7,357,FeatureAgent,50,50
7,358,FeatureAgent,50,50
7,359,FeatureAgent,50,50
7,360,FeatureAgent,50,50
7,361,FeatureAgent,50,50
7,362,FeatureAgent,50,50
7,363,FeatureAgent,50,50
7,364,FeatureAgent,50,50
7,365,FeatureAgent,50,50
7,366,FeatureAgent,50,50
7,367,FeatureAgent,50,50
7,368,FeatureAgent,50,50
7,369,FeatureAgent,50,50
7,370,FeatureAgent,50,50
7,371,FeatureAgent,50,-1
7,372,FeatureAgent,50,50
7,373,FeatureAgent,50,50
7,374,FeatureAgent,50,50
7,375,FeatureAgent,50,50
7,376,FeatureAgent,50,50
7,377,FeatureAgent,50,50
7,378,FeatureAgent,50,50
7,379,FeatureAgent,50,50
7,380,FeatureAgent,50,50
7,381,FeatureAgent,50,50
7,382,FeatureAgent,50,50
7,383,FeatureAgent,50,50
7,384,FeatureAgent,50,50
7,385,FeatureAgent,50,50
7,386,FeatureAgent,50,50
7,387,FeatureAgent,50,50
7,388,FeatureAgent,50,50
7,389,FeatureAgent,50,50
7,390,FeatureAgent,31,-20
7,391,FeatureAgent,14,14
7,392,FeatureAgent,50,50
7,393,FeatureAgent,50,50
7,394,FeatureAgent,50,50
7,395,FeatureAgent,50,50
7,396,FeatureAgent,50,50
7,397,FeatureAgent,50,50
7,398,FeatureAgent,50,50
7,399,FeatureAgent,50,50
7,400,FeatureAgent,50,50
7,401,FeatureAgent,50,50
7,402,FeatureAgent,50,50
7,403,FeatureAgent,50,50
7,404,FeatureAgent,50,-1
7,405,FeatureAgent,50,50
7,406,FeatureAgent,50,50
7,407,FeatureAgent,50,50
7,408,FeatureAgent,50,50
7,409,FeatureAgent,50,50
7,410,FeatureAgent,50,50
7,411,FeatureAgent,50,50
7,412,FeatureAgent,50,50
7,413,FeatureAgent,50,50
7,414,FeatureAgent,8,-43
7,415,FeatureAgent,4,4
7,416,FeatureAgent,4,4
7,417,FeatureAgent,1,1
7,418,FeatureAgent,12,12
7,419,FeatureAgent,7,7
7,420,FeatureAgent,19,19
7,421,FeatureAgent,50,50
7,422,FeatureAgent,50,50
7,423,FeatureAgent,50,50
7,424,FeatureAgent,50,50
7,425,FeatureAgent,50,50
7,426,FeatureAgent,50,50
7,427,FeatureAgent,50,50
7,428,FeatureAgent,50,50
7,429,FeatureAgent,50,50
7,430,FeatureAgent,50,50
7,431,FeatureAgent,50,-1
7,432,FeatureAgent,50,50
7,433,FeatureAgent,50,-1
7,434,FeatureAgent,50,50
7,435,FeatureAgent,36,-15
7,436,FeatureAgent,25,25
7,437,FeatureAgent,50,50
7,438,FeatureAgent,50,50
7,439,FeatureAgent,50,50
7,440,FeatureAgent,50,50
7,441,FeatureAgent,50,50
7,442,FeatureAgent,50,50
7,443,FeatureAgent,50,50
7,444,FeatureAgent,50,50
7,445,FeatureAgent,50,50
7,446,FeatureAgent,50,50
7,447,FeatureAgent,50,50
7,448,FeatureAgent,50,50
7,449,FeatureAgent,50,50
7,450,FeatureAgent,50,50
7,451,FeatureAgent,50,50
7,452,FeatureAgent,50,50
7,453,FeatureAgent,50,50
7,454,FeatureAgent,50,50
7,455,FeatureAgent,50,50
7,456,FeatureAgent,50,50
7,457,FeatureAgent,50,50
7,458,FeatureAgent,50,-1
7,459,FeatureAgent,50,50
7,460,FeatureAgent,50,50
7,461,FeatureAgent,50,50
7,462,FeatureAgent,50,50
7,463,FeatureAgent,50,50
7,464,FeatureAgent,50,50
7,465,FeatureAgent,50,50
7,466,FeatureAgent,50,50
7,467,FeatureAgent,50,50
7,468,FeatureAgent,50,50
7,469,FeatureAgent,50,50
7,470,FeatureAgent,50,50
7,471,FeatureAgent,50,50
7,472,FeatureAgent,50,50
7,473,FeatureAgent,50,50
7,474,FeatureAgent,50,50
7,475,FeatureAgent,50,50
7,476,FeatureAgent,50,50
7,477,FeatureAgent,50,50
7,478,FeatureAgent,50,50
7,479,FeatureAgent,50,50
7,480,FeatureAgent,50,50
7,481,FeatureAgent,50,50
7,482,FeatureAgent,50,50
7,483,FeatureAgent,50,50
7,484,FeatureAgent,50,50
7,485,FeatureAgent,50,50
7,486,FeatureAgent,50,50
7,487,FeatureAgent,50,-1
7,488,FeatureAgent,50,50
7,489,FeatureAgent,50,50
7,490,FeatureAgent,50,50
7,491,FeatureAgent,50,50
7,492,FeatureAgent,50,50
7,493,FeatureAgent,50,50
7,494,FeatureAgent,50,50
7,495,FeatureAgent,50,50
7,496,FeatureAgent,50,50
7,497,FeatureAgent,50,50
7,498,FeatureAgent,50,50
7,499,FeatureAgent,50,50
7,500,FeatureAgent,50,50
7,501,FeatureAgent,50,50
7,502,FeatureAgent,50,50
7,503,FeatureAgent,50,50
7,504,FeatureAgent,50,50
7,505,FeatureAgent,50,50
7,506,FeatureAgent,50,50
7,507,FeatureAgent,50,50
7,508,FeatureAgent,50,50
7,509,FeatureAgent,50,50
7,510,FeatureAgent,50,50
7,511,FeatureAgent,50,50
7,512,FeatureAgent,21,-30
7,513,FeatureAgent,12,12
7,514,FeatureAgent,50,50
7,515,FeatureAgent,50,50
7,516,FeatureAgent,50,50
7,517,FeatureAgent,50,50
7,518,FeatureAgent,50,50
7,519,FeatureAgent,50,50
7,520,FeatureAgent,50,50
7,521,FeatureAgent,50,50
7,522,FeatureAgent,50,50
7,523,FeatureAgent,50,50
7,524,FeatureAgent,50,50
7,525,FeatureAgent,50,-1
7,526,FeatureAgent,50,50
7,527,FeatureAgent,50,50
7,528,FeatureAgent,50,50
7,529,FeatureAgent,50,50
7,530,FeatureAgent,50,50
7,531,FeatureAgent,50,50
7,532,FeatureAgent,50,50
7,533,FeatureAgent,50,50
7,534,FeatureAgent,50,50
7,535,FeatureAgent,50,50
7,536,FeatureAgent,50,50
7,537,FeatureAgent,50,50
7,538,FeatureAgent,50,50
7,539,FeatureAgent,50,50
7,540,FeatureAgent,50,50
7,541,FeatureAgent,50,50
7,542,FeatureAgent,50,50
7,543,FeatureAgent,50,50
7,544,FeatureAgent,39,-12
7,545,FeatureAgent,50,50
7,546,FeatureAgent,32,-19
7,547,FeatureAgent,41,41
7,548,FeatureAgent,2,2
7,549,FeatureAgent,6,6
7,550,FeatureAgent,50,50
7,551,FeatureAgent,46,-5
7,552,FeatureAgent,50,50
7,553,FeatureAgent,50,50
7,554,FeatureAgent,50,50
7,555,FeatureAgent,50,50
7,556,FeatureAgent,50,50
7,557,FeatureAgent,50,50
7,558,FeatureAgent,50,50
7,559,FeatureAgent,50,50
7,560,FeatureAgent,50,50
7,561,FeatureAgent,50,50
7,562,FeatureAgent,50,50
7,563,FeatureAgent,50,50
7,564,FeatureAgent,50,50
7,565,FeatureAgent,50,50
7,566,FeatureAgent,50,50
7,567,FeatureAgent,50,50
7,568,FeatureAgent,50,50
7,569,FeatureAgent,50,50
7,570,FeatureAgent,50,50
7,571,FeatureAgent,50,50
7,572,FeatureAgent,50,50
7,573,FeatureAgent,50,50
7,574,FeatureAgent,50,50
7,575,FeatureAgent,50,50
7,576,FeatureAgent,50,50
7,577,FeatureAgent,50,50
7,578,FeatureAgent,50,50
7,579,FeatureAgent,50,50
7,580,FeatureAgent,50,50
7,581,FeatureAgent,50,50
7,582,FeatureAgent,50,50
7,583,FeatureAgent,50,50
7,584,FeatureAgent,50,50
7,585,FeatureAgent,50,50
7,586,FeatureAgent,50,50
7,587,FeatureAgent,50,50
7,588,FeatureAgent,50,50
7,589,FeatureAgent,50,50
7,590,FeatureAgent,50,50
7,591,FeatureAgent,50,50
7,592,FeatureAgent,50,50
7,593,FeatureAgent,50,50
7,594,FeatureAgent,50,50
7,595,FeatureAgent,50,50
7,596,FeatureAgent,50,50
7,597,FeatureAgent,50,50
7,598,FeatureAgent,50,50
7,599,FeatureAgent,50,50
7,600,FeatureAgent,50,-1
7,601,FeatureAgent,50,50
7,602,FeatureAgent,50,50
7,603,FeatureAgent,50,50
7,604,FeatureAgent,50,50
7,605,FeatureAgent,50,50
7,606,FeatureAgent,50,50
7,607,FeatureAgent,50,50
7,608,FeatureAgent,50,50
7,609,FeatureAgent,50,50
7,610,FeatureAgent,50,50
7,611,FeatureAgent,50,50
7,612,FeatureAgent,50,50
7,613,FeatureAgent,50,50
7,614,FeatureAgent,50,50
7,615,FeatureAgent,50,50
7,616,FeatureAgent,50,50
7,617,FeatureAgent,50,50
7,618,FeatureAgent,50,50
7,619,FeatureAgent,50,50
7,620,FeatureAgent,50,50
7,621,FeatureAgent,50,-1
7,622,FeatureAgent,50,50
7,623,FeatureAgent,50,50
7,624,FeatureAgent,50,50
7,625,FeatureAgent,50,50
7,626,FeatureAgent,50,50
7,627,FeatureAgent,50,50
7,628,FeatureAgent,50,50
7,629,FeatureAgent,50,50
7,630,FeatureAgent,50,50
7,631,FeatureAgent,50,50
7,632,FeatureAgent,50,50
7,633,FeatureAgent,50,50
7,634,FeatureAgent,50,50
7,635,FeatureAgent,50,50
7,636,FeatureAgent,50,50
7,637,FeatureAgent,50,-1
7,638,FeatureAgent,50,50
7,639,FeatureAgent,50,50
7,640,FeatureAgent,50,50
7,641,FeatureAgent,50,50
7,642,FeatureAgent,50,50
7,643,FeatureAgent,50,50
7,644,FeatureAgent,50,50
7,645,FeatureAgent,50,-1
7,646,FeatureAgent,50,50
7,647,FeatureAgent,50,50
7,648,FeatureAgent,50,50
7,649,FeatureAgent,50,50
7,650,FeatureAgent,50,50
7,651,FeatureAgent,50,50
7,652,FeatureAgent,50,50
7,653,FeatureAgent,50,50
7,654,FeatureAgent,50,50
7,655,FeatureAgent,50,50
7,656,FeatureAgent,50,-1
7,657,FeatureAgent,50,50
7,658,FeatureAgent,50,50
7,659,FeatureAgent,50,50
7,660,FeatureAgent,50,50
7,661,FeatureAgent,50,50
7,662,FeatureAgent,50,50
7,663,FeatureAgent,50,50
7,664,FeatureAgent,50,50
7,665,FeatureAgent,50,50
7,666,FeatureAgent,50,50
7,667,FeatureAgent,50,50
7,668,FeatureAgent,50,50
7,669,FeatureAgent,50,50
7,670,FeatureAgent,50,50
7,671,FeatureAgent,50,50
7,672,FeatureAgent,50,50
7,673,FeatureAgent,50,50
7,674,FeatureAgent,50,50
7,675,FeatureAgent,50,50
7,676,FeatureAgent,50,50
7,677,FeatureAgent,50,50
7,678,FeatureAgent,50,50
7,679,FeatureAgent,50,50
7,680,FeatureAgent,50,50
7,681,FeatureAgent,50,50
7,682,FeatureAgent,50,50
7,683,FeatureAgent,50,50
7,684,FeatureAgent,50,50
7,685,FeatureAgent,50,50
7,686,FeatureAgent,50,50
7,687,FeatureAgent,50,50
7,688,FeatureAgent,50,50
7,689,FeatureAgent,50,50
7,690,FeatureAgent,50,50
7,691,FeatureAgent,50,50
7,692,FeatureAgent,50,50
7,693,FeatureAgent,50,50
7,694,FeatureAgent,50,50
7,695,FeatureAgent,50,50
7,696,FeatureAgent,50,50
7,697,FeatureAgent,50,-1
7,698,FeatureAgent,50,50
7,699,FeatureAgent,50,50
7,700,FeatureAgent,50,50
7,701,FeatureAgent,50,50
7,702,FeatureAgent,50,50
7,703,FeatureAgent,50,50
7,704,FeatureAgent,50,50
7,705,FeatureAgent,50,50
7,706,FeatureAgent,50,50
7,707,FeatureAgent,50,50
7,708,FeatureAgent,50,50
7,709,FeatureAgent,50,50
7,710,FeatureAgent,50,50
7,711,FeatureAgent,50,50
7,712,FeatureAgent,50,50
7,713,FeatureAgent,50,50
7,714,FeatureAgent,50,50
7,715,FeatureAgent,50,50
7,716,FeatureAgent,50,50
7,717,FeatureAgent,50,50
7,718,FeatureAgent,50,50
7,719,FeatureAgent,50,50
7,720,FeatureAgent,50,50
7,721,FeatureAgent,50,50
7,722,FeatureAgent,50,50
7,723,FeatureAgent,50,50
7,724,FeatureAgent,50,50
7,725,FeatureAgent,50,-1
7,726,FeatureAgent,50,50
7,727,FeatureAgent,50,50
7,728,FeatureAgent,50,50
7,729,FeatureAgent,50,50
7,730,FeatureAgent,50,50
7,731,FeatureAgent,50,50
7,732,FeatureAgent,50,50
7,733,FeatureAgent,50,50
7,734,FeatureAgent,50,50
7,735,FeatureAgent,50,50
7,736,FeatureAgent,50,50
7,737,FeatureAgent,50,50
7,738,FeatureAgent,50,50
7,739,FeatureAgent,50,50
7,740,FeatureAgent,50,50
7,741,FeatureAgent,50,50
7,742,FeatureAgent,50,50
7,743,FeatureAgent,50,50
7,744,FeatureAgent,50,50
7,745,FeatureAgent,50,50
7,746,FeatureAgent,50,50
7,747,FeatureAgent,50,50
7,748,FeatureAgent,50,50
7,749,FeatureAgent,50,50
7,750,FeatureAgent,50,50
7,751,FeatureAgent,50,50
7,752,FeatureAgent,50,50
7,753,FeatureAgent,50,50
7,754,FeatureAgent,50,50
7,755,FeatureAgent,50,50
7,756,FeatureAgent,50,50
7,757,FeatureAgent,50,50
7,758,FeatureAgent,50,50
7,759,FeatureAgent,50,50
7,760,FeatureAgent,50,50
7,761,FeatureAgent,50,50
7,762,FeatureAgent,50,50
7,763,FeatureAgent,50,50
7,764,FeatureAgent,50,50
7,765,FeatureAgent,50,50
7,766,FeatureAgent,50,50
7,767,FeatureAgent,50,50
7,768,FeatureAgent,50,50
7,769,FeatureAgent,50,50
7,770,FeatureAgent,50,50
7,771,FeatureAgent,50,-1
7,772,FeatureAgent,50,50
7,773,FeatureAgent,50,50
7,774,FeatureAgent,50,50
7,775,FeatureAgent,50,50
7,776,FeatureAgent,50,50
7,777,FeatureAgent,50,50
7,778,FeatureAgent,50,50
7,779,FeatureAgent,50,50
7,780,FeatureAgent,50,50
7,781,FeatureAgent,50,50
7,782,FeatureAgent,50,50
7,783,FeatureAgent,50,50
7,784,FeatureAgent,50,50
7,785,FeatureAgent,50,50
7,786,FeatureAgent,50,50
7,787,FeatureAgent,50,50
7,788,FeatureAgent,50,50
7,789,FeatureAgent,50,50
7,790,FeatureAgent,50,50
7,791,FeatureAgent,50,50
7,792,FeatureAgent,50,50
7,793,FeatureAgent,50,50
7,794,FeatureAgent,50,50
7,795,FeatureAgent,50,50
7,796,FeatureAgent,50,50
7,797,FeatureAgent,50,-1
7,798,FeatureAgent,50,50
7,799,FeatureAgent,50,50
7,800,FeatureAgent,50,50
7,801,FeatureAgent,50,50
7,802,FeatureAgent,50,-1
7,803,FeatureAgent,50,50
7,804,FeatureAgent,50,50
7,805,FeatureAgent,50,50
7,806,FeatureAgent,50,50
7,807,FeatureAgent,50,50
7,808,FeatureAgent,50,50
7,809,FeatureAgent,50,50
7,810,FeatureAgent,50,50
7,811,FeatureAgent,50,50
7,812,FeatureAgent,50,50
7,813,FeatureAgent,50,50
7,814,FeatureAgent,50,50
7,815,FeatureAgent,50,50
7,816,FeatureAgent,50,50
7,817,FeatureAgent,50,50
7,818,FeatureAgent,50,50
7,819,FeatureAgent,50,50
7,820,FeatureAgent,50,-1
7,821,FeatureAgent,50,50
7,822,FeatureAgent,50,50
7,823,FeatureAgent,50,50
7,824,FeatureAgent,50,50
7,825,FeatureAgent,50,50
7,826,FeatureAgent,50,50
7,827,FeatureAgent,50,50
7,828,FeatureAgent,50,50
7,829,FeatureAgent,50,50
7,830,FeatureAgent,50,50
7,831,FeatureAgent,50,50
7,832,FeatureAgent,50,50
7,833,FeatureAgent,50,50
7,834,FeatureAgent,50,50
7,835,FeatureAgent,50,50
7,836,FeatureAgent,50,50
7,837,FeatureAgent,50,50
7,838,FeatureAgent,50,50
7,839,FeatureAgent,50,50
7,840,FeatureAgent,50,50
7,841,FeatureAgent,50,50
7,842,FeatureAgent,50,50
7,843,FeatureAgent,50,50
7,844,FeatureAgent,50,50
7,845,FeatureAgent,50,50
7,846,FeatureAgent,50,50
7,847,FeatureAgent,50,50
7,848,FeatureAgent,50,50
7,849,FeatureAgent,50,50
7,850,FeatureAgent,50,50
7,851,FeatureAgent,50,50
7,852,FeatureAgent,50,50
7,853,FeatureAgent,50,50
7,854,FeatureAgent,50,50
7,855,FeatureAgent,50,50
7,856,FeatureAgent,50,50
7,857,FeatureAgent,50,50
7,858,FeatureAgent,50,50
7,859,FeatureAgent,50,50
7,860,FeatureAgent,50,50
7,861,FeatureAgent,50,50
7,862,FeatureAgent,50,50
7,863,FeatureAgent,50,50
7,864,FeatureAgent,50,50
7,865,FeatureAgent,50,50
7,866,FeatureAgent,50,50
7,867,FeatureAgent,50,50
7,868,FeatureAgent,50,50
7,869,FeatureAgent,50,50
7,870,FeatureAgent,50,50
7,871,FeatureAgent,50,50
7,872,FeatureAgent,50,50
7,873,FeatureAgent,50,50
7,874,FeatureAgent,50,50
7,875,FeatureAgent,50,50
7,876,FeatureAgent,50,50
7,877,FeatureAgent,50,50
7,878,FeatureAgent,50,50
7,879,FeatureAgent,50,50
7,880,FeatureAgent,50,50
7,881,FeatureAgent,50,50
7,882,FeatureAgent,50,50
7,883,FeatureAgent,50,50
7,884,FeatureAgent,50,50
7,885,FeatureAgent,50,50
7,886,FeatureAgent,50,50
7,887,FeatureAgent,50,50
7,888,FeatureAgent,50,50
7,889,FeatureAgent,50,-1
7,890,FeatureAgent,49,-2
7,891,FeatureAgent,50,50
7,892,FeatureAgent,50,50
7,893,FeatureAgent,50,50
7,894,FeatureAgent,50,50
7,895,FeatureAgent,50,50
7,896,FeatureAgent,50,50
7,897,FeatureAgent,50,50
7,898,FeatureAgent,50,50
7,899,FeatureAgent,50,50
7,900,FeatureAgent,50,50
7,901,FeatureAgent,50,50
7,902,FeatureAgent,50,50
7,903,FeatureAgent,50,50
7,904,FeatureAgent,50,50
7,905,FeatureAgent,50,50
7,906,FeatureAgent,50,50
7,907,FeatureAgent,50,50
7,908,FeatureAgent,50,50
7,909,FeatureAgent,50,50
7,910,FeatureAgent,50,50
7,911,FeatureAgent,50,50
7,912,FeatureAgent,50,50
7,913,FeatureAgent,50,-1
7,914,FeatureAgent,50,50
7,915,FeatureAgent,50,50
7,916,FeatureAgent,50,50
7,917,FeatureAgent,50,50
7,918,FeatureAgent,50,50
7,919,FeatureAgent,50,50
7,920,FeatureAgent,50,50
7,921,FeatureAgent,50,50
7,922,FeatureAgent,50,50
7,923,FeatureAgent,50,50
7,924,FeatureAgent,50,50
7,925,FeatureAgent,50,50
7,926,FeatureAgent,50,50
7,927,FeatureAgent,50,50
7,928,FeatureAgent,50,50
7,929,FeatureAgent,50,50
7,930,FeatureAgent,50,50
7,931,FeatureAgent,50,50
7,932,FeatureAgent,50,50
7,933,FeatureAgent,50,50
7,934,FeatureAgent,50,50
7,935,FeatureAgent,50,50
7,936,FeatureAgent,50,50
7,937,FeatureAgent,50,50
7,938,FeatureAgent,50,50
7,939,FeatureAgent,50,50
7,940,FeatureAgent,50,50
7,941,FeatureAgent,50,50
7,942,FeatureAgent,50,50
7,943,FeatureAgent,50,50
7,944,FeatureAgent,50,50
7,945,FeatureAgent,50,50
7,946,FeatureAgent,50,50
7,947,FeatureAgent,50,50
7,948,FeatureAgent,50,50
7,949,FeatureAgent,50,50
7,950,FeatureAgent,50,50
7,951,FeatureAgent,50,50
7,952,FeatureAgent,50,50
7,953,FeatureAgent,50,50
7,954,FeatureAgent,50,50
7,955,FeatureAgent,50,50
7,956,FeatureAgent,50,50
7,957,FeatureAgent,50,50
7,958,FeatureAgent,50,50
7,959,FeatureAgent,50,50
7,960,FeatureAgent,50,50
7,961,FeatureAgent,50,50
7,962,FeatureAgent,50,-1
7,963,FeatureAgent,50,50
7,964,FeatureAgent,50,50
7,965,FeatureAgent,50,50
7,966,FeatureAgent,50,50
7,967,FeatureAgent,50,50
7,968,FeatureAgent,50,50
7,969,FeatureAgent,50,50
7,970,FeatureAgent,50,50
7,971,FeatureAgent,50,50
7,972,FeatureAgent,50,-1
7,973,FeatureAgent,50,50
7,974,FeatureAgent,50,50
7,975,FeatureAgent,50,50
7,976,FeatureAgent,50,-1
7,977,FeatureAgent,50,50
7,978,FeatureAgent,50,50
7,979,FeatureAgent,50,50
7,980,FeatureAgent,50,50
7,981,FeatureAgent,50,50
7,982,FeatureAgent,50,50
7,983,FeatureAgent,50,50
7,984,FeatureAgent,50,50
7,985,FeatureAgent,50,50
7,986,FeatureAgent,50,50
7,987,FeatureAgent,50,50
7,988,FeatureAgent,50,50
7,989,FeatureAgent,50,50
7,990,FeatureAgent,50,50
7,991,FeatureAgent,50,50
7,992,FeatureAgent,50,50
7,993,FeatureAgent,50,50
7,994,FeatureAgent,50,50
7,995,FeatureAgent,50,50
7,996,FeatureAgent,50,50
7,997,FeatureAgent,50,50
7,998,FeatureAgent,50,50
7,999,FeatureAgent,50,50
7,1000,FeatureAgent,50,50
8,1,FeatureAgent,1,1
8,2,FeatureAgent,1,1
8,3,FeatureAgent,2,2
8,4,FeatureAgent,5,5
8,5,FeatureAgent,13,13
8,6,FeatureAgent,11,11
8,7,FeatureAgent,1,1
8,8,FeatureAgent,26,26
8,9,FeatureAgent,50,50
8,10,FeatureAgent,50,50
8,11,FeatureAgent,50,50
8,12,FeatureAgent,50,50
8,13,FeatureAgent,50,50
8,14,FeatureAgent,50,50
8,15,FeatureAgent,50,50
8,16,FeatureAgent,50,50
8,17,FeatureAgent,50,50
8,18,FeatureAgent,50,50
8,19,FeatureAgent,50,50
8,20,FeatureAgent,50,50
8,21,FeatureAgent,50,50
8,22,FeatureAgent,50,50
8,23,FeatureAgent,50,50
8,24,FeatureAgent,50,50
8,25,FeatureAgent,50,50
8,26,FeatureAgent,50,50
8,27,FeatureAgent,50,50
8,28,FeatureAgent,50,50
8,29,FeatureAgent,50,50
8,30,FeatureAgent,50,50
8,31,FeatureAgent,50,50
8,32,FeatureAgent,30,-21
8,33,FeatureAgent,2,2
8,34,FeatureAgent,3,3
8,35,FeatureAgent,8,8
8,36,FeatureAgent,2,2
8,37,FeatureAgent,3,3
8,38,FeatureAgent,8,8
8,39,FeatureAgent,9,9
8,40,FeatureAgent,13,13
8,41,FeatureAgent,50,50
8,42,FeatureAgent,38,38
8,43,FeatureAgent,50,50
8,44,FeatureAgent,6,6
8,45,FeatureAgent,50,50
8,46,FeatureAgent,50,50
8,47,FeatureAgent,50,50
8,48,FeatureAgent,50,50
8,49,FeatureAgent,50,50
8,50,FeatureAgent,50,50
8,51,FeatureAgent,50,50
8,52,FeatureAgent,50,50
8,53,FeatureAgent,50,50
8,54,FeatureAgent,50,50
8,55,FeatureAgent,50,50
8,56,FeatureAgent,50,50
8,57,FeatureAgent,50,50
8,58,FeatureAgent,50,50
8,59,FeatureAgent,50,50
8,60,FeatureAgent,50,50
8,61,FeatureAgent,50,50
8,62,FeatureAgent,50,50
8,63,FeatureAgent,50,50
8,64,FeatureAgent,50,50
8,65,FeatureAgent,50,50
8,66,FeatureAgent,50,50
8,67,FeatureAgent,50,50
8,68,FeatureAgent,50,50
8,69,FeatureAgent,50,50
8,70,FeatureAgent,50,50
8,71,FeatureAgent,50,50
8,72,FeatureAgent,50,50
8,73,FeatureAgent,50,50
8,74,FeatureAgent,50,50
8,75,FeatureAgent,17,-34
8,76,FeatureAgent,3,3
8,77,FeatureAgent,1,1
8,78,FeatureAgent,1,1
8,79,FeatureAgent,2,2
8,80,FeatureAgent,1,1
8,81,FeatureAgent,2,2
8,82,FeatureAgent,1,1
8,83,FeatureAgent,1,1
8,84,FeatureAgent,2,2
8,85,FeatureAgent,5,5
8,86,FeatureAgent,3,3
8,87,FeatureAgent,50,50
8,88,FeatureAgent,50,50
8,89,FeatureAgent,50,50
8,90,FeatureAgent,50,50
8,91,FeatureAgent,50,50
8,92,FeatureAgent,50,50
8,93,FeatureAgent,50,50
8,94,FeatureAgent,50,50
8,95,FeatureAgent,50,50
8,96,FeatureAgent,50,50
8,97,FeatureAgent,50,50
8,98,FeatureAgent,50,50
8,99,FeatureAgent,50,50
8,100,FeatureAgent,50,50
8,101,FeatureAgent,50,50
8,102,FeatureAgent,50,50
8,103,FeatureAgent,50,50
8,104,FeatureAgent,50,50
8,105,FeatureAgent,50,50
8,106,FeatureAgent,50,50
8,107,FeatureAgent,50,50
8,108,FeatureAgent,50,50
8,109,FeatureAgent,50,50
8,110,FeatureAgent,50,50
8,111,FeatureAgent,50,50
8,112,FeatureAgent,50,50
8,113,FeatureAgent,50,50
8,114,FeatureAgent,50,50
8,115,FeatureAgent,50,50
8,116,FeatureAgent,50,50
8,117,FeatureAgent,50,50
8,118,FeatureAgent,50,50
8,119,FeatureAgent,50,50
8,120,FeatureAgent,41,-10
8,121,FeatureAgent,33,33
8,122,FeatureAgent,4,4
8,123,FeatureAgent,10,10
8,124,FeatureAgent,50,50
8,125,FeatureAgent,50,50
8,126,FeatureAgent,50,50
8,127,FeatureAgent,50,50
8,128,FeatureAgent,50,50
8,129,FeatureAgent,50,50
8,130,FeatureAgent,50,50
8,131,FeatureAgent,50,50
8,132,FeatureAgent,8,-43
8,133,FeatureAgent,2,2
8,134,FeatureAgent,1,1
8,135,FeatureAgent,1,1
8,136,FeatureAgent,6,6
8,137,FeatureAgent,1,1
8,138,FeatureAgent,50,50
8,139,FeatureAgent,7,7
8,140,FeatureAgent,50,50
8,141,FeatureAgent,50,50
8,142,FeatureAgent,50,50
8,143,FeatureAgent,50,50
8,144,FeatureAgent,50,50
8,145,FeatureAgent,50,50
8,146,FeatureAgent,50,50
8,147,FeatureAgent,50,50
8,148,FeatureAgent,50,50
8,149,FeatureAgent,50,50
8,150,FeatureAgent,50,50
8,151,FeatureAgent,50,50
8,152,FeatureAgent,50,50
8,153,FeatureAgent,50,50
8,154,FeatureAgent,50,50
8,155,FeatureAgent,50,50
8,156,FeatureAgent,50,50
8,157,FeatureAgent,50,50
8,158,FeatureAgent,50,50
8,159,FeatureAgent,50,50
8,160,FeatureAgent,50,50
8,161,FeatureAgent,50,50
8,162,FeatureAgent,50,50
8,163,FeatureAgent,50,50
8,164,FeatureAgent,50,50
8,165,FeatureAgent,50,50
8,166,FeatureAgent,50,50
8,167,FeatureAgent,50,50
8,168,FeatureAgent,50,50
8,169,FeatureAgent,50,50
8,170,FeatureAgent,50,50
8,171,FeatureAgent,50,50
8,172,FeatureAgent,50,50
8,173,FeatureAgent,50,50
8,174,FeatureAgent,50,50
8,175,FeatureAgent,50,50
8,176,FeatureAgent,50,50
8,177,FeatureAgent,50,50
8,178,FeatureAgent,50,50
8,179,FeatureAgent,50,50
8,180,FeatureAgent,50,50
8,181,FeatureAgent,50,50
8,182,FeatureAgent,50,50
8,183,FeatureAgent,50,50
8,184,FeatureAgent,50,50
8,185,FeatureAgent,50,50
8,186,FeatureAgent,50,50
8,187,FeatureAgent,50,50
8,188,FeatureAgent,50,50
8,189,FeatureAgent,50,50
8,190,FeatureAgent,50,50
8,191,FeatureAgent,50,50
8,192,FeatureAgent,50,50
8,193,FeatureAgent,50,50
8,194,FeatureAgent,50,50
8,195,FeatureAgent,50,50
8,196,FeatureAgent,50,50
8,197,FeatureAgent,50,50
8,198,FeatureAgent,50,50
8,199,FeatureAgent,50,50
8,200,FeatureAgent,50,50
8,201,FeatureAgent,50,50
8,202,FeatureAgent,50,50
8,203,FeatureAgent,50,50
8,204,FeatureAgent,50,50
8,205,FeatureAgent,50,50
8,206,FeatureAgent,50,50
8,207,FeatureAgent,50,50
8,208,FeatureAgent,50,50
8,209,FeatureAgent,50,50
8,210,FeatureAgent,50,50
8,211,FeatureAgent,50,50
8,212,FeatureAgent,50,50
8,213,FeatureAgent,50,50
8,214,FeatureAgent,50,50
8,215,FeatureAgent,50,50
8,216,FeatureAgent,50,50
8,217,FeatureAgent,50,50
8,218,FeatureAgent,50,50
8,219,FeatureAgent,50,50
8,220,FeatureAgent,50,50
8,221,FeatureAgent,50,50
8,222,FeatureAgent,50,50
8,223,FeatureAgent,50,50
8,224,FeatureAgent,50,50
8,225,FeatureAgent,50,50
8,226,FeatureAgent,40,-11
8,227,FeatureAgent,50,50
8,228,FeatureAgent,50,50
8,229,FeatureAgent,50,50
8,230,FeatureAgent,50,50
8,231,FeatureAgent,50,50
8,232,FeatureAgent,35,-16
8,233,FeatureAgent,50,50
8,234,FeatureAgent,50,50
8,235,FeatureAgent,50,50
8,236,FeatureAgent,50,50
8,237,FeatureAgent,50,50
8,238,FeatureAgent,50,50
8,239,FeatureAgent,50,50
8,240,FeatureAgent,50,50
8,241,FeatureAgent,50,50
8,242,FeatureAgent,50,50
8,243,FeatureAgent,50,50
8,244,FeatureAgent,50,50
8,245,FeatureAgent,50,50
8,246,FeatureAgent,50,50
8,247,FeatureAgent,50,50
8,248,FeatureAgent,50,50
8,249,FeatureAgent,50,50
8,250,FeatureAgent,50,50
8,251,FeatureAgent,50,50
8,252,FeatureAgent,50,50
8,253,FeatureAgent,50,50
8,254,FeatureAgent,50,50
8,255,FeatureAgent,50,50
8,256,FeatureAgent,50,50
8,257,FeatureAgent,50,50
8,258,FeatureAgent,50,50
8,259,FeatureAgent,50,50
8,260,FeatureAgent,50,50
8,261,FeatureAgent,50,50
8,262,FeatureAgent,50,50
8,263,FeatureAgent,50,50
8,264,FeatureAgent,50,50
8,265,FeatureAgent,50,50
8,266,FeatureAgent,50,50
8,267,FeatureAgent,50,50
8,268,FeatureAgent,50,50
8,269,FeatureAgent,50,50
8,270,FeatureAgent,50,50
8,271,FeatureAgent,50,50
8,272,FeatureAgent,50,50
8,273,FeatureAgent,50,50
8,274,FeatureAgent,50,50
8,275,FeatureAgent,50,50
8,276,FeatureAgent,50,50
8,277,FeatureAgent,50,50
8,278,FeatureAgent,50,50
8,279,FeatureAgent,50,50
8,280,FeatureAgent,50,50
8,281,FeatureAgent,50,50
8,282,FeatureAgent,50,50
8,283,FeatureAgent,50,50
8,284,FeatureAgent,50,-1
8,285,FeatureAgent,50,50
8,286,FeatureAgent,50,50
8,287,FeatureAgent,50,50
8,288,FeatureAgent,50,50
8,289,FeatureAgent,50,50
8,290,FeatureAgent,50,50
8,291,FeatureAgent,50,50
8,292,FeatureAgent,43,-8
8,293,FeatureAgent,50,50
8,294,FeatureAgent,50,50
8,295,FeatureAgent,50,50
8,296,FeatureAgent,50,50
8,297,FeatureAgent,50,50
8,298,FeatureAgent,50,50
8,299,FeatureAgent,50,50
8,300,FeatureAgent,50,50
8,301,FeatureAgent,50,50
8,302,FeatureAgent,50,50
8,303,FeatureAgent,50,50
8,304,FeatureAgent,50,50
8,305,FeatureAgent,50,50
8,306,FeatureAgent,50,50
8,307,FeatureAgent,50,50
8,308,FeatureAgent,50,50
8,309,FeatureAgent,50,50
8,310,FeatureAgent,50,50
8,311,FeatureAgent,50,50
8,312,FeatureAgent,50,50
8,313,FeatureAgent,50,50
8,314,FeatureAgent,50,50
8,315,FeatureAgent,50,50
8,316,FeatureAgent,50,50
8,317,FeatureAgent,50,50
8,318,FeatureAgent,50,50
8,319,FeatureAgent,50,50
8,320,FeatureAgent,50,50
8,321,FeatureAgent,50,-1
8,322,FeatureAgent,50,50
8,323,FeatureAgent,50,-1
8,324,FeatureAgent,27,-24
8,325,FeatureAgent,50,50
8,326,FeatureAgent,50,50
8,327,FeatureAgent,50,50
8,328,FeatureAgent,50,50
8,329,FeatureAgent,50,50
8,330,FeatureAgent,50,50
8,331,FeatureAgent,50,50
8,332,FeatureAgent,50,50
8,333,FeatureAgent,50,50
8,334,FeatureAgent,50,50
8,335,FeatureAgent,50,50
8,336,FeatureAgent,50,50
8,337,FeatureAgent,50,50
8,338,FeatureAgent,50,50
8,339,FeatureAgent,50,50
8,340,FeatureAgent,50,50
8,341,FeatureAgent,50,50
8,342,FeatureAgent,50,50
8,343,FeatureAgent,50,50
8,344,FeatureAgent,50,50
8,345,FeatureAgent,50,50
8,346,FeatureAgent,50,50
8,347,FeatureAgent,50,50
8,348,FeatureAgent,50,50
8,349,FeatureAgent,50,50
8,350,FeatureAgent,50,50
8,351,FeatureAgent,50,50
8,352,FeatureAgent,50,50
8,353,FeatureAgent,50,50
8,354,FeatureAgent,50,50
8,355,FeatureAgent,50,50
8,356,FeatureAgent,50,50
8,357,FeatureAgent,50,50
8,358,FeatureAgent,50,50
8,359,FeatureAgent,50,50
8,360,FeatureAgent,50,50
8,361,FeatureAgent,50,50
8,362,FeatureAgent,50,50
8,363,FeatureAgent,50,50
8,364,FeatureAgent,50,50
8,365,FeatureAgent,50,50
8,366,FeatureAgent,50,50
8,367,FeatureAgent,18,-33
8,368,FeatureAgent,50,50
8,369,FeatureAgent,50,50
8,370,FeatureAgent,50,50
8,371,FeatureAgent,50,50
8,372,FeatureAgent,50,50
8,373,FeatureAgent,50,50
8,374,FeatureAgent,50,50
8,375,FeatureAgent,50,50
8,376,FeatureAgent,50,50
8,377,FeatureAgent,50,50
8,378,FeatureAgent,50,50
8,379,FeatureAgent,50,50
8,380,FeatureAgent,50,50
8,381,FeatureAgent,50,50
8,382,FeatureAgent,50,50
8,383,FeatureAgent,50,50
8,384,FeatureAgent,50,50
8,385,FeatureAgent,50,50
8,386,FeatureAgent,50,50
8,387,FeatureAgent,50,50
8,388,FeatureAgent,50,50
8,389,FeatureAgent,50,50
8,390,FeatureAgent,50,50
8,391,FeatureAgent,50,50
8,392,FeatureAgent,50,50
8,393,FeatureAgent,50,50
8,394,FeatureAgent,50,50
8,395,FeatureAgent,50,50
8,396,FeatureAgent,50,50
8,397,FeatureAgent,50,50
8,398,FeatureAgent,50,50
8,399,FeatureAgent,50,50
8,400,FeatureAgent,50,50
8,401,FeatureAgent,50,50
8,402,FeatureAgent,50,50
8,403,FeatureAgent,50,50
8,404,FeatureAgent,50,50
8,405,FeatureAgent,50,50
8,406,FeatureAgent,50,50
8,407,FeatureAgent,50,50
8,408,FeatureAgent,50,50
8,409,FeatureAgent,7,-44
8,410,FeatureAgent,50,50
8,411,FeatureAgent,50,50
8,412,FeatureAgent,50,50
8,413,FeatureAgent,50,50
8,414,FeatureAgent,50,50
8,415,FeatureAgent,50,50
8,416,FeatureAgent,50,50
8,417,FeatureAgent,50,50
8,418,FeatureAgent,50,50
8,419,FeatureAgent,50,50
8,420,FeatureAgent,50,50
8,421,FeatureAgent,50,50
8,422,FeatureAgent,50,50
8,423,FeatureAgent,50,50
8,424,FeatureAgent,50,50
8,425,FeatureAgent,50,50
8,426,FeatureAgent,50,50
8,427,FeatureAgent,50,50
8,428,FeatureAgent,50,50
8,429,FeatureAgent,50,50
8,430,FeatureAgent,50,50
8,431,FeatureAgent,50,50
8,432,FeatureAgent,50,50
8,433,FeatureAgent,50,50
8,434,FeatureAgent,50,50
8,435,FeatureAgent,50,50
8,436,FeatureAgent,50,50
8,437,FeatureAgent,50,50
8,438,FeatureAgent,50,50
8,439,FeatureAgent,50,50
8,440,FeatureAgent,50,50
8,441,FeatureAgent,50,50
8,442,FeatureAgent,19,-32
8,443,FeatureAgent,50,50
8,444,FeatureAgent,50,50
8,445,FeatureAgent,50,50
8,446,FeatureAgent,50,50
8,447,FeatureAgent,50,50
8,448,FeatureAgent,50,50
8,449,FeatureAgent,50,50
8,450,FeatureAgent,50,50
8,451,FeatureAgent,50,50
8,452,FeatureAgent,50,50
8,453,FeatureAgent,50,50
8,454,FeatureAgent,50,50
8,455,FeatureAgent,50,50
8,456,FeatureAgent,50,50
8,457,FeatureAgent,50,50
8,458,FeatureAgent,50,50
8,459,FeatureAgent,50,50
8,460,FeatureAgent,50,50
8,461,FeatureAgent,50,50
8,462,FeatureAgent,50,50
8,463,FeatureAgent,50,50
8,464,FeatureAgent,50,50
8,465,FeatureAgent,50,50
8,466,FeatureAgent,50,50
8,467,FeatureAgent,50,50
8,468,FeatureAgent,50,50
8,469,FeatureAgent,50,50
8,470,FeatureAgent,50,50
8,471,FeatureAgent,50,50
8,472,FeatureAgent,50,50
8,473,FeatureAgent,50,50
8,474,FeatureAgent,50,-1
8,475,FeatureAgent,50,50
8,476,FeatureAgent,50,50
8,477,FeatureAgent,50,50
8,478,FeatureAgent,50,50
8,479,FeatureAgent,50,50
8,480,FeatureAgent,50,50
8,481,FeatureAgent,50,50
8,482,FeatureAgent,50,50
8,483,FeatureAgent,50,50
8,484,FeatureAgent,50,50
8,485,FeatureAgent,50,50
8,486,FeatureAgent,50,50
8,487,FeatureAgent,50,50
8,488,FeatureAgent,50,50
8,489,FeatureAgent,50,50
8,490,FeatureAgent,50,50
8,491,FeatureAgent,50,50
8,492,FeatureAgent,50,-1
8,493,FeatureAgent,50,50
8,494,FeatureAgent,50,50
8,495,FeatureAgent,50,50
8,496,FeatureAgent,50,50
8,497,FeatureAgent,50,50
8,498,FeatureAgent,50,50
8,499,FeatureAgent,50,50
8,500,FeatureAgent,50,50
8,501,FeatureAgent,50,50
8,502,FeatureAgent,50,50
8,503,FeatureAgent,50,50
8,504,FeatureAgent,50,50
8,505,FeatureAgent,50,50
8,506,FeatureAgent,50,50
8,507,FeatureAgent,50,50
8,508,FeatureAgent,50,50
8,509,FeatureAgent,50,50
8,510,FeatureAgent,50,50
8,511,FeatureAgent,50,50
8,512,FeatureAgent,50,50
8,513,FeatureAgent,50,50
8,514,FeatureAgent,50,50
8,515,FeatureAgent,50,50
8,516,FeatureAgent,50,50
8,517,FeatureAgent,50,50
8,518,FeatureAgent,50,50
8,519,FeatureAgent,50,50
8,520,FeatureAgent,50,50
8,521,FeatureAgent,50,50
8,522,FeatureAgent,50,50
8,523,FeatureAgent,50,50
8,524,FeatureAgent,50,50
8,525,FeatureAgent,50,50
8,526,FeatureAgent,50,50
8,527,FeatureAgent,50,50
8,528,FeatureAgent,50,50
8,529,FeatureAgent,50,50
8,530,FeatureAgent,50,50
8,531,FeatureAgent,50,50
8,532,FeatureAgent,50,-1
8,533,FeatureAgent,50,50
8,534,FeatureAgent,50,50
8,535,FeatureAgent,50,50
8,536,FeatureAgent,50,50
8,537,FeatureAgent,50,50
8,538,FeatureAgent,50,50
8,539,FeatureAgent,50,50
8,540,FeatureAgent,50,50
8,541,FeatureAgent,50,50
8,542,FeatureAgent,50,50
8,543,FeatureAgent,50,50
8,544,FeatureAgent,50,50
8,545,FeatureAgent,50,50
8,546,FeatureAgent,50,50
8,547,FeatureAgent,50,50
8,548,FeatureAgent,50,50
8,549,FeatureAgent,50,50
8,550,FeatureAgent,50,50
8,551,FeatureAgent,50,50
8,552,FeatureAgent,50,50
8,553,FeatureAgent,50,50
8,554,FeatureAgent,50,50
8,555,FeatureAgent,50,50
8,556,FeatureAgent,50,50
8,557,FeatureAgent,50,50
8,558,FeatureAgent,50,50
8,559,FeatureAgent,50,50
8,560,FeatureAgent,50,50
8,561,FeatureAgent,50,50
8,562,FeatureAgent,50,50
8,563,FeatureAgent,50,50
8,564,FeatureAgent,50,50
8,565,FeatureAgent,50,50
8,566,FeatureAgent,50,50
8,567,FeatureAgent,50,50
8,568,FeatureAgent,50,50
8,569,FeatureAgent,50,50
8,570,FeatureAgent,50,50
8,571,FeatureAgent,50,50
8,572,FeatureAgent,50,50
8,573,FeatureAgent,50,50
8,574,FeatureAgent,50,50
8,575,FeatureAgent,50,50
8,576,FeatureAgent,50,50
8,577,FeatureAgent,50,50
8,578,FeatureAgent,50,50
8,579,FeatureAgent,50,50
8,580,FeatureAgent,50,50
8,581,FeatureAgent,50,50
8,582,FeatureAgent,50,-1
8,583,FeatureAgent,4,4
8,584,FeatureAgent,50,50
8,585,FeatureAgent,50,50
8,586,FeatureAgent,50,50
8,587,FeatureAgent,50,50
8,588,FeatureAgent,50,50
8,589,FeatureAgent,50,50
8,590,FeatureAgent,50,50
8,591,FeatureAgent,50,-1
8,592,FeatureAgent,50,50
8,593,FeatureAgent,50,50
8,594,FeatureAgent,50,50
8,595,FeatureAgent,50,-1
8,596,FeatureAgent,50,50
8,597,FeatureAgent,50,-1
8,598,FeatureAgent,50,50
8,599,FeatureAgent,50,50
8,600,FeatureAgent,50,50
8,601,FeatureAgent,50,50
8,602,FeatureAgent,50,50
8,603,FeatureAgent,50,50
8,604,FeatureAgent,50,50
8,605,FeatureAgent,50,50
8,606,FeatureAgent,50,50
8,607,FeatureAgent,50,50
8,608,FeatureAgent,50,50
8,609,FeatureAgent,50,50
8,610,FeatureAgent,50,50
8,611,FeatureAgent,50,50
8,612,FeatureAgent,50,50
8,613,FeatureAgent,50,50
8,614,FeatureAgent,50,50
8,615,FeatureAgent,50,50
8,616,FeatureAgent,50,50
8,617,FeatureAgent,50,50
8,618,FeatureAgent,50,50
8,619,FeatureAgent,50,50
8,620,FeatureAgent,50,-1
8,621,FeatureAgent,50,50
8,622,FeatureAgent,50,50
8,623,FeatureAgent,50,-1
8,624,FeatureAgent,50,50
8,625,FeatureAgent,50,50
8,626,FeatureAgent,50,50
8,627,FeatureAgent,50,50
8,628,FeatureAgent,50,50
8,629,FeatureAgent,50,50
8,630,FeatureAgent,50,50
8,631,FeatureAgent,50,50
8,632,FeatureAgent,50,50
8,633,FeatureAgent,50,50
8,634,FeatureAgent,50,50
8,635,FeatureAgent,50,50
8,636,FeatureAgent,50,50
8,637,FeatureAgent,50,50
8,638,FeatureAgent,50,50
8,639,FeatureAgent,50,50
8,640,FeatureAgent,50,50
8,641,FeatureAgent,50,50
8,642,FeatureAgent,50,50
8,643,FeatureAgent,50,50
8,644,FeatureAgent,50,50
8,645,FeatureAgent,50,50
8,646,FeatureAgent,50,50
8,647,FeatureAgent,50,50
8,648,FeatureAgent,50,50
8,649,FeatureAgent,50,50
8,650,FeatureAgent,50,50
8,651,FeatureAgent,50,50
8,652,FeatureAgent,50,50
8,653,FeatureAgent,50,50
8,654,FeatureAgent,50,50
8,655,FeatureAgent,50,50
8,656,FeatureAgent,50,50
8,657,FeatureAgent,50,50
8,658,FeatureAgent,50,50
8,659,FeatureAgent,50,50
8,660,FeatureAgent,50,50
8,661,FeatureAgent,50,50
8,662,FeatureAgent,50,50
8,663,FeatureAgent,50,50
8,664,FeatureAgent,50,50
8,665,FeatureAgent,50,50
8,666,FeatureAgent,50,50
8,667,FeatureAgent,50,50
8,668,FeatureAgent,50,50
8,669,FeatureAgent,50,50
8,670,FeatureAgent,50,50
8,671,FeatureAgent,50,50
8,672,FeatureAgent,50,50
8,673,FeatureAgent,50,50
8,674,FeatureAgent,50,50
8,675,FeatureAgent,50,50
8,676,FeatureAgent,50,50
8,677,FeatureAgent,50,50
8,678,FeatureAgent,50,50
8,679,FeatureAgent,50,50
8,680,FeatureAgent,50,50
8,681,FeatureAgent,50,50
8,682,FeatureAgent,50,50
8,683,FeatureAgent,50,50
8,684,FeatureAgent,50,50
8,685,FeatureAgent,50,50
8,686,FeatureAgent,50,50
8,687,FeatureAgent,50,50
8,688,FeatureAgent,50,50
8,689,FeatureAgent,50,50
8,690,FeatureAgent,50,50
8,691,FeatureAgent,50,50
8,692,FeatureAgent,50,50
8,693,FeatureAgent,50,50
8,694,FeatureAgent,50,50
8,695,FeatureAgent,50,50
8,696,FeatureAgent,50,50
8,697,FeatureAgent,50,50
8,698,FeatureAgent,50,50
8,699,FeatureAgent,50,50
8,700,FeatureAgent,50,50
8,701,FeatureAgent,50,50
8,702,FeatureAgent,50,50
8,703,FeatureAgent,50,50
8,704,FeatureAgent,50,50
8,705,FeatureAgent,50,50
8,706,FeatureAgent,50,50
8,707,FeatureAgent,50,50
8,708,FeatureAgent,50,50
8,709,FeatureAgent,50,50
8,710,FeatureAgent,50,50
8,711,FeatureAgent,50,50
8,712,FeatureAgent,50,50
8,713,FeatureAgent,50,50
8,714,FeatureAgent,50,50
8,715,FeatureAgent,50,50
8,716,FeatureAgent,50,50
8,717,FeatureAgent,50,50
8,718,FeatureAgent,50,50
8,719,FeatureAgent,50,50
8,720,FeatureAgent,50,50
8,721,FeatureAgent,50,50
8,722,FeatureAgent,50,50
8,723,FeatureAgent,50,50
8,724,FeatureAgent,50,-1
8,725,FeatureAgent,50,50
8,726,FeatureAgent,50,50
8,727,FeatureAgent,50,50
8,728,FeatureAgent,50,50
8,729,FeatureAgent,50,50
8,730,FeatureAgent,50,50
8,731,FeatureAgent,50,50
8,732,FeatureAgent,50,50
8,733,FeatureAgent,50,50
8,734,FeatureAgent,50,50
8,735,FeatureAgent,50,50
8,736,FeatureAgent,50,50
8,737,FeatureAgent,50,50
8,738,FeatureAgent,50,50
8,739,FeatureAgent,50,-1
8,740,FeatureAgent,50,50
8,741,FeatureAgent,50,50
8,742,FeatureAgent,50,50
8,743,FeatureAgent,50,50
8,744,FeatureAgent,50,50
8,745,FeatureAgent,50,50
8,746,FeatureAgent,50,50
8,747,FeatureAgent,50,50
8,748,FeatureAgent,50,50
8,749,FeatureAgent,50,50
8,750,FeatureAgent,50,50
8,751,FeatureAgent,50,50
8,752,FeatureAgent,50,50
8,753,FeatureAgent,50,50
8,754,FeatureAgent,50,50
8,755,FeatureAgent,50,50
8,756,FeatureAgent,50,50
8,757,FeatureAgent,50,50
8,758,FeatureAgent,50,50
8,759,FeatureAgent,50,50
8,760,FeatureAgent,50,50
8,761,FeatureAgent,50,50
8,762,FeatureAgent,50,50
8,763,FeatureAgent,50,50
8,764,FeatureAgent,50,50
8,765,FeatureAgent,50,50
8,766,FeatureAgent,50,50
8,767,FeatureAgent,50,50
8,768,FeatureAgent,50,50
8,769,FeatureAgent,50,50
8,770,FeatureAgent,50,50
8,771,FeatureAgent,50,50
8,772,FeatureAgent,19,-32
8,773,FeatureAgent,50,50
8,774,FeatureAgent,50,50
8,775,FeatureAgent,50,50
8,776,FeatureAgent,50,50
8,777,FeatureAgent,50,50
8,778,FeatureAgent,50,-1
8,779,FeatureAgent,50,50
8,780,FeatureAgent,50,50
8,781,FeatureAgent,50,50
8,782,FeatureAgent,50,50
8,783,FeatureAgent,50,50
8,784,FeatureAgent,50,50
8,785,FeatureAgent,50,50
8,786,FeatureAgent,50,50
8,787,FeatureAgent,50,50
8,788,FeatureAgent,50,50
8,789,FeatureAgent,50,50
8,790,FeatureAgent,50,50
8,791,FeatureAgent,50,50
8,792,FeatureAgent,50,50
8,793,FeatureAgent,50,50
8,794,FeatureAgent,50,50
8,795,FeatureAgent,50,50
8,796,FeatureAgent,50,50
8,797,FeatureAgent,50,50
8,798,FeatureAgent,50,50
8,799,FeatureAgent,50,50
8,800,FeatureAgent,50,50
8,801,FeatureAgent,50,50
8,802,FeatureAgent,50,50
8,803,FeatureAgent,50,50
8,804,FeatureAgent,50,50
8,805,FeatureAgent,50,50
8,806,FeatureAgent,50,50
8,807,FeatureAgent,50,50
8,808,FeatureAgent,50,50
8,809,FeatureAgent,50,50
8,810,FeatureAgent,50,50
8,811,FeatureAgent,50,50
8,812,FeatureAgent,50,50
8,813,FeatureAgent,50,50
8,814,FeatureAgent,50,50
8,815,FeatureAgent,50,50
8,816,FeatureAgent,50,50
8,817,FeatureAgent,50,50
8,818,FeatureAgent,50,50
8,819,FeatureAgent,50,50
8,820,FeatureAgent,50,50
8,821,FeatureAgent,50,50
8,822,FeatureAgent,50,50
8,823,FeatureAgent,50,50
8,824,FeatureAgent,50,50
8,825,FeatureAgent,50,50
8,826,FeatureAgent,50,50
8,827,FeatureAgent,50,50
8,828,FeatureAgent,50,50
8,829,FeatureAgent,50,50
8,830,FeatureAgent,50,50
8,831,FeatureAgent,50,50
8,832,FeatureAgent,50,50
8,833,FeatureAgent,50,50
8,834,FeatureAgent,50,50
8,835,FeatureAgent,50,50
8,836,FeatureAgent,50,50
8,837,FeatureAgent,50,50
8,838,FeatureAgent,50,50
8,839,FeatureAgent,50,50
8,840,FeatureAgent,50,50
8,841,FeatureAgent,50,50
8,842,FeatureAgent,50,50
8,843,FeatureAgent,50,50
8,844,FeatureAgent,50,50
8,845,FeatureAgent,50,50
8,846,FeatureAgent,50,50
8,847,FeatureAgent,50,50
8,848,FeatureAgent,50,50
8,849,FeatureAgent,50,50
8,850,FeatureAgent,50,50
8,851,FeatureAgent,50,50
8,852,FeatureAgent,50,50
8,853,FeatureAgent,50,50
8,854,FeatureAgent,50,50
8,855,FeatureAgent,50,50
8,856,FeatureAgent,50,50
8,857,FeatureAgent,50,50
8,858,FeatureAgent,50,50
8,859,FeatureAgent,50,50
8,860,FeatureAgent,50,50
8,861,FeatureAgent,50,50
8,862,FeatureAgent,50,50
8,863,FeatureAgent,50,50
8,864,FeatureAgent,50,50
8,865,FeatureAgent,50,50
8,866,FeatureAgent,50,50
8,867,FeatureAgent,50,50
8,868,FeatureAgent,50,50
8,869,FeatureAgent,50,50
8,870,FeatureAgent,50,-1
8,871,FeatureAgent,50,50
8,872,FeatureAgent,50,50
8,873,FeatureAgent,50,50
8,874,FeatureAgent,50,50
8,875,FeatureAgent,50,50
8,876,FeatureAgent,50,50
8,877,FeatureAgent,50,-1
8,878,FeatureAgent,50,50
8,879,FeatureAgent,50,50
8,880,FeatureAgent,50,50
8,881,FeatureAgent,50,50
8,882,FeatureAgent,50,50
8,883,FeatureAgent,50,50
8,884,FeatureAgent,50,-1
8,885,FeatureAgent,50,50
8,886,FeatureAgent,50,50
8,887,FeatureAgent,50,50
8,888,FeatureAgent,50,50
8,889,FeatureAgent,50,50
8,890,FeatureAgent,50,50
8,891,FeatureAgent,50,50
8,892,FeatureAgent,50,50
8,893,FeatureAgent,50,50
8,894,FeatureAgent,50,50
8,895,FeatureAgent,50,50
8,896,FeatureAgent,50,50
8,897,FeatureAgent,50,50
8,898,FeatureAgent,50,50
8,899,FeatureAgent,50,50
8,900,FeatureAgent,50,50
8,901,FeatureAgent,50,50
8,902,FeatureAgent,50,50
8,903,FeatureAgent,50,50
8,904,FeatureAgent,50,50
8,905,FeatureAgent,50,50
8,906,FeatureAgent,50,50
8,907,FeatureAgent,50,50
8,908,FeatureAgent,50,50
8,909,FeatureAgent,50,50
8,910,FeatureAgent,50,-1
8,911,FeatureAgent,50,50
8,912,FeatureAgent,50,50
8,913,FeatureAgent,50,50
8,914,FeatureAgent,50,50
8,915,FeatureAgent,50,50
8,916,FeatureAgent,50,50
8,917,FeatureAgent,50,50
8,918,FeatureAgent,50,50
8,919,FeatureAgent,50,50
8,920,FeatureAgent,50,50
8,921,FeatureAgent,50,50
8,922,FeatureAgent,50,50
8,923,FeatureAgent,50,50
8,924,FeatureAgent,50,50
8,925,FeatureAgent,50,50
8,926,FeatureAgent,50,50
8,927,FeatureAgent,50,50
8,928,FeatureAgent,50,50
8,929,FeatureAgent,50,50
8,930,FeatureAgent,50,50
8,931,FeatureAgent,50,50
8,932,FeatureAgent,50,50
8,933,FeatureAgent,50,50
8,934,FeatureAgent,50,50
8,935,FeatureAgent,50,50
8,936,FeatureAgent,50,50
8,937,FeatureAgent,50,50
8,938,FeatureAgent,50,-1
8,939,FeatureAgent,50,50
8,940,FeatureAgent,50,50
8,941,FeatureAgent,50,50
8,942,FeatureAgent,50,50
8,943,FeatureAgent,50,50
8,944,FeatureAgent,50,50
8,945,FeatureAgent,50,50
8,946,FeatureAgent,50,50
8,947,FeatureAgent,50,50
8,948,FeatureAgent,50,50
8,949,FeatureAgent,50,50
8,950,FeatureAgent,50,50
8,951,FeatureAgent,50,50
8,952,FeatureAgent,50,50
8,953,FeatureAgent,50,50
8,954,FeatureAgent,50,50
8,955,FeatureAgent,50,50
8,956,FeatureAgent,50,50
8,957,FeatureAgent,50,50
8,958,FeatureAgent,50,50
8,959,FeatureAgent,50,-1
8,960,FeatureAgent,50,50
8,961,FeatureAgent,50,50
8,962,FeatureAgent,50,50
8,963,FeatureAgent,50,50
8,964,FeatureAgent,50,50
8,965,FeatureAgent,50,50
8,966,FeatureAgent,50,50
8,967,FeatureAgent,50,50
8,968,FeatureAgent,50,50
8,969,FeatureAgent,50,50
8,970,FeatureAgent,50,50
8,971,FeatureAgent,50,50
8,972,FeatureAgent,50,-1
8,973,FeatureAgent,50,50
8,974,FeatureAgent,50,50
8,975,FeatureAgent,50,50
8,976,FeatureAgent,50,50
8,977,FeatureAgent,50,50
8,978,FeatureAgent,50,50
8,979,FeatureAgent,50,50
8,980,FeatureAgent,50,50
8,981,FeatureAgent,50,50
8,982,FeatureAgent,50,50
8,983,FeatureAgent,50,50
8,984,FeatureAgent,50,50
8,985,FeatureAgent,50,50
8,986,FeatureAgent,50,50
8,987,FeatureAgent,50,50
8,988,FeatureAgent,50,50
8,989,FeatureAgent,50,50
8,990,FeatureAgent,50,50
8,991,FeatureAgent,50,50
8,992,FeatureAgent,50,50
8,993,FeatureAgent,50,50
8,994,FeatureAgent,50,50
8,995,FeatureAgent,50,50
8,996,FeatureAgent,50,50
8,997,FeatureAgent,50,50
8,998,FeatureAgent,50,50
8,999,FeatureAgent,50,50
8,1000,FeatureAgent,50,50
9,1,FeatureAgent,15,15
9,2,FeatureAgent,11,11
9,3,FeatureAgent,12,12
9,4,FeatureAgent,1,1
9,5,FeatureAgent,1,1
9,6,FeatureAgent,19,-32
9,7,FeatureAgent,5,5
9,8,FeatureAgent,4,4
9,9,FeatureAgent,1,1
9,10,FeatureAgent,1,1
9,11,FeatureAgent,1,1
9,12,FeatureAgent,1,1
9,13,FeatureAgent,1,1
9,14,FeatureAgent,1,1
9,15,FeatureAgent,1,1
9,16,FeatureAgent,2,2
9,17,FeatureAgent,1,1
9,18,FeatureAgent,1,1
9,19,FeatureAgent,1,1
9,20,FeatureAgent,2,2
9,21,FeatureAgent,1,1
9,22,FeatureAgent,1,1
9,23,FeatureAgent,1,1
9,24,FeatureAgent,1,1
9,25,FeatureAgent,1,1
9,26,FeatureAgent,1,1
9,27,FeatureAgent,1,1
9,28,FeatureAgent,2,2
9,29,FeatureAgent,2,2
9,30,FeatureAgent,1,1
9,31,FeatureAgent,1,1
9,32,FeatureAgent,19,19
9,33,FeatureAgent,4,4
9,34,FeatureAgent,11,11
9,35,FeatureAgent,11,11
9,36,FeatureAgent,3,3
9,37,FeatureAgent,10,10
9,38,FeatureAgent,50,50
9,39,FeatureAgent,36,36
9,40,FeatureAgent,50,50
9,41,FeatureAgent,50,50
9,42,FeatureAgent,50,50
9,43,FeatureAgent,50,50
9,44,FeatureAgent,50,50
9,45,FeatureAgent,50,50
9,46,FeatureAgent,50,50
9,47,FeatureAgent,50,50
9,48,FeatureAgent,50,50
9,49,FeatureAgent,50,50
9,50,FeatureAgent,50,50
9,51,FeatureAgent,50,50
9,52,FeatureAgent,50,50
9,53,FeatureAgent,50,50
9,54,FeatureAgent,50,50
9,55,FeatureAgent,50,50
9,56,FeatureAgent,50,50
9,57,FeatureAgent,50,50
9,58,FeatureAgent,50,50
9,59,FeatureAgent,50,50
9,60,FeatureAgent,50,50
9,61,FeatureAgent,50,50
9,62,FeatureAgent,50,50
9,63,FeatureAgent,50,50
9,64,FeatureAgent,50,50
9,65,FeatureAgent,50,50
9,66,FeatureAgent,50,50
9,67,FeatureAgent,50,50
9,68,FeatureAgent,10,-41
9,69,FeatureAgent,1,1
9,70,FeatureAgent,3,3
9,71,FeatureAgent,3,3
9,72,FeatureAgent,1,1
9,73,FeatureAgent,3,3
9,74,FeatureAgent,7,7
9,75,FeatureAgent,1,1
9,76,FeatureAgent,1,1
9,77,FeatureAgent,4,4
9,78,FeatureAgent,1,1
9,79,FeatureAgent,1,1
9,80,FeatureAgent,2,2
9,81,FeatureAgent,1,1
9,82,FeatureAgent,1,1
9,83,FeatureAgent,3,3
9,84,FeatureAgent,6,6
9,85,FeatureAgent,2,2
9,86,FeatureAgent,50,50
9,87,FeatureAgent,50,50
9,88,FeatureAgent,50,50
9,89,FeatureAgent,50,50
9,90,FeatureAgent,50,50
9,91,FeatureAgent,50,50
9,92,FeatureAgent,50,50
9,93,FeatureAgent,50,50
9,94,FeatureAgent,50,50
9,95,FeatureAgent,50,50
9,96,FeatureAgent,50,50
9,97,FeatureAgent,50,50
9,98,FeatureAgent,50,50
9,99,FeatureAgent,50,50
9,100,FeatureAgent,50,50
9,101,FeatureAgent,50,50
9,102,FeatureAgent,50,50
9,103,FeatureAgent,50,50
9,104,FeatureAgent,50,50
9,105,FeatureAgent,50,50
9,106,FeatureAgent,50,50
9,107,FeatureAgent,50,50
9,108,FeatureAgent,50,50
9,109,FeatureAgent,26,-25
9,110,FeatureAgent,11,11
9,111,FeatureAgent,8,8
9,112,FeatureAgent,5,5
9,113,FeatureAgent,14,14
9,114,FeatureAgent,6,6
9,115,FeatureAgent,7,7
9,116,FeatureAgent,10,10
9,117,FeatureAgent,3,3
9,118,FeatureAgent,27,-24
9,119,FeatureAgent,50,50
9,120,FeatureAgent,50,50
9,121,FeatureAgent,50,50
9,122,FeatureAgent,50,50
9,123,FeatureAgent,50,50
9,124,FeatureAgent,50,50
9,125,FeatureAgent,50,50
9,126,FeatureAgent,50,50
9,127,FeatureAgent,50,50
9,128,FeatureAgent,50,50
9,129,FeatureAgent,50,50
9,130,FeatureAgent,50,50
9,131,FeatureAgent,50,50
9,132,FeatureAgent,50,50
9,133,FeatureAgent,50,50
9,134,FeatureAgent,50,50
9,135,FeatureAgent,50,50
9,136,FeatureAgent,50,50
9,137,FeatureAgent,50,50
9,138,FeatureAgent,50,50
9,139,FeatureAgent,50,50
9,140,FeatureAgent,50,50
9,141,FeatureAgent,37,-14
9,142,FeatureAgent,10,10
9,143,FeatureAgent,2,2
9,144,FeatureAgent,9,9
9,145,FeatureAgent,19,19
9,146,FeatureAgent,5,5
9,147,FeatureAgent,7,7
9,148,FeatureAgent,20,20
9,149,FeatureAgent,50,50
9,150,FeatureAgent,50,50
9,151,FeatureAgent,50,50
9,152,FeatureAgent,50,50
9,153,FeatureAgent,50,50
9,154,FeatureAgent,50,50
9,155,FeatureAgent,50,50
9,156,FeatureAgent,50,50
9,157,FeatureAgent,50,50
9,158,FeatureAgent,50,50
9,159,FeatureAgent,50,50
9,160,FeatureAgent,50,50
9,161,FeatureAgent,50,50
9,162,FeatureAgent,50,50
9,163,FeatureAgent,50,50
9,164,FeatureAgent,50,50
9,165,FeatureAgent,32,-19
9,166,FeatureAgent,1,1
9,167,FeatureAgent,9,9
9,168,FeatureAgent,10,10
9,169,FeatureAgent,50,50
9,170,FeatureAgent,50,50
9,171,FeatureAgent,50,50
9,172,FeatureAgent,50,50
9,173,FeatureAgent,50,50
9,174,FeatureAgent,50,50
9,175,FeatureAgent,50,50
9,176,FeatureAgent,50,50
9,177,FeatureAgent,50,50
9,178,FeatureAgent,50,50
9,179,FeatureAgent,50,50
9,180,FeatureAgent,50,50
9,181,FeatureAgent,50,50
9,182,FeatureAgent,50,50
9,183,FeatureAgent,50,50
9,184,FeatureAgent,4,-47
9,185,FeatureAgent,48,48
9,186,FeatureAgent,1,1
9,187,FeatureAgent,17,17
9,188,FeatureAgent,2,2
9,189,FeatureAgent,2,2
9,190,FeatureAgent,50,50
9,191,FeatureAgent,50,50
9,192,FeatureAgent,50,50
9,193,FeatureAgent,50,50
9,194,FeatureAgent,50,-1
9,195,FeatureAgent,15,-36
9,196,FeatureAgent,12,12
9,197,FeatureAgent,50,50
9,198,FeatureAgent,50,50
9,199,FeatureAgent,50,50
9,200,FeatureAgent,50,50
9,201,FeatureAgent,50,50
9,202,FeatureAgent,50,50
9,203,FeatureAgent,50,50
9,204,FeatureAgent,50,50
9,205,FeatureAgent,50,50
9,206,FeatureAgent,50,50
9,207,FeatureAgent,50,50
9,208,FeatureAgent,16,-35
9,209,FeatureAgent,3,3
9,210,FeatureAgent,7,7
9,211,FeatureAgent,2,2
9,212,FeatureAgent,6,6
9,213,FeatureAgent,36,36
9,214,FeatureAgent,2,2
9,215,FeatureAgent,50,50
9,216,FeatureAgent,50,50
9,217,FeatureAgent,50,50
9,218,FeatureAgent,32,-19
9,219,FeatureAgent,22,22
9,220,FeatureAgent,50,50
9,221,FeatureAgent,50,50
9,222,FeatureAgent,50,50
9,223,FeatureAgent,50,50
9,224,FeatureAgent,50,50
9,225,FeatureAgent,50,50
9,226,FeatureAgent,50,50
9,227,FeatureAgent,50,50
9,228,FeatureAgent,50,50
9,229,FeatureAgent,50,50
9,230,FeatureAgent,50,50
9,231,FeatureAgent,50,50
9,232,FeatureAgent,50,50
9,233,FeatureAgent,50,50
9,234,FeatureAgent,50,50
9,235,FeatureAgent,50,50
9,236,FeatureAgent,50,50
9,237,FeatureAgent,50,50
9,238,FeatureAgent,50,50
9,239,FeatureAgent,50,50
9,240,FeatureAgent,50,50
9,241,FeatureAgent,50,50
9,242,FeatureAgent,50,50
9,243,FeatureAgent,50,50
9,244,FeatureAgent,50,50
9,245,FeatureAgent,50,50
9,246,FeatureAgent,50,50
9,247,FeatureAgent,50,50
9,248,FeatureAgent,50,50
9,249,FeatureAgent,50,50
9,250,FeatureAgent,50,50
9,251,FeatureAgent,50,50
9,252,FeatureAgent,50,50
9,253,FeatureAgent,50,50
9,254,FeatureAgent,50,50
9,255,FeatureAgent,50,50
9,256,FeatureAgent,50,50
9,257,FeatureAgent,50,50
9,258,FeatureAgent,50,50
9,259,FeatureAgent,50,50
9,260,FeatureAgent,50,50
9,261,FeatureAgent,50,50
9,262,FeatureAgent,50,50
9,263,FeatureAgent,50,50
9,264,FeatureAgent,50,50
9,265,FeatureAgent,50,50
9,266,FeatureAgent,50,50
9,267,FeatureAgent,50,50
9,268,FeatureAgent,50,50
9,269,FeatureAgent,50,50
9,270,FeatureAgent,50,50
9,271,FeatureAgent,50,50
9,272,FeatureAgent,50,50
9,273,FeatureAgent,50,50
9,274,FeatureAgent,50,50
9,275,FeatureAgent,50,50
9,276,FeatureAgent,50,50
9,277,FeatureAgent,50,50
9,278,FeatureAgent,50,50
9,279,FeatureAgent,50,50
9,280,FeatureAgent,50,50
9,281,FeatureAgent,50,50
9,282,FeatureAgent,50,50
9,283,FeatureAgent,50,50
9,284,FeatureAgent,42,-9
9,285,FeatureAgent,50,50
9,286,FeatureAgent,50,50
9,287,FeatureAgent,50,50
9,288,FeatureAgent,50,50
9,289,FeatureAgent,50,50
9,290,FeatureAgent,50,50
9,291,FeatureAgent,50,50
9,292,FeatureAgent,50,50
9,293,FeatureAgent,50,50
9,294,FeatureAgent,50,50
9,295,FeatureAgent,50,50
9,296,FeatureAgent,50,50
9,297,FeatureAgent,50,50
9,298,FeatureAgent,50,50
9,299,FeatureAgent,50,50
9,300,FeatureAgent,50,50
9,301,FeatureAgent,50,50
9,302,FeatureAgent,50,50
9,303,FeatureAgent,50,50
9,304,FeatureAgent,50,50
9,305,FeatureAgent,50,50
9,306,FeatureAgent,50,50
9,307,FeatureAgent,50,50
9,308,FeatureAgent,50,50
9,309,FeatureAgent,50,50
9,310,FeatureAgent,50,50
9,311,FeatureAgent,50,50
9,312,FeatureAgent,50,50
9,313,FeatureAgent,50,50
9,314,FeatureAgent,50,50
9,315,FeatureAgent,50,50
9,316,FeatureAgent,50,50
9,317,FeatureAgent,50,50
9,318,FeatureAgent,50,50
9,319,FeatureAgent,50,50
9,320,FeatureAgent,50,50
9,321,FeatureAgent,50,50
9,322,FeatureAgent,50,50
9,323,FeatureAgent,50,50
9,324,FeatureAgent,50,50
9,325,FeatureAgent,50,50
9,326,FeatureAgent,50,50
9,327,FeatureAgent,50,50
9,328,FeatureAgent,22,-29
9,329,FeatureAgent,20,20
9,330,FeatureAgent,50,50
9,331,FeatureAgent,50,50
9,332,FeatureAgent,50,50
9,333,FeatureAgent,50,50
9,334,FeatureAgent,50,50
9,335,FeatureAgent,50,50
9,336,FeatureAgent,50,50
9,337,FeatureAgent,50,50
9,338,FeatureAgent,50,50
9,339,FeatureAgent,50,50
9,340,FeatureAgent,50,50
9,341,FeatureAgent,50,50
9,342,FeatureAgent,50,50
9,343,FeatureAgent,50,50
9,344,FeatureAgent,50,50
9,345,FeatureAgent,50,50
9,346,FeatureAgent,50,50
9,347,FeatureAgent,50,50
9,348,FeatureAgent,50,50
9,349,FeatureAgent,50,50
9,350,FeatureAgent,50,50
9,351,FeatureAgent,50,50
9,352,FeatureAgent,50,50
9,353,FeatureAgent,50,50
9,354,FeatureAgent,50,50
9,355,FeatureAgent,50,50
9,356,FeatureAgent,50,50
9,357,FeatureAgent,50,50
9,358,FeatureAgent,50,50
9,359,FeatureAgent,50,50
9,360,FeatureAgent,50,50
9,361,FeatureAgent,50,50
9,362,FeatureAgent,50,50
9,363,FeatureAgent,50,50
9,364,FeatureAgent,50,50
9,365,FeatureAgent,50,50
9,366,FeatureAgent,50,50
9,367,FeatureAgent,50,50
9,368,FeatureAgent,50,50
9,369,FeatureAgent,50,50
9,370,FeatureAgent,50,50
9,371,FeatureAgent,50,50
9,372,FeatureAgent,50,50
9,373,FeatureAgent,50,50
9,374,FeatureAgent,50,50
9,375,FeatureAgent,50,50
9,376,FeatureAgent,50,50
9,377,FeatureAgent,50,50
9,378,FeatureAgent,50,50
9,379,FeatureAgent,50,50
9,380,FeatureAgent,50,50
9,381,FeatureAgent,50,50
9,382,FeatureAgent,50,50
9,383,FeatureAgent,50,50
9,384,FeatureAgent,50,50
9,385,FeatureAgent,50,50
9,386,FeatureAgent,50,50
9,387,FeatureAgent,50,50
9,388,FeatureAgent,50,50
9,389,FeatureAgent,50,50
9,390,FeatureAgent,50,50
9,391,FeatureAgent,50,50
9,392,FeatureAgent,50,50
9,393,FeatureAgent,50,50
9,394,FeatureAgent,50,50
9,395,FeatureAgent,50,50
9,396,FeatureAgent,50,50
9,397,FeatureAgent,50,50
9,398,FeatureAgent,50,50
9,399,FeatureAgent,50,50
9,400,FeatureAgent,50,50
9,401,FeatureAgent,50,50
9,402,FeatureAgent,50,50
9,403,FeatureAgent,50,50
9,404,FeatureAgent,50,50
9,405,FeatureAgent,50,50
9,406,FeatureAgent,50,50
9,407,FeatureAgent,50,50
9,408,FeatureAgent,50,50
9,409,FeatureAgent,50,50
9,410,FeatureAgent,50,50
9,411,FeatureAgent,50,50
9,412,FeatureAgent,28,-23
9,413,FeatureAgent,50,50
9,414,FeatureAgent,50,50
9,415,FeatureAgent,50,50
9,416,FeatureAgent,50,50
9,417,FeatureAgent,34,-17
9,418,FeatureAgent,50,50
9,419,FeatureAgent,50,50
9,420,FeatureAgent,50,50
9,421,FeatureAgent,50,50
9,422,FeatureAgent,50,50
9,423,FeatureAgent,50,50
9,424,FeatureAgent,50,50
9,425,FeatureAgent,50,50
9,426,FeatureAgent,50,50
9,427,FeatureAgent,50,50
9,428,FeatureAgent,50,50
9,429,FeatureAgent,50,50
9,430,FeatureAgent,50,50
9,431,FeatureAgent,50,50
9,432,FeatureAgent,50,50
9,433,FeatureAgent,50,50
9,434,FeatureAgent,50,50
9,435,FeatureAgent,50,50
9,436,FeatureAgent,50,50
9,437,FeatureAgent,50,50
9,438,FeatureAgent,50,50
9,439,FeatureAgent,50,50
9,440,FeatureAgent,50,50
9,441,FeatureAgent,50,50
9,442,FeatureAgent,50,50
9,443,FeatureAgent,50,50
9,444,FeatureAgent,50,50
9,445,FeatureAgent,50,50
9,446,FeatureAgent,50,50
9,447,FeatureAgent,50,50
9,448,FeatureAgent,50,50
9,449,FeatureAgent,50,50
9,450,FeatureAgent,50,50
9,451,FeatureAgent,50,50
9,452,FeatureAgent,50,50
9,453,FeatureAgent,50,50
9,454,FeatureAgent,50,50
9,455,FeatureAgent,50,50
9,456,FeatureAgent,50,50
9,457,FeatureAgent,50,50
9,458,FeatureAgent,50,50
9,459,FeatureAgent,50,50
9,460,FeatureAgent,50,50
9,461,FeatureAgent,50,50
9,462,FeatureAgent,37,-14
9,463,FeatureAgent,50,50
9,464,FeatureAgent,50,50
9,465,FeatureAgent,50,50
9,466,FeatureAgent,50,50
9,467,FeatureAgent,50,50
9,468,FeatureAgent,50,50
9,469,FeatureAgent,50,50
9,470,FeatureAgent,50,50
9,471,FeatureAgent,50,50
9,472,FeatureAgent,50,50
9,473,FeatureAgent,50,50
9,474,FeatureAgent,50,50
9,475,FeatureAgent,50,50
9,476,FeatureAgent,50,50
9,477,FeatureAgent,50,50
9,478,FeatureAgent,50,50
9,479,FeatureAgent,50,50
9,480,FeatureAgent,50,50
9,481,FeatureAgent,50,50
9,482,FeatureAgent,50,50
9,483,FeatureAgent,50,50
9,484,FeatureAgent,50,50
9,485,FeatureAgent,50,50
9,486,FeatureAgent,50,50
9,487,FeatureAgent,50,50
9,488,FeatureAgent,50,50
9,489,FeatureAgent,50,50
9,490,FeatureAgent,50,50
9,491,FeatureAgent,50,50
9,492,FeatureAgent,50,50
9,493,FeatureAgent,50,50
9,494,FeatureAgent,50,50
9,495,FeatureAgent,50,50
9,496,FeatureAgent,50,50
9,497,FeatureAgent,50,50
9,498,FeatureAgent,50,50
9,499,FeatureAgent,50,50
9,500,FeatureAgent,50,50
9,501,FeatureAgent,50,-1
9,502,FeatureAgent,50,50
9,503,FeatureAgent,50,50
9,504,FeatureAgent,50,50
9,505,FeatureAgent,50,50
9,506,FeatureAgent,50,50
9,507,FeatureAgent,50,50
9,508,FeatureAgent,50,50
9,509,FeatureAgent,50,50
9,510,FeatureAgent,50,50
9,511,FeatureAgent,50,50
9,512,FeatureAgent,50,50
9,513,FeatureAgent,50,50
9,514,FeatureAgent,50,50
9,515,FeatureAgent,50,50
9,516,FeatureAgent,50,50
9,517,FeatureAgent,50,50
9,518,FeatureAgent,50,50
9,519,FeatureAgent,50,50
9,520,FeatureAgent,50,50
9,521,FeatureAgent,50,50
9,522,FeatureAgent,50,50
9,523,FeatureAgent,50,50
9,524,FeatureAgent,50,50
9,525,FeatureAgent,50,50
9,526,FeatureAgent,50,50
9,527,FeatureAgent,50,50
9,528,FeatureAgent,50,50
9,529,FeatureAgent,50,50
9,530,FeatureAgent,50,50
9,531,FeatureAgent,50,50
9,532,FeatureAgent,50,50
9,533,FeatureAgent,50,50
9,534,FeatureAgent,50,50
9,535,FeatureAgent,50,50
9,536,FeatureAgent,50,50
9,537,FeatureAgent,50,50
9,538,FeatureAgent,50,50
9,539,FeatureAgent,50,50
9,540,FeatureAgent,50,50
9,541,FeatureAgent,50,50
9,542,FeatureAgent,50,50
9,543,FeatureAgent,50,50
9,544,FeatureAgent,50,50
9,545,FeatureAgent,50,50
9,546,FeatureAgent,50,50
9,547,FeatureAgent,50,50
9,548,FeatureAgent,50,50
9,549,FeatureAgent,50,50
9,550,FeatureAgent,50,50
9,551,FeatureAgent,50,50
9,552,FeatureAgent,50,50
9,553,FeatureAgent,50,50
9,554,FeatureAgent,50,50
9,555,FeatureAgent,50,50
9,556,FeatureAgent,50,50
9,557,FeatureAgent,50,50
9,558,FeatureAgent,50,50
9,559,FeatureAgent,50,50
9,560,FeatureAgent,50,-1
9,561,FeatureAgent,50,50
9,562,FeatureAgent,50,50
9,563,FeatureAgent,50,50
9,564,FeatureAgent,50,50
9,565,FeatureAgent,50,50
9,566,FeatureAgent,50,50
9,567,FeatureAgent,50,50
9,568,FeatureAgent,50,50
9,569,FeatureAgent,50,50
9,570,FeatureAgent,50,50
9,571,FeatureAgent,50,50
9,572,FeatureAgent,50,50
9,573,FeatureAgent,50,50
9,574,FeatureAgent,50,50
9,575,FeatureAgent,50,50
9,576,FeatureAgent,50,50
9,577,FeatureAgent,50,50
9,578,FeatureAgent,50,50
9,579,FeatureAgent,50,50
9,580,FeatureAgent,50,50
9,581,FeatureAgent,50,50
9,582,FeatureAgent,50,50
9,583,FeatureAgent,50,50
9,584,FeatureAgent,50,50
9,585,FeatureAgent,50,50
9,586,FeatureAgent,50,50
9,587,FeatureAgent,50,50
9,588,FeatureAgent,50,50
9,589,FeatureAgent,50,50
9,590,FeatureAgent,50,50
9,591,FeatureAgent,50,50
9,592,FeatureAgent,50,50
9,593,FeatureAgent,50,50
9,594,FeatureAgent,50,50
9,595,FeatureAgent,50,50
9,596,FeatureAgent,50,50
9,597,FeatureAgent,50,50
9,598,FeatureAgent,50,50
9,599,FeatureAgent,50,50
9,600,FeatureAgent,50,50
9,601,FeatureAgent,50,50
9,602,FeatureAgent,50,50
9,603,FeatureAgent,50,50
9,604,FeatureAgent,50,50
9,605,FeatureAgent,50,50
9,606,FeatureAgent,50,50
9,607,FeatureAgent,50,50
9,608,FeatureAgent,12,-39
9,609,FeatureAgent,7,7
9,610,FeatureAgent,15,15
9,611,FeatureAgent,50,50
9,612,FeatureAgent,50,50
9,613,FeatureAgent,25,-26
9,614,FeatureAgent,5,5
9,615,FeatureAgent,50,50
9,616,FeatureAgent,50,50
9,617,FeatureAgent,50,50
9,618,FeatureAgent,50,50
9,619,FeatureAgent,50,50
9,620,FeatureAgent,50,50
9,621,FeatureAgent,50,50
9,622,FeatureAgent,50,50
9,623,FeatureAgent,50,50
9,624,FeatureAgent,50,50
9,625,FeatureAgent,50,50
9,626,FeatureAgent,50,50
9,627,FeatureAgent,50,50
9,628,FeatureAgent,50,50
9,629,FeatureAgent,50,50
9,630,FeatureAgent,50,50
9,631,FeatureAgent,50,50
9,632,FeatureAgent,50,50
9,633,FeatureAgent,50,50
9,634,FeatureAgent,50,50
9,635,FeatureAgent,50,50
9,636,FeatureAgent,50,50
9,637,FeatureAgent,50,50
9,638,FeatureAgent,50,50
9,639,FeatureAgent,50,50
9,640,FeatureAgent,50,50
9,641,FeatureAgent,50,50
9,642,FeatureAgent,50,50
9,643,FeatureAgent,50,50
9,644,FeatureAgent,50,50
9,645,FeatureAgent,50,50
9,646,FeatureAgent,50,50
9,647,FeatureAgent,50,50
9,648,FeatureAgent,50,-1
9,649,FeatureAgent,50,50
9,650,FeatureAgent,50,50
9,651,FeatureAgent,50,50
9,652,FeatureAgent,50,50
9,653,FeatureAgent,50,50
9,654,FeatureAgent,50,50
9,655,FeatureAgent,50,50
9,656,FeatureAgent,50,50
9,657,FeatureAgent,50,50
9,658,FeatureAgent,50,50
9,659,FeatureAgent,50,50
9,660,FeatureAgent,50,50
9,661,FeatureAgent,50,50
9,662,FeatureAgent,50,50
9,663,FeatureAgent,50,-1
9,664,FeatureAgent,50,50
9,665,FeatureAgent,50,50
9,666,FeatureAgent,50,50
9,667,FeatureAgent,50,50
9,668,FeatureAgent,50,50
9,669,FeatureAgent,50,50
9,670,FeatureAgent,50,50
9,671,FeatureAgent,50,50
9,672,FeatureAgent,50,50
9,673,FeatureAgent,50,50
9,674,FeatureAgent,50,50
9,675,FeatureAgent,50,50
9,676,FeatureAgent,50,50
9,677,FeatureAgent,50,50
9,678,FeatureAgent,50,50
9,679,FeatureAgent,50,50
9,680,FeatureAgent,50,50
9,681,FeatureAgent,50,50
9,682,FeatureAgent,50,50
9,683,FeatureAgent,50,50
9,684,FeatureAgent,50,50
9,685,FeatureAgent,50,50
9,686,FeatureAgent,50,50
9,687,FeatureAgent,50,50
9,688,FeatureAgent,50,50
9,689,FeatureAgent,50,50
9,690,FeatureAgent,50,50
9,691,FeatureAgent,50,50
9,692,FeatureAgent,50,50
9,693,FeatureAgent,50,50
9,694,FeatureAgent,50,50
9,695,FeatureAgent,50,50
9,696,FeatureAgent,50,50
9,697,FeatureAgent,50,50
9,698,FeatureAgent,50,50
9,699,FeatureAgent,50,50
9,700,FeatureAgent,50,50
9,701,FeatureAgent,50,50
9,702,FeatureAgent,50,50
9,703,FeatureAgent,50,50
9,704,FeatureAgent,50,50
9,705,FeatureAgent,50,50
9,706,FeatureAgent,50,50
9,707,FeatureAgent,50,50
9,708,FeatureAgent,50,50
9,709,FeatureAgent,50,50
9,710,FeatureAgent,50,50
9,711,FeatureAgent,50,50
9,712,FeatureAgent,50,50
9,713,FeatureAgent,50,50
9,714,FeatureAgent,50,50
9,715,FeatureAgent,50,50
9,716,FeatureAgent,50,50
9,717,FeatureAgent,50,50
9,718,FeatureAgent,50,50
9,719,FeatureAgent,50,50
9,720,FeatureAgent,50,50
9,721,FeatureAgent,50,50
9,722,FeatureAgent,50,50
9,723,FeatureAgent,50,50
9,724,FeatureAgent,50,50
9,725,FeatureAgent,50,50
9,726,FeatureAgent,50,50
9,727,FeatureAgent,50,50
9,728,FeatureAgent,50,50
9,729,FeatureAgent,50,50
9,730,FeatureAgent,50,50
9,731,FeatureAgent,50,50
9,732,FeatureAgent,50,50
9,733,FeatureAgent,50,50
9,734,FeatureAgent,50,50
9,735,FeatureAgent,50,50
9,736,FeatureAgent,50,50
9,737,FeatureAgent,50,50
9,738,FeatureAgent,50,50
9,739,FeatureAgent,50,50
9,740,FeatureAgent,50,50
9,741,FeatureAgent,50,50
9,742,FeatureAgent,50,50
9,743,FeatureAgent,50,50
9,744,FeatureAgent,50,50
9,745,FeatureAgent,50,50
9,746,FeatureAgent,50,50
9,747,FeatureAgent,50,50
9,748,FeatureAgent,50,50
9,749,FeatureAgent,50,50
9,750,FeatureAgent,50,50
9,751,FeatureAgent,50,50
9,752,FeatureAgent,50,50
9,753,FeatureAgent,50,50
9,754,FeatureAgent,50,50
9,755,FeatureAgent,50,50
9,756,FeatureAgent,50,50
9,757,FeatureAgent,50,50
9,758,FeatureAgent,50,50
9,759,FeatureAgent,50,50
9,760,FeatureAgent,50,50
9,761,FeatureAgent,50,50
9,762,FeatureAgent,50,50
9,763,FeatureAgent,50,50
9,764,FeatureAgent,50,50
9,765,FeatureAgent,50,50
9,766,FeatureAgent,50,50
9,767,FeatureAgent,50,50
9,768,FeatureAgent,50,50
9,769,FeatureAgent,50,50
9,770,FeatureAgent,50,50
9,771,FeatureAgent,50,50
9,772,FeatureAgent,50,50
9,773,FeatureAgent,50,50
9,774,FeatureAgent,50,50
9,775,FeatureAgent,50,50
9,776,FeatureAgent,50,50
9,777,FeatureAgent,50,50
9,778,FeatureAgent,50,50
9,779,FeatureAgent,50,50
9,780,FeatureAgent,50,50
9,781,FeatureAgent,50,50
9,782,FeatureAgent,50,50
9,783,FeatureAgent,50,50
9,784,FeatureAgent,50,50
9,785,FeatureAgent,50,50
9,786,FeatureAgent,50,50
9,787,FeatureAgent,50,50
9,788,FeatureAgent,50,50
9,789,FeatureAgent,50,50
9,790,FeatureAgent,50,50
9,791,FeatureAgent,50,50
9,792,FeatureAgent,50,50
9,793,FeatureAgent,50,50
9,794,FeatureAgent,50,50
9,795,FeatureAgent,50,50
9,796,FeatureAgent,50,50
9,797,FeatureAgent,50,50
9,798,FeatureAgent,50,50
9,799,FeatureAgent,50,50
9,800,FeatureAgent,50,50
9,801,FeatureAgent,50,50
9,802,FeatureAgent,50,-1
9,803,FeatureAgent,50,50
9,804,FeatureAgent,50,50
9,805,FeatureAgent,50,50
9,806,FeatureAgent,50,50
9,807,FeatureAgent,50,50
9,808,FeatureAgent,50,50
9,809,FeatureAgent,50,50
9,810,FeatureAgent,50,50
9,811,FeatureAgent,50,50
9,812,FeatureAgent,50,-1
9,813,FeatureAgent,50,50
9,814,FeatureAgent,50,50
9,815,FeatureAgent,50,50
9,816,FeatureAgent,50,50
9,817,FeatureAgent,50,50
9,818,FeatureAgent,50,50
9,819,FeatureAgent,50,50
9,820,FeatureAgent,50,50
9,821,FeatureAgent,50,50
9,822,FeatureAgent,50,-1
9,823,FeatureAgent,50,50
9,824,FeatureAgent,50,50
9,825,FeatureAgent,50,50
9,826,FeatureAgent,50,50
9,827,FeatureAgent,50,50
9,828,FeatureAgent,50,50
9,829,FeatureAgent,50,50
9,830,FeatureAgent,50,50
9,831,FeatureAgent,50,50
9,832,FeatureAgent,50,50
9,833,FeatureAgent,50,50
9,834,FeatureAgent,50,50
9,835,FeatureAgent,50,50
9,836,FeatureAgent,50,50
9,837,FeatureAgent,50,50
9,838,FeatureAgent,50,50
9,839,FeatureAgent,50,50
9,840,FeatureAgent,50,50
9,841,FeatureAgent,50,50
9,842,FeatureAgent,50,50
9,843,FeatureAgent,50,50
9,844,FeatureAgent,50,50
9,845,FeatureAgent,50,50
9,846,FeatureAgent,50,50
9,847,FeatureAgent,50,50
9,848,FeatureAgent,50,50
9,849,FeatureAgent,50,50
9,850,FeatureAgent,50,50
9,851,FeatureAgent,50,-1
9,852,FeatureAgent,50,50
9,853,FeatureAgent,50,50
9,854,FeatureAgent,50,50
9,855,FeatureAgent,50,50
9,856,FeatureAgent,50,50
9,857,FeatureAgent,50,50
9,858,FeatureAgent,50,50
9,859,FeatureAgent,50,50
9,860,FeatureAgent,50,50
9,861,FeatureAgent,50,50
9,862,FeatureAgent,50,50
9,863,FeatureAgent,50,50
9,864,FeatureAgent,50,50
9,865,FeatureAgent,50,50
9,866,FeatureAgent,50,50
9,867,FeatureAgent,50,50
9,868,FeatureAgent,50,50
9,869,FeatureAgent,50,50
9,870,FeatureAgent,50,50
9,871,FeatureAgent,50,50
9,872,FeatureAgent,50,50
9,873,FeatureAgent,50,50
9,874,FeatureAgent,50,50
9,875,FeatureAgent,50,50
9,876,FeatureAgent,50,50
9,877,FeatureAgent,50,50
9,878,FeatureAgent,50,50
9,879,FeatureAgent,50,50
9,880,FeatureAgent,50,50
9,881,FeatureAgent,50,50
9,882,FeatureAgent,50,50
9,883,FeatureAgent,50,50
9,884,FeatureAgent,50,50
9,885,FeatureAgent,50,50
9,886,FeatureAgent,50,50
9,887,FeatureAgent,50,50
9,888,FeatureAgent,50,50
9,889,FeatureAgent,50,-1
9,890,FeatureAgent,50,50
9,891,FeatureAgent,50,50
9,892,FeatureAgent,50,50
9,893,FeatureAgent,50,50
9,894,FeatureAgent,50,50
9,895,FeatureAgent,50,50
9,896,FeatureAgent,50,-1
9,897,FeatureAgent,50,50
9,898,FeatureAgent,50,50
9,899,FeatureAgent,50,50
9,900,FeatureAgent,50,50
9,901,FeatureAgent,50,50
9,902,FeatureAgent,50,50
9,903,FeatureAgent,50,50
9,904,FeatureAgent,50,50
9,905,FeatureAgent,50,50
9,906,FeatureAgent,50,50
9,907,FeatureAgent,50,50
9,908,FeatureAgent,50,50
9,909,FeatureAgent,50,-1
9,910,FeatureAgent,50,50
9,911,FeatureAgent,50,50
9,912,FeatureAgent,50,50
9,913,FeatureAgent,50,50
9,914,FeatureAgent,50,50
9,915,FeatureAgent,50,50
9,916,FeatureAgent,50,50
9,917,FeatureAgent,50,-1
9,918,FeatureAgent,50,50
9,919,FeatureAgent,50,50
9,920,FeatureAgent,50,50
9,921,FeatureAgent,50,50
9,922,FeatureAgent,50,50
9,923,FeatureAgent,50,50
9,924,FeatureAgent,50,50
9,925,FeatureAgent,50,50
9,926,FeatureAgent,50,50
9,927,FeatureAgent,50,50
9,928,FeatureAgent,50,50
9,929,FeatureAgent,50,50
9,930,FeatureAgent,50,50
9,931,FeatureAgent,50,50
9,932,FeatureAgent,50,50
9,933,FeatureAgent,50,50
9,934,FeatureAgent,50,50
9,935,FeatureAgent,50,50
9,936,FeatureAgent,50,50
9,937,FeatureAgent,50,50
9,938,FeatureAgent,50,50
9,939,FeatureAgent,50,50
9,940,FeatureAgent,50,50
9,941,FeatureAgent,50,50
9,942,FeatureAgent,50,50
9,943,FeatureAgent,50,50
9,944,FeatureAgent,50,50
9,945,FeatureAgent,50,50
9,946,FeatureAgent,50,50
9,947,FeatureAgent,50,50
9,948,FeatureAgent,50,50
9,949,FeatureAgent,50,50
9,950,FeatureAgent,50,50
9,951,FeatureAgent,50,50
9,952,FeatureAgent,50,50
9,953,FeatureAgent,50,50
9,954,FeatureAgent,50,50
9,955,FeatureAgent,50,50
9,956,FeatureAgent,50,50
9,957,FeatureAgent,50,50
9,958,FeatureAgent,50,50
9,959,FeatureAgent,50,50
9,960,FeatureAgent,50,50
9,961,FeatureAgent,50,50
9,962,FeatureAgent,50,50
9,963,FeatureAgent,50,50
9,964,FeatureAgent,50,50
9,965,FeatureAgent,50,50
9,966,FeatureAgent,50,50
9,967,FeatureAgent,50,50
9,968,FeatureAgent,50,50
9,969,FeatureAgent,50,50
9,970,FeatureAgent,50,50
9,971,FeatureAgent,50,50
9,972,FeatureAgent,50,50
9,973,FeatureAgent,50,50
9,974,FeatureAgent,50,50
9,975,FeatureAgent,50,50
9,976,FeatureAgent,50,50
9,977,FeatureAgent,50,50
9,978,FeatureAgent,50,50
9,979,FeatureAgent,50,50
9,980,FeatureAgent,50,50
9,981,FeatureAgent,50,50
9,982,FeatureAgent,50,50
9,983,FeatureAgent,50,50
9,984,FeatureAgent,50,50
9,985,FeatureAgent,50,50
9,986,FeatureAgent,50,50
9,987,FeatureAgent,50,50
9,988,FeatureAgent,50,50
9,989,FeatureAgent,50,50
9,990,FeatureAgent,50,50
9,991,FeatureAgent,50,50
9,992,FeatureAgent,50,50
9,993,FeatureAgent,50,50
9,994,FeatureAgent,50,50
9,995,FeatureAgent,50,50
9,996,FeatureAgent,50,50
9,997,FeatureAgent,50,50
9,998,FeatureAgent,50,50
9,999,FeatureAgent,50,50
9,1000,FeatureAgent,50,-1
10,1,FeatureAgent,10,10
10,2,FeatureAgent,42,-9
10,3,FeatureAgent,1,1
10,4,FeatureAgent,21,21
10,5,FeatureAgent,1,1
10,6,FeatureAgent,3,3
10,7,FeatureAgent,6,6
10,8,FeatureAgent,1,1
10,9,FeatureAgent,2,2
10,10,FeatureAgent,1,1
10,11,FeatureAgent,1,-50
10,12,FeatureAgent,1,1
10,13,FeatureAgent,1,1
10,14,FeatureAgent,8,8
10,15,FeatureAgent,3,3
10,16,FeatureAgent,1,1
10,17,FeatureAgent,6,6
10,18,FeatureAgent,2,2
10,19,FeatureAgent,1,1
10,20,FeatureAgent,4,4
10,21,FeatureAgent,1,1
10,22,FeatureAgent,1,1
10,23,FeatureAgent,1,1
10,24,FeatureAgent,5,5
10,25,FeatureAgent,5,5
10,26,FeatureAgent,1,1
10,27,FeatureAgent,2,2
10,28,FeatureAgent,8,8
10,29,FeatureAgent,5,5
10,30,FeatureAgent,2,2
10,31,FeatureAgent,12,12
10,32,FeatureAgent,1,1
10,33,FeatureAgent,15,15
10,34,FeatureAgent,4,4
10,35,FeatureAgent,4,4
10,36,FeatureAgent,14,14
10,37,FeatureAgent,1,1
10,38,FeatureAgent,1,1
10,39,FeatureAgent,18,18
10,40,FeatureAgent,50,50
10,41,FeatureAgent,50,50
10,42,FeatureAgent,50,50
10,43,FeatureAgent,50,50
10,44,FeatureAgent,50,50
10,45,FeatureAgent,4,-47
10,46,FeatureAgent,3,3
10,47,FeatureAgent,1,1
10,48,FeatureAgent,1,1
10,49,FeatureAgent,2,2
10,50,FeatureAgent,1,1
10,51,FeatureAgent,1,1
10,52,FeatureAgent,4,4
10,53,FeatureAgent,2,2
10,54,FeatureAgent,1,1
10,55,FeatureAgent,1,1
10,56,FeatureAgent,2,2
10,57,FeatureAgent,7,7
10,58,FeatureAgent,1,1
10,59,FeatureAgent,1,1
10,60,FeatureAgent,1,1
10,61,FeatureAgent,1,1
10,62,FeatureAgent,1,1
10,63,FeatureAgent,1,1
10,64,FeatureAgent,6,6
10,65,FeatureAgent,50,50
10,66,FeatureAgent,50,50
10,67,FeatureAgent,50,50
10,68,FeatureAgent,50,50
10,69,FeatureAgent,50,50
10,70,FeatureAgent,50,50
10,71,FeatureAgent,50,50
10,72,FeatureAgent,50,50
10,73,FeatureAgent,50,50
10,74,FeatureAgent,50,50
10,75,FeatureAgent,50,50
10,76,FeatureAgent,50,50
10,77,FeatureAgent,50,50
10,78,FeatureAgent,50,50
10,79,FeatureAgent,50,50
10,80,FeatureAgent,50,50
10,81,FeatureAgent,50,50
10,82,FeatureAgent,50,50
10,83,FeatureAgent,50,50
10,84,FeatureAgent,50,50
10,85,FeatureAgent,50,50
10,86,FeatureAgent,50,50
10,87,FeatureAgent,44,-7
10,88,FeatureAgent,13,13
10,89,FeatureAgent,5,5
10,90,FeatureAgent,24,24
10,91,FeatureAgent,27,27
10,92,FeatureAgent,50,50
10,93,FeatureAgent,50,50
10,94,FeatureAgent,50,50
10,95,FeatureAgent,50,50
10,96,FeatureAgent,50,50
10,97,FeatureAgent,50,50
10,98,FeatureAgent,50,50
10,99,FeatureAgent,50,50
10,100,FeatureAgent,50,50
10,101,FeatureAgent,50,50
10,102,FeatureAgent,50,50
10,103,FeatureAgent,50,50
10,104,FeatureAgent,50,50
10,105,FeatureAgent,50,50
10,106,FeatureAgent,50,50
10,107,FeatureAgent,50,50
10,108,FeatureAgent,50,50
10,109,FeatureAgent,50,50
10,110,FeatureAgent,50,50
10,111,FeatureAgent,50,50
10,112,FeatureAgent,50,50
10,113,FeatureAgent,34,-17
10,114,FeatureAgent,24,24
10,115,FeatureAgent,28,28
10,116,FeatureAgent,4,4
10,117,FeatureAgent,14,14
10,118,FeatureAgent,6,6
10,119,FeatureAgent,50,50
10,120,FeatureAgent,50,50
10,121,FeatureAgent,50,50
10,122,FeatureAgent,50,50
10,123,FeatureAgent,50,50
10,124,FeatureAgent,50,50
10,125,FeatureAgent,50,50
10,126,FeatureAgent,50,50
10,127,FeatureAgent,50,50
10,128,FeatureAgent,50,50
10,129,FeatureAgent,50,50
10,130,FeatureAgent,50,50
10,131,FeatureAgent,50,50
10,132,FeatureAgent,50,50
10,133,FeatureAgent,50,50
10,134,FeatureAgent,50,50
10,135,FeatureAgent,50,50
10,136,FeatureAgent,50,50
10,137,FeatureAgent,50,50
10,138,FeatureAgent,50,50
10,139,FeatureAgent,50,50
10,140,FeatureAgent,50,50
10,141,FeatureAgent,50,50
10,142,FeatureAgent,50,50
10,143,FeatureAgent,50,50
10,144,FeatureAgent,50,50
10,145,FeatureAgent,50,50
10,146,FeatureAgent,50,50
10,147,FeatureAgent,50,50
10,148,FeatureAgent,50,50
10,149,FeatureAgent,50,50
10,150,FeatureAgent,50,50
10,151,FeatureAgent,50,50
10,152,FeatureAgent,50,50
10,153,FeatureAgent,50,50
10,154,FeatureAgent,50,50
10,155,FeatureAgent,50,50
10,156,FeatureAgent,50,50
10,157,FeatureAgent,50,50
10,158,FeatureAgent,50,50
10,159,FeatureAgent,50,50
10,160,FeatureAgent,50,50
10,161,FeatureAgent,50,50
10,162,FeatureAgent,50,50
10,163,FeatureAgent,50,50
10,164,FeatureAgent,50,50
10,165,FeatureAgent,50,50
10,166,FeatureAgent,50,50
10,167,FeatureAgent,50,50
10,168,FeatureAgent,50,50
10,169,FeatureAgent,50,50
10,170,FeatureAgent,50,50
10,171,FeatureAgent,50,50
10,172,FeatureAgent,50,50
10,173,FeatureAgent,50,50
10,174,FeatureAgent,50,50
10,175,FeatureAgent,50,50
10,176,FeatureAgent,50,50
10,177,FeatureAgent,50,50
10,178,FeatureAgent,50,50
10,179,FeatureAgent,50,50
10,180,FeatureAgent,50,50
10,181,FeatureAgent,50,50
10,182,FeatureAgent,50,50
10,183,FeatureAgent,50,50
10,184,FeatureAgent,50,50
10,185,FeatureAgent,50,50
10,186,FeatureAgent,50,50
10,187,FeatureAgent,50,50
10,188,FeatureAgent,50,50
10,189,FeatureAgent,50,50
10,190,FeatureAgent,50,50
10,191,FeatureAgent,50,50
10,192,FeatureAgent,50,50
10,193,FeatureAgent,50,50
10,194,FeatureAgent,50,50
10,195,FeatureAgent,50,50
10,196,FeatureAgent,50,50
10,197,FeatureAgent,50,50
10,198,FeatureAgent,50,50
10,199,FeatureAgent,50,50
10,200,FeatureAgent,50,50
10,201,FeatureAgent,50,50
10,202,FeatureAgent,50,50
10,203,FeatureAgent,50,50
10,204,FeatureAgent,50,50
10,205,FeatureAgent,50,50
10,206,FeatureAgent,50,50
10,207,FeatureAgent,50,50
10,208,FeatureAgent,50,50
10,209,FeatureAgent,50,50
10,210,FeatureAgent,50,50
10,211,FeatureAgent,50,50
10,212,FeatureAgent,50,50
10,213,FeatureAgent,50,50
10,214,FeatureAgent,50,50
10,215,FeatureAgent,50,50
10,216,FeatureAgent,50,50
10,217,FeatureAgent,50,50
10,218,FeatureAgent,50,50
10,219,FeatureAgent,50,50
10,220,FeatureAgent,50,50
10,221,FeatureAgent,50,50
10,222,FeatureAgent,50,50
10,223,FeatureAgent,50,50
10,224,FeatureAgent,50,50
10,225,FeatureAgent,50,50
10,226,FeatureAgent,50,50
10,227,FeatureAgent,50,50
10,228,FeatureAgent,50,50
10,229,FeatureAgent,50,50
10,230,FeatureAgent,50,50
10,231,FeatureAgent,50,50
10,232,FeatureAgent,50,50
10,233,FeatureAgent,50,50
10,234,FeatureAgent,50,50
10,235,FeatureAgent,50,50
10,236,FeatureAgent,50,50
10,237,FeatureAgent,50,50
10,238,FeatureAgent,50,50
10,239,FeatureAgent,50,50
10,240,FeatureAgent,50,50
10,241,FeatureAgent,50,50
10,242,FeatureAgent,50,50
10,243,FeatureAgent,50,50
10,244,FeatureAgent,50,50
10,245,FeatureAgent,50,50
10,246,FeatureAgent,50,50
10,247,FeatureAgent,50,50
10,248,FeatureAgent,50,50
10,249,FeatureAgent,50,50
10,250,FeatureAgent,50,50
10,251,FeatureAgent,50,50
10,252,FeatureAgent,50,50
10,253,FeatureAgent,50,50
10,254,FeatureAgent,50,50
10,255,FeatureAgent,50,50
10,256,FeatureAgent,50,50
10,257,FeatureAgent,50,50
10,258,FeatureAgent,50,50
10,259,FeatureAgent,50,50
10,260,FeatureAgent,50,50
10,261,FeatureAgent,50,50
10,262,FeatureAgent,50,50
10,263,FeatureAgent,50,50
10,264,FeatureAgent,50,50
10,265,FeatureAgent,50,50
10,266,FeatureAgent,50,50
10,267,FeatureAgent,50,50
10,268,FeatureAgent,50,50
10,269,FeatureAgent,50,-1
10,270,FeatureAgent,2,2
10,271,FeatureAgent,2,2
10,272,FeatureAgent,50,50
10,273,FeatureAgent,50,50
10,274,FeatureAgent,50,50
10,275,FeatureAgent,50,50
10,276,FeatureAgent,50,50
10,277,FeatureAgent,50,50
10,278,FeatureAgent,50,50
10,279,FeatureAgent,50,50
10,280,FeatureAgent,50,50
10,281,FeatureAgent,50,50
10,282,FeatureAgent,50,50
10,283,FeatureAgent,50,50
10,284,FeatureAgent,50,50
10,285,FeatureAgent,50,50
10,286,FeatureAgent,50,50
10,287,FeatureAgent,50,50
10,288,FeatureAgent,50,50
10,289,FeatureAgent,50,50
10,290,FeatureAgent,50,-1
10,291,FeatureAgent,50,50
10,292,FeatureAgent,50,50
10,293,FeatureAgent,50,50
10,294,FeatureAgent,50,50
10,295,FeatureAgent,50,50
10,296,FeatureAgent,50,50
10,297,FeatureAgent,50,50
10,298,FeatureAgent,50,50
10,299,FeatureAgent,50,50
10,300,FeatureAgent,50,50
10,301,FeatureAgent,50,50
10,302,FeatureAgent,50,50
10,303,FeatureAgent,50,50
10,304,FeatureAgent,50,50
10,305,FeatureAgent,50,50
10,306,FeatureAgent,50,50
10,307,FeatureAgent,50,50
10,308,FeatureAgent,50,50
10,309,FeatureAgent,50,50
10,310,FeatureAgent,50,50
10,311,FeatureAgent,50,50
10,312,FeatureAgent,50,50
10,313,FeatureAgent,50,50
10,314,FeatureAgent,50,50
10,315,FeatureAgent,50,50
10,316,FeatureAgent,50,50
10,317,FeatureAgent,50,50
10,318,FeatureAgent,50,50
10,319,FeatureAgent,50,50
10,320,FeatureAgent,50,50
10,321,FeatureAgent,50,50
10,322,FeatureAgent,50,50
10,323,FeatureAgent,50,50
10,324,FeatureAgent,50,50
10,325,FeatureAgent,50,50
10,326,FeatureAgent,50,50
10,327,FeatureAgent,35,-16
10,328,FeatureAgent,50,50
10,329,FeatureAgent,50,50
10,330,FeatureAgent,50,50
10,331,FeatureAgent,4,-47
10,332,FeatureAgent,50,50
10,333,FeatureAgent,50,50
10,334,FeatureAgent,50,50
10,335,FeatureAgent,50,50
10,336,FeatureAgent,50,50
10,337,FeatureAgent,50,50
10,338,FeatureAgent,50,50
10,339,FeatureAgent,50,50
10,340,FeatureAgent,50,50
10,341,FeatureAgent,50,50
10,342,FeatureAgent,50,50
10,343,FeatureAgent,50,50
10,344,FeatureAgent,50,50
10,345,FeatureAgent,50,50
10,346,FeatureAgent,50,50
10,347,FeatureAgent,50,50
10,348,FeatureAgent,50,50
10,349,FeatureAgent,50,50
10,350,FeatureAgent,50,50
10,351,FeatureAgent,50,50
10,352,FeatureAgent,50,50
10,353,FeatureAgent,50,50
10,354,FeatureAgent,50,50
10,355,FeatureAgent,25,-26
10,356,FeatureAgent,50,50
10,357,FeatureAgent,7,7
10,358,FeatureAgent,50,50
10,359,FeatureAgent,50,50
10,360,FeatureAgent,50,50
10,361,FeatureAgent,50,50
10,362,FeatureAgent,50,50
10,363,FeatureAgent,50,50
10,364,FeatureAgent,50,50
10,365,FeatureAgent,50,50
10,366,FeatureAgent,50,50
10,367,FeatureAgent,50,50
10,368,FeatureAgent,50,50
10,369,FeatureAgent,50,50
10,370,FeatureAgent,50,50
10,371,FeatureAgent,50,50
10,372,FeatureAgent,50,50
10,373,FeatureAgent,50,50
10,374,FeatureAgent,50,50
10,375,FeatureAgent,50,50
10,376,FeatureAgent,50,50
10,377,FeatureAgent,29,-22
10,378,FeatureAgent,50,50
10,379,FeatureAgent,50,50
10,380,FeatureAgent,50,50
10,381,FeatureAgent,50,50
10,382,FeatureAgent,50,50
10,383,FeatureAgent,50,50
10,384,FeatureAgent,50,50
10,385,FeatureAgent,50,50
10,386,FeatureAgent,50,50
10,387,FeatureAgent,50,50
10,388,FeatureAgent,50,50
10,389,FeatureAgent,50,50
10,390,FeatureAgent,50,50
10,391,FeatureAgent,50,50
10,392,FeatureAgent,50,50
10,393,FeatureAgent,50,50
10,394,FeatureAgent,50,50
10,395,FeatureAgent,50,50
10,396,FeatureAgent,50,50
10,397,FeatureAgent,50,50
10,398,FeatureAgent,50,50
10,399,FeatureAgent,50,50
10,400,FeatureAgent,50,50
10,401,FeatureAgent,50,50
10,402,FeatureAgent,50,50
10,403,FeatureAgent,50,50
10,404,FeatureAgent,50,50
10,405,FeatureAgent,50,50
10,406,FeatureAgent,50,50
10,407,FeatureAgent,50,50
10,408,FeatureAgent,50,50
10,409,FeatureAgent,50,50
10,410,FeatureAgent,50,50
10,411,FeatureAgent,50,50
10,412,FeatureAgent,50,50
10,413,FeatureAgent,50,50
10,414,FeatureAgent,50,50
10,415,FeatureAgent,50,50
10,416,FeatureAgent,50,50
10,417,FeatureAgent,50,50
10,418,FeatureAgent,50,50
10,419,FeatureAgent,50,50
10,420,FeatureAgent,50,50
10,421,FeatureAgent,50,50
10,422,FeatureAgent,50,50
10,423,FeatureAgent,50,50
10,424,FeatureAgent,50,50
10,425,FeatureAgent,50,50
10,426,FeatureAgent,50,50
10,427,FeatureAgent,50,50
10,428,FeatureAgent,50,50
10,429,FeatureAgent,50,50
10,430,FeatureAgent,50,50
10,431,FeatureAgent,50,50
10,432,FeatureAgent,50,50
10,433,FeatureAgent,50,50
10,434,FeatureAgent,50,50
10,435,FeatureAgent,50,50
10,436,FeatureAgent,50,50
10,437,FeatureAgent,50,-1
10,438,FeatureAgent,50,50
10,439,FeatureAgent,50,50
10,440,FeatureAgent,50,50
10,441,FeatureAgent,50,50
10,442,FeatureAgent,50,50
10,443,FeatureAgent,50,50
10,444,FeatureAgent,50,50
10,445,FeatureAgent,50,50
10,446,FeatureAgent,50,50
10,447,FeatureAgent,50,50
10,448,FeatureAgent,50,50
10,449,FeatureAgent,50,50
10,450,FeatureAgent,50,50
10,451,FeatureAgent,50,50
10,452,FeatureAgent,50,50
10,453,FeatureAgent,50,50
10,454,FeatureAgent,50,50
10,455,FeatureAgent,50,50
10,456,FeatureAgent,50,50
10,457,FeatureAgent,50,50
10,458,FeatureAgent,50,50
10,459,FeatureAgent,50,50
10,460,FeatureAgent,50,50
10,461,FeatureAgent,50,50
10,462,FeatureAgent,50,50
10,463,FeatureAgent,50,50
10,464,FeatureAgent,50,50
10,465,FeatureAgent,50,50
10,466,FeatureAgent,50,50
10,467,FeatureAgent,50,50
10,468,FeatureAgent,50,50
10,469,FeatureAgent,50,50
10,470,FeatureAgent,50,50
10,471,FeatureAgent,50,50
10,472,FeatureAgent,50,50
10,473,FeatureAgent,50,50
10,474,FeatureAgent,50,50
10,475,FeatureAgent,50,50
10,476,FeatureAgent,50,50
10,477,FeatureAgent,50,50
10,478,FeatureAgent,50,50
10,479,FeatureAgent,50,50
10,480,FeatureAgent,50,50
10,481,FeatureAgent,50,50
10,482,FeatureAgent,50,50
10,483,FeatureAgent,50,50
10,484,FeatureAgent,50,50
10,485,FeatureAgent,50,50
10,486,FeatureAgent,50,-1
10,487,FeatureAgent,50,50
10,488,FeatureAgent,50,50
10,489,FeatureAgent,50,50
10,490,FeatureAgent,50,50
10,491,FeatureAgent,50,50
10,492,FeatureAgent,50,50
10,493,FeatureAgent,50,-1
10,494,FeatureAgent,50,50
10,495,FeatureAgent,50,50
10,496,FeatureAgent,50,50
10,497,FeatureAgent,50,50
10,498,FeatureAgent,50,50
10,499,FeatureAgent,50,50
10,500,FeatureAgent,50,50
10,501,FeatureAgent,50,50
10,502,FeatureAgent,50,50
10,503,FeatureAgent,50,50
10,504,FeatureAgent,50,50
10,505,FeatureAgent,50,50
10,506,FeatureAgent,50,50
10,507,FeatureAgent,50,50
10,508,FeatureAgent,50,50
10,509,FeatureAgent,50,50
10,510,FeatureAgent,50,50
10,511,FeatureAgent,50,50
10,512,FeatureAgent,50,50
10,513,FeatureAgent,50,50
10,514,FeatureAgent,50,50
10,515,FeatureAgent,50,50
10,516,FeatureAgent,50,50
10,517,FeatureAgent,50,50
10,518,FeatureAgent,50,50
10,519,FeatureAgent,50,50
10,520,FeatureAgent,50,50
10,521,FeatureAgent,50,50
10,522,FeatureAgent,50,50
10,523,FeatureAgent,50,50
10,524,FeatureAgent,50,50
10,525,FeatureAgent,50,50
10,526,FeatureAgent,50,-1
10,527,FeatureAgent,50,50
10,528,FeatureAgent,50,-1
10,529,FeatureAgent,50,50
10,530,FeatureAgent,50,50
10,531,FeatureAgent,50,50
10,532,FeatureAgent,50,50
10,533,FeatureAgent,50,50
10,534,FeatureAgent,50,50
10,535,FeatureAgent,50,50
10,536,FeatureAgent,50,50
10,537,FeatureAgent,50,50
10,538,FeatureAgent,50,50
10,539,FeatureAgent,50,50
10,540,FeatureAgent,50,50
10,541,FeatureAgent,50,50
10,542,FeatureAgent,50,50
10,543,FeatureAgent,50,50
10,544,FeatureAgent,50,50
10,545,FeatureAgent,50,-1
10,546,FeatureAgent,50,50
10,547,FeatureAgent,50,50
10,548,FeatureAgent,50,50
10,549,FeatureAgent,15,-36
10,550,FeatureAgent,25,25
10,551,FeatureAgent,50,50
10,552,FeatureAgent,50,50
10,553,FeatureAgent,50,50
10,554,FeatureAgent,50,50
10,555,FeatureAgent,50,50
10,556,FeatureAgent,50,50
10,557,FeatureAgent,50,50
10,558,FeatureAgent,50,50
10,559,FeatureAgent,50,50
10,560,FeatureAgent,50,50
10,561,FeatureAgent,50,50
10,562,FeatureAgent,50,50
10,563,FeatureAgent,50,50
10,564,FeatureAgent,50,50
10,565,FeatureAgent,50,50
10,566,FeatureAgent,50,50
10,567,FeatureAgent,50,50
10,568,FeatureAgent,50,50
10,569,FeatureAgent,50,50
10,570,FeatureAgent,50,50
10,571,FeatureAgent,50,50
10,572,FeatureAgent,50,50
10,573,FeatureAgent,50,50
10,574,FeatureAgent,50,50
10,575,FeatureAgent,50,50
10,576,FeatureAgent,50,50
10,577,FeatureAgent,50,50
10,578,FeatureAgent,50,50
10,579,FeatureAgent,50,50
10,580,FeatureAgent,50,-1
10,581,FeatureAgent,50,50
10,582,FeatureAgent,50,50
10,583,FeatureAgent,50,50
10,584,FeatureAgent,50,50
10,585,FeatureAgent,50,50
10,586,FeatureAgent,50,50
10,587,FeatureAgent,50,50
10,588,FeatureAgent,50,50
10,589,FeatureAgent,50,50
10,590,FeatureAgent,50,50
10,591,FeatureAgent,50,50
10,592,FeatureAgent,50,50
10,593,FeatureAgent,50,50
10,594,FeatureAgent,50,50
10,595,FeatureAgent,50,50
10,596,FeatureAgent,50,50
10,597,FeatureAgent,50,50
10,598,FeatureAgent,50,50
10,599,FeatureAgent,50,50
10,600,FeatureAgent,50,50
10,601,FeatureAgent,50,50
10,602,FeatureAgent,50,50
10,603,FeatureAgent,50,50
10,604,FeatureAgent,50,50
10,605,FeatureAgent,50,50
10,606,FeatureAgent,50,50
10,607,FeatureAgent,50,50
10,608,FeatureAgent,50,50
10,609,FeatureAgent,50,50
10,610,FeatureAgent,50,50
10,611,FeatureAgent,50,50
10,612,FeatureAgent,50,50
10,613,FeatureAgent,50,50
10,614,FeatureAgent,50,50
10,615,FeatureAgent,50,50
10,616,FeatureAgent,50,50
10,617,FeatureAgent,50,50
10,618,FeatureAgent,50,50
10,619,FeatureAgent,50,50
10,620,FeatureAgent,50,50
10,621,FeatureAgent,50,50
10,622,FeatureAgent,50,50
10,623,FeatureAgent,50,50
10,624,FeatureAgent,50,50
10,625,FeatureAgent,50,50
10,626,FeatureAgent,50,50
10,627,FeatureAgent,50,50
10,628,FeatureAgent,50,50
10,629,FeatureAgent,50,50
10,630,FeatureAgent,50,50
10,631,FeatureAgent,28,-23
10,632,FeatureAgent,50,50
10,633,FeatureAgent,50,50
10,634,FeatureAgent,50,50
10,635,FeatureAgent,50,50
10,636,FeatureAgent,50,50
10,637,FeatureAgent,50,50
10,638,FeatureAgent,50,50
10,639,FeatureAgent,50,50
10,640,FeatureAgent,50,50
10,641,FeatureAgent,50,50
10,642,FeatureAgent,50,50
10,643,FeatureAgent,50,50
10,644,FeatureAgent,50,50
10,645,FeatureAgent,50,50
10,646,FeatureAgent,50,50
10,647,FeatureAgent,50,50
10,648,FeatureAgent,50,50
10,649,FeatureAgent,50,50
10,650,FeatureAgent,50,50
10,651,FeatureAgent,50,50
10,652,FeatureAgent,50,50
10,653,FeatureAgent,50,50
10,654,FeatureAgent,50,50
10,655,FeatureAgent,47,-4
10,656,FeatureAgent,50,50
10,657,FeatureAgent,50,50
10,658,FeatureAgent,50,50
10,659,FeatureAgent,50,50
10,660,FeatureAgent,50,50
10,661,FeatureAgent,50,50
10,662,FeatureAgent,50,50
10,663,FeatureAgent,50,50
10,664,FeatureAgent,50,50
10,665,FeatureAgent,50,50
10,666,FeatureAgent,50,50
10,667,FeatureAgent,50,50
10,668,FeatureAgent,50,50
10,669,FeatureAgent,50,50
10,670,FeatureAgent,50,50
10,671,FeatureAgent,50,50
10,672,FeatureAgent,50,50
10,673,FeatureAgent,50,50
10,674,FeatureAgent,50,50
10,675,FeatureAgent,50,50
10,676,FeatureAgent,50,50
10,677,FeatureAgent,50,50
10,678,FeatureAgent,50,50
10,679,FeatureAgent,50,50
10,680,FeatureAgent,50,50
10,681,FeatureAgent,50,50
10,682,FeatureAgent,50,-1
10,683,FeatureAgent,20,-31
10,684,FeatureAgent,50,50
10,685,FeatureAgent,50,50
10,686,FeatureAgent,50,50
10,687,FeatureAgent,50,50
10,688,FeatureAgent,50,50
10,689,FeatureAgent,50,-1
10,690,FeatureAgent,50,50
10,691,FeatureAgent,50,50
10,692,FeatureAgent,50,50
10,693,FeatureAgent,50,50
10,694,FeatureAgent,50,50
10,695,FeatureAgent,50,50
10,696,FeatureAgent,43,-8
10,697,FeatureAgent,50,50
10,698,FeatureAgent,50,50
10,699,FeatureAgent,50,50
10,700,FeatureAgent,50,50
10,701,FeatureAgent,50,50
10,702,FeatureAgent,50,50
10,703,FeatureAgent,50,50
10,704,FeatureAgent,50,50
10,705,FeatureAgent,50,50
10,706,FeatureAgent,50,50
10,707,FeatureAgent,50,50
10,708,FeatureAgent,50,50
10,709,FeatureAgent,50,-1
10,710,FeatureAgent,50,50
10,711,FeatureAgent,50,50
10,712,FeatureAgent,50,50
10,713,FeatureAgent,50,50
10,714,FeatureAgent,50,50
10,715,FeatureAgent,50,50
10,716,FeatureAgent,50,50
10,717,FeatureAgent,50,50
10,718,FeatureAgent,50,50
10,719,FeatureAgent,50,50
10,720,FeatureAgent,50,50
10,721,FeatureAgent,50,50
10,722,FeatureAgent,50,50
10,723,FeatureAgent,50,50
10,724,FeatureAgent,50,50
10,725,FeatureAgent,50,-1
10,726,FeatureAgent,50,50
10,727,FeatureAgent,50,50
10,728,FeatureAgent,50,50
10,729,FeatureAgent,50,50
10,730,FeatureAgent,50,50
10,731,FeatureAgent,50,50
10,732,FeatureAgent,50,50
10,733,FeatureAgent,50,50
10,734,FeatureAgent,50,50
10,735,FeatureAgent,50,50
10,736,FeatureAgent,50,50
10,737,FeatureAgent,50,50
10,738,FeatureAgent,50,50
10,739,FeatureAgent,50,50
10,740,FeatureAgent,50,50
10,741,FeatureAgent,50,50
10,742,FeatureAgent,50,50
10,743,FeatureAgent,50,50
10,744,FeatureAgent,50,50
10,745,FeatureAgent,50,50
10,746,FeatureAgent,50,50
10,747,FeatureAgent,50,50
10,748,FeatureAgent,50,50
10,749,FeatureAgent,50,-1
10,750,FeatureAgent,50,50
10,751,FeatureAgent,50,50
10,752,FeatureAgent,50,50
10,753,FeatureAgent,50,50
10,754,FeatureAgent,50,50
10,755,FeatureAgent,50,50
10,756,FeatureAgent,50,50
10,757,FeatureAgent,50,50
10,758,FeatureAgent,50,50
10,759,FeatureAgent,50,50
10,760,FeatureAgent,50,50
10,761,FeatureAgent,50,50
10,762,FeatureAgent,50,50
10,763,FeatureAgent,50,50
10,764,FeatureAgent,50,50
10,765,FeatureAgent,50,50
10,766,FeatureAgent,50,-1
10,767,FeatureAgent,50,50
10,768,FeatureAgent,50,50
10,769,FeatureAgent,50,50
10,770,FeatureAgent,50,50
10,771,FeatureAgent,50,50
10,772,FeatureAgent,50,50
10,773,FeatureAgent,50,50
10,774,FeatureAgent,50,50
10,775,FeatureAgent,50,50
10,776,FeatureAgent,50,50
10,777,FeatureAgent,50,50
10,778,FeatureAgent,50,50
10,779,FeatureAgent,50,50
10,780,FeatureAgent,50,50
10,781,FeatureAgent,50,50
10,782,FeatureAgent,50,50
10,783,FeatureAgent,50,50
10,784,FeatureAgent,50,50
10,785,FeatureAgent,50,50
10,786,FeatureAgent,50,50
10,787,FeatureAgent,50,-1
10,788,FeatureAgent,50,50
10,789,FeatureAgent,50,-1
10,790,FeatureAgent,50,50
10,791,FeatureAgent,50,50
10,792,FeatureAgent,50,-1
10,793,FeatureAgent,50,50
10,794,FeatureAgent,50,50
10,795,FeatureAgent,50,50
10,796,FeatureAgent,50,50
10,797,FeatureAgent,50,50
10,798,FeatureAgent,50,50
10,799,FeatureAgent,50,50
10,800,FeatureAgent,50,50
10,801,FeatureAgent,50,50
10,802,FeatureAgent,50,50
10,803,FeatureAgent,50,50
10,804,FeatureAgent,50,50
10,805,FeatureAgent,50,50
10,806,FeatureAgent,50,50
10,807,FeatureAgent,50,50
10,808,FeatureAgent,50,50
10,809,FeatureAgent,50,50
10,810,FeatureAgent,50,50
10,811,FeatureAgent,50,50
10,812,FeatureAgent,50,50
10,813,FeatureAgent,50,50
10,814,FeatureAgent,50,50
10,815,FeatureAgent,50,50
10,816,FeatureAgent,50,50
10,817,FeatureAgent,50,50
10,818,FeatureAgent,50,50
10,819,FeatureAgent,50,50
10,820,FeatureAgent,50,50
10,821,FeatureAgent,50,50
10,822,FeatureAgent,50,50
10,823,FeatureAgent,50,50
10,824,FeatureAgent,50,50
10,825,FeatureAgent,50,50
10,826,FeatureAgent,50,50
10,827,FeatureAgent,50,50
10,828,FeatureAgent,50,50
10,829,FeatureAgent,50,50
10,830,FeatureAgent,50,50
10,831,FeatureAgent,50,50
10,832,FeatureAgent,50,50
10,833,FeatureAgent,50,50
10,834,FeatureAgent,50,50
10,835,FeatureAgent,50,50
10,836,FeatureAgent,50,50
10,837,FeatureAgent,50,50
10,838,FeatureAgent,50,50
10,839,FeatureAgent,50,50
10,840,FeatureAgent,50,50
10,841,FeatureAgent,50,50
10,842,FeatureAgent,50,50
10,843,FeatureAgent,50,50
10,844,FeatureAgent,50,50
10,845,FeatureAgent,50,-1
10,846,FeatureAgent,50,50
10,847,FeatureAgent,50,50
10,848,FeatureAgent,50,50
10,849,FeatureAgent,50,50
10,850,FeatureAgent,50,50
10,851,FeatureAgent,50,50
10,852,FeatureAgent,50,50
10,853,FeatureAgent,50,50
10,854,FeatureAgent,50,50
10,855,FeatureAgent,50,50
10,856,FeatureAgent,50,50
10,857,FeatureAgent,50,50
10,858,FeatureAgent,50,50
10,859,FeatureAgent,50,50
10,860,FeatureAgent,50,50
10,861,FeatureAgent,50,50
10,862,FeatureAgent,50,50
10,863,FeatureAgent,50,50
10,864,FeatureAgent,50,50
10,865,FeatureAgent,50,50
10,866,FeatureAgent,50,50
10,867,FeatureAgent,50,50
10,868,FeatureAgent,50,50
10,869,FeatureAgent,50,50
10,870,FeatureAgent,50,50
10,871,FeatureAgent,50,50
10,872,FeatureAgent,50,50
10,873,FeatureAgent,50,50
10,874,FeatureAgent,50,50
10,875,FeatureAgent,50,50
10,876,FeatureAgent,50,50
10,877,FeatureAgent,50,50
10,878,FeatureAgent,50,50
10,879,FeatureAgent,50,50
10,880,FeatureAgent,50,50
10,881,FeatureAgent,50,50
10,882,FeatureAgent,50,50
10,883,FeatureAgent,50,50
10,884,FeatureAgent,50,50
10,885,FeatureAgent,50,50
10,886,FeatureAgent,50,50
10,887,FeatureAgent,50,50
10,888,FeatureAgent,50,50
10,889,FeatureAgent,50,50
10,890,FeatureAgent,50,50
10,891,FeatureAgent,50,50
10,892,FeatureAgent,50,50
10,893,FeatureAgent,50,50
10,894,FeatureAgent,50,50
10,895,FeatureAgent,50,50
10,896,FeatureAgent,50,50
10,897,FeatureAgent,50,50
10,898,FeatureAgent,50,50
10,899,FeatureAgent,50,50
10,900,FeatureAgent,50,50
10,901,FeatureAgent,50,50
10,902,FeatureAgent,50,50
10,903,FeatureAgent,50,50
10,904,FeatureAgent,50,50
10,905,FeatureAgent,50,50
10,906,FeatureAgent,50,50
10,907,FeatureAgent,50,50
10,908,FeatureAgent,22,-29
10,909,FeatureAgent,50,50
10,910,FeatureAgent,50,50
10,911,FeatureAgent,50,50
10,912,FeatureAgent,50,50
10,913,FeatureAgent,50,50
10,914,FeatureAgent,50,50
10,915,FeatureAgent,50,50
10,916,FeatureAgent,50,-1
10,917,FeatureAgent,50,50
10,918,FeatureAgent,50,50
10,919,FeatureAgent,50,50
10,920,FeatureAgent,50,-1
10,921,FeatureAgent,50,50
10,922,FeatureAgent,50,50
10,923,FeatureAgent,50,50
10,924,FeatureAgent,50,50
10,925,FeatureAgent,50,50
10,926,FeatureAgent,50,50
10,927,FeatureAgent,50,50
10,928,FeatureAgent,50,50
10,929,FeatureAgent,50,50
10,930,FeatureAgent,50,50
10,931,FeatureAgent,50,50
10,932,FeatureAgent,50,50
10,933,FeatureAgent,50,50
10,934,FeatureAgent,50,50
10,935,FeatureAgent,50,50
10,936,FeatureAgent,50,50
10,937,FeatureAgent,50,50
10,938,FeatureAgent,50,50
10,939,FeatureAgent,50,50
10,940,FeatureAgent,50,50
10,941,FeatureAgent,50,50
10,942,FeatureAgent,50,50
10,943,FeatureAgent,50,50
10,944,FeatureAgent,50,50
10,945,FeatureAgent,50,50
10,946,FeatureAgent,50,50
10,947,FeatureAgent,50,50
10,948,FeatureAgent,50,50
10,949,FeatureAgent,50,50
10,950,FeatureAgent,50,50
10,951,FeatureAgent,50,50
10,952,FeatureAgent,50,50
10,953,FeatureAgent,50,50
10,954,FeatureAgent,50,50
10,955,FeatureAgent,50,50
10,956,FeatureAgent,50,50
10,957,FeatureAgent,50,50
10,958,FeatureAgent,50,50
10,959,FeatureAgent,50,50
10,960,FeatureAgent,50,50
10,961,FeatureAgent,50,50
10,962,FeatureAgent,50,50
10,963,FeatureAgent,50,50
10,964,FeatureAgent,50,50
10,965,FeatureAgent,50,50
10,966,FeatureAgent,50,50
10,967,FeatureAgent,50,50
10,968,FeatureAgent,50,50
10,969,FeatureAgent,50,50
10,970,FeatureAgent,50,50
10,971,FeatureAgent,50,50
10,972,FeatureAgent,50,50
10,973,FeatureAgent,50,50
10,974,FeatureAgent,50,50
10,975,FeatureAgent,50,50
10,976,FeatureAgent,50,50
10,977,FeatureAgent,50,50
10,978,FeatureAgent,50,50
10,979,FeatureAgent,50,50
10,980,FeatureAgent,50,50
10,981,FeatureAgent,50,50
10,982,FeatureAgent,50,50
10,983,FeatureAgent,50,50
10,984,FeatureAgent,50,50
10,985,FeatureAgent,50,50
10,986,FeatureAgent,50,50
10,987,FeatureAgent,50,50
10,988,FeatureAgent,50,50
10,989,FeatureAgent,50,50
10,990,FeatureAgent,50,50
10,991,FeatureAgent,50,50
10,992,FeatureAgent,50,50
10,993,FeatureAgent,50,50
10,994,FeatureAgent,50,50
10,995,FeatureAgent,50,50
10,996,FeatureAgent,50,50
10,997,FeatureAgent,50,50
10,998,FeatureAgent,50,50
10,999,FeatureAgent,50,50
10,1000,FeatureAgent,50,50
11,1,FeatureAgent,27,27
11,2,FeatureAgent,16,-35
11,3,FeatureAgent,1,1
11,4,FeatureAgent,1,1
11,5,FeatureAgent,1,1
11,6,FeatureAgent,7,7
11,7,FeatureAgent,1,1
11,8,FeatureAgent,1,1
11,9,FeatureAgent,1,1
11,10,FeatureAgent,3,3
11,11,FeatureAgent,1,1
11,12,FeatureAgent,1,1
11,13,FeatureAgent,1,1
11,14,FeatureAgent,1,1
11,15,FeatureAgent,5,5
11,16,FeatureAgent,1,1
11,17,FeatureAgent,2,2
11,18,FeatureAgent,13,13
11,19,FeatureAgent,1,1
11,20,FeatureAgent,12,12
11,21,FeatureAgent,2,2
11,22,FeatureAgent,35,35
11,23,FeatureAgent,19,19
11,24,FeatureAgent,4,4
11,25,FeatureAgent,50,-1
11,26,FeatureAgent,16,16
11,27,FeatureAgent,50,50
11,28,FeatureAgent,50,50
11,29,FeatureAgent,50,50
11,30,FeatureAgent,50,50
11,31,FeatureAgent,50,50
11,32,FeatureAgent,50,50
11,33,FeatureAgent,50,50
11,34,FeatureAgent,37,-14
11,35,FeatureAgent,2,2
11,36,FeatureAgent,2,2
11,37,FeatureAgent,2,2
11,38,FeatureAgent,4,4
11,39,FeatureAgent,4,4
11,40,FeatureAgent,1,1
11,41,FeatureAgent,1,1
11,42,FeatureAgent,2,2
11,43,FeatureAgent,1,1
11,44,FeatureAgent,3,3
11,45,FeatureAgent,50,50
11,46,FeatureAgent,50,50
11,47,FeatureAgent,50,50
11,48,FeatureAgent,50,50
11,49,FeatureAgent,50,50
11,50,FeatureAgent,26,-25
11,51,FeatureAgent,1,1
11,52,FeatureAgent,1,1
11,53,FeatureAgent,7,7
11,54,FeatureAgent,1,1
11,55,FeatureAgent,1,1
11,56,FeatureAgent,1,1
11,57,FeatureAgent,1,1
11,58,FeatureAgent,1,1
11,59,FeatureAgent,1,1
11,60,FeatureAgent,2,2
11,61,FeatureAgent,2,2
11,62,FeatureAgent,7,7
11,63,FeatureAgent,8,8
11,64,FeatureAgent,50,50
11,65,FeatureAgent,50,50
11,66,FeatureAgent,50,50
11,67,FeatureAgent,7,-44
11,68,FeatureAgent,1,1
11,69,FeatureAgent,1,1
11,70,FeatureAgent,1,1
11,71,FeatureAgent,2,2
11,72,FeatureAgent,1,1
11,73,FeatureAgent,1,1
11,74,FeatureAgent,1,1
11,75,FeatureAgent,3,3
11,76,FeatureAgent,2,2
11,77,FeatureAgent,3,3
11,78,FeatureAgent,2,2
11,79,FeatureAgent,2,2
11,80,FeatureAgent,1,1
11,81,FeatureAgent,1,1
11,82,FeatureAgent,1,1
11,83,FeatureAgent,2,2
11,84,FeatureAgent,3,3
11,85,FeatureAgent,2,2
11,86,FeatureAgent,12,12
11,87,FeatureAgent,50,50
11,88,FeatureAgent,50,50
11,89,FeatureAgent,50,50
11,90,FeatureAgent,50,50
11,91,FeatureAgent,50,50
11,92,FeatureAgent,50,50
11,93,FeatureAgent,50,50
11,94,FeatureAgent,50,50
11,95,FeatureAgent,50,50
11,96,FeatureAgent,50,50
11,97,FeatureAgent,50,50
11,98,FeatureAgent,50,50
11,99,FeatureAgent,50,50
11,100,FeatureAgent,50,50
11,101,FeatureAgent,2,-49
11,102,FeatureAgent,1,1
11,103,FeatureAgent,1,1
11,104,FeatureAgent,3,3
11,105,FeatureAgent,1,1
11,106,FeatureAgent,1,1
11,107,FeatureAgent,5,5
11,108,FeatureAgent,1,1
11,109,FeatureAgent,1,1
11,110,FeatureAgent,3,3
11,111,FeatureAgent,1,1
11,112,FeatureAgent,4,4
11,113,FeatureAgent,5,5
11,114,FeatureAgent,2,2
11,115,FeatureAgent,16,16
11,116,FeatureAgent,1,1
11,117,FeatureAgent,50,50
11,118,FeatureAgent,50,50
11,119,FeatureAgent,50,50
11,120,FeatureAgent,44,-7
11,121,FeatureAgent,1,1
11,122,FeatureAgent,1,1
11,123,FeatureAgent,2,2
11,124,FeatureAgent,1,1
11,125,FeatureAgent,4,4
11,126,FeatureAgent,2,2
11,127,FeatureAgent,2,2
11,128,FeatureAgent,2,2
11,129,FeatureAgent,3,3
11,130,FeatureAgent,1,1
11,131,FeatureAgent,2,2
11,132,FeatureAgent,5,5
11,133,FeatureAgent,2,2
11,134,FeatureAgent,50,50
11,135,FeatureAgent,50,50
11,136,FeatureAgent,50,50
11,137,FeatureAgent,50,50
11,138,FeatureAgent,50,50
11,139,FeatureAgent,50,50
11,140,FeatureAgent,50,50
11,141,FeatureAgent,50,50
11,142,FeatureAgent,50,50
11,143,FeatureAgent,50,50
11,144,FeatureAgent,50,50
11,145,FeatureAgent,50,50
11,146,FeatureAgent,50,50
11,147,FeatureAgent,50,50
11,148,FeatureAgent,50,50
11,149,FeatureAgent,50,50
11,150,FeatureAgent,50,50
11,151,FeatureAgent,50,50
11,152,FeatureAgent,50,50
11,153,FeatureAgent,50,50
11,154,FeatureAgent,50,50
11,155,FeatureAgent,50,50
11,156,FeatureAgent,50,50
11,157,FeatureAgent,50,50
11,158,FeatureAgent,32,-19
11,159,FeatureAgent,10,10
11,160,FeatureAgent,5,5
11,161,FeatureAgent,9,9
11,162,FeatureAgent,3,3
11,163,FeatureAgent,11,11
11,164,FeatureAgent,11,11
11,165,FeatureAgent,50,50
11,166,FeatureAgent,50,50
11,167,FeatureAgent,32,-19
11,168,FeatureAgent,1,1
11,169,FeatureAgent,1,1
11,170,FeatureAgent,1,1
11,171,FeatureAgent,1,1
11,172,FeatureAgent,3,3
11,173,FeatureAgent,1,1
11,174,FeatureAgent,1,1
11,175,FeatureAgent,1,1
11,176,FeatureAgent,2,2
11,177,FeatureAgent,1,1
11,178,FeatureAgent,4,4
11,179,FeatureAgent,1,1
11,180,FeatureAgent,2,2
11,181,FeatureAgent,13,13
11,182,FeatureAgent,50,50
11,183,FeatureAgent,50,50
11,184,FeatureAgent,50,50
11,185,FeatureAgent,50,50
11,186,FeatureAgent,50,50
11,187,FeatureAgent,50,50
11,188,FeatureAgent,50,50
11,189,FeatureAgent,50,50
11,190,FeatureAgent,50,50
11,191,FeatureAgent,50,50
11,192,FeatureAgent,50,50
11,193,FeatureAgent,50,50
11,194,FeatureAgent,50,50
11,195,FeatureAgent,50,50
11,196,FeatureAgent,50,50
11,197,FeatureAgent,50,50
11,198,FeatureAgent,50,50
11,199,FeatureAgent,50,50
11,200,FeatureAgent,50,50
11,201,FeatureAgent,50,50
11,202,FeatureAgent,50,50
11,203,FeatureAgent,31,-20
11,204,FeatureAgent,5,5
11,205,FeatureAgent,6,6
11,206,FeatureAgent,16,16
11,207,FeatureAgent,50,50
11,208,FeatureAgent,50,50
11,209,FeatureAgent,50,50
11,210,FeatureAgent,50,50
11,211,FeatureAgent,9,-42
11,212,FeatureAgent,1,1
11,213,FeatureAgent,6,6
11,214,FeatureAgent,1,1
11,215,FeatureAgent,3,3
11,216,FeatureAgent,50,50
11,217,FeatureAgent,1,1
11,218,FeatureAgent,50,50
11,219,FeatureAgent,50,50
11,220,FeatureAgent,50,50
11,221,FeatureAgent,50,50
11,222,FeatureAgent,50,50
11,223,FeatureAgent,50,50
11,224,FeatureAgent,50,50
11,225,FeatureAgent,50,50
11,226,FeatureAgent,50,50
11,227,FeatureAgent,50,50
11,228,FeatureAgent,50,50
11,229,FeatureAgent,50,50
11,230,FeatureAgent,50,50
11,231,FeatureAgent,24,-27
11,232,FeatureAgent,13,13
11,233,FeatureAgent,50,50
11,234,FeatureAgent,21,-30
11,235,FeatureAgent,31,-20
11,236,FeatureAgent,50,50
11,237,FeatureAgent,50,50
11,238,FeatureAgent,50,50
11,239,FeatureAgent,50,50
11,240,FeatureAgent,50,50
11,241,FeatureAgent,50,50
11,242,FeatureAgent,50,50
11,243,FeatureAgent,50,50
11,244,FeatureAgent,50,50
11,245,FeatureAgent,50,50
11,246,FeatureAgent,50,50
11,247,FeatureAgent,50,50
11,248,FeatureAgent,50,50
11,249,FeatureAgent,50,50
11,250,FeatureAgent,50,50
11,251,FeatureAgent,50,50
11,252,FeatureAgent,50,50
11,253,FeatureAgent,50,50
11,254,FeatureAgent,50,50
11,255,FeatureAgent,17,-34
11,256,FeatureAgent,1,1
11,257,FeatureAgent,24,24
11,258,FeatureAgent,3,3
11,259,FeatureAgent,5,5
11,260,FeatureAgent,44,44
11,261,FeatureAgent,50,50
11,262,FeatureAgent,50,50
11,263,FeatureAgent,50,-1
11,264,FeatureAgent,4,4
11,265,FeatureAgent,1,1
11,266,FeatureAgent,17,17
11,267,FeatureAgent,1,1
11,268,FeatureAgent,16,16
11,269,FeatureAgent,50,50
11,270,FeatureAgent,20,20
11,271,FeatureAgent,50,50
11,272,FeatureAgent,50,50
11,273,FeatureAgent,50,50
11,274,FeatureAgent,50,50
11,275,FeatureAgent,50,50
11,276,FeatureAgent,50,50
11,277,FeatureAgent,50,50
11,278,FeatureAgent,50,50
11,279,FeatureAgent,50,50
11,280,FeatureAgent,50,50
11,281,FeatureAgent,50,50
11,282,FeatureAgent,50,50
11,283,FeatureAgent,50,50
11,284,FeatureAgent,50,50
11,285,FeatureAgent,50,50
11,286,FeatureAgent,50,50
11,287,FeatureAgent,50,50
11,288,FeatureAgent,50,50
11,289,FeatureAgent,50,50
11,290,FeatureAgent,37,-14
11,291,FeatureAgent,50,50
11,292,FeatureAgent,50,50
11,293,FeatureAgent,50,50
11,294,FeatureAgent,50,50
11,295,FeatureAgent,50,50
11,296,FeatureAgent,50,50
11,297,FeatureAgent,50,50
11,298,FeatureAgent,50,50
11,299,FeatureAgent,50,50
11,300,FeatureAgent,50,50
11,301,FeatureAgent,50,50
11,302,FeatureAgent,50,50
11,303,FeatureAgent,50,50
11,304,FeatureAgent,50,50
11,305,FeatureAgent,50,50
11,306,FeatureAgent,50,50
11,307,FeatureAgent,50,50
11,308,FeatureAgent,50,50
11,309,FeatureAgent,50,50
11,310,FeatureAgent,50,50
11,311,FeatureAgent,50,50
11,312,FeatureAgent,50,50
11,313,FeatureAgent,50,50
11,314,FeatureAgent,50,50
11,315,FeatureAgent,50,50
11,316,FeatureAgent,50,50
11,317,FeatureAgent,50,50
11,318,FeatureAgent,50,50
11,319,FeatureAgent,50,50
11,320,FeatureAgent,50,50
11,321,FeatureAgent,50,50
11,322,FeatureAgent,50,50
11,323,FeatureAgent,50,50
11,324,FeatureAgent,50,50
11,325,FeatureAgent,50,50
11,326,FeatureAgent,50,50
11,327,FeatureAgent,50,50
11,328,FeatureAgent,50,50
11,329,FeatureAgent,50,50
11,330,FeatureAgent,50,-1
11,331,FeatureAgent,7,-44
11,332,FeatureAgent,50,50
11,333,FeatureAgent,50,50
11,334,FeatureAgent,50,50
11,335,FeatureAgent,50,50
11,336,FeatureAgent,50,50
11,337,FeatureAgent,50,50
11,338,FeatureAgent,50,50
11,339,FeatureAgent,50,50
11,340,FeatureAgent,50,50
11,341,FeatureAgent,50,50
11,342,FeatureAgent,50,50
11,343,FeatureAgent,16,-35
11,344,FeatureAgent,27,27
11,345,FeatureAgent,50,50
11,346,FeatureAgent,50,50
11,347,FeatureAgent,50,50
11,348,FeatureAgent,50,50
11,349,FeatureAgent,50,50
11,350,FeatureAgent,50,50
11,351,FeatureAgent,50,50
11,352,FeatureAgent,50,50
11,353,FeatureAgent,50,50
11,354,FeatureAgent,50,-1
11,355,FeatureAgent,50,50
11,356,FeatureAgent,50,50
11,357,FeatureAgent,50,50
11,358,FeatureAgent,50,50
11,359,FeatureAgent,50,50
11,360,FeatureAgent,50,50
11,361,FeatureAgent,50,50
11,362,FeatureAgent,50,50
11,363,FeatureAgent,50,50
11,364,FeatureAgent,50,50
11,365,FeatureAgent,50,50
11,366,FeatureAgent,50,50
11,367,FeatureAgent,50,50
11,368,FeatureAgent,50,50
11,369,FeatureAgent,50,50
11,370,FeatureAgent,50,50
11,371,FeatureAgent,50,50
11,372,FeatureAgent,50,50
11,373,FeatureAgent,50,50
11,374,FeatureAgent,50,50
11,375,FeatureAgent,50,50
11,376,FeatureAgent,50,50
11,377,FeatureAgent,50,50
11,378,FeatureAgent,50,50
11,379,FeatureAgent,50,50
11,380,FeatureAgent,8,-43
11,381,FeatureAgent,2,2
11,382,FeatureAgent,12,12
11,383,FeatureAgent,8,8
11,384,FeatureAgent,6,6
11,385,FeatureAgent,21,21
11,386,FeatureAgent,50,50
11,387,FeatureAgent,50,50
11,388,FeatureAgent,50,50
11,389,FeatureAgent,50,50
11,390,FeatureAgent,50,50
11,391,FeatureAgent,50,50
11,392,FeatureAgent,50,50
11,393,FeatureAgent,50,50
11,394,FeatureAgent,50,50
11,395,FeatureAgent,50,50
11,396,FeatureAgent,50,50
11,397,FeatureAgent,50,50
11,398,FeatureAgent,50,50
11,399,FeatureAgent,50,50
11,400,FeatureAgent,50,50
11,401,FeatureAgent,29,-22
11,402,FeatureAgent,50,50
11,403,FeatureAgent,50,50
11,404,FeatureAgent,50,50
11,405,FeatureAgent,50,50
11,406,FeatureAgent,50,50
11,407,FeatureAgent,50,50
11,408,FeatureAgent,50,50
11,409,FeatureAgent,50,50
11,410,FeatureAgent,50,50
11,411,FeatureAgent,50,50
11,412,FeatureAgent,50,50
11,413,FeatureAgent,50,50
11,414,FeatureAgent,50,50
11,415,FeatureAgent,50,-1
11,416,FeatureAgent,50,50
11,417,FeatureAgent,17,-34
11,418,FeatureAgent,8,8
11,419,FeatureAgent,50,50
11,420,FeatureAgent,50,50
11,421,FeatureAgent,50,50
11,422,FeatureAgent,50,50
11,423,FeatureAgent,50,50
11,424,FeatureAgent,50,50
11,425,FeatureAgent,50,50
11,426,FeatureAgent,50,50
11,427,FeatureAgent,50,50
11,428,FeatureAgent,50,50
11,429,FeatureAgent,50,50
11,430,FeatureAgent,50,50
11,431,FeatureAgent,50,50
11,432,FeatureAgent,50,50
11,433,FeatureAgent,50,50
11,434,FeatureAgent,50,50
11,435,FeatureAgent,50,50
11,436,FeatureAgent,50,50
11,437,FeatureAgent,50,50
11,438,FeatureAgent,50,50
11,439,FeatureAgent,50,50
11,440,FeatureAgent,50,50
11,441,FeatureAgent,50,50
11,442,FeatureAgent,50,50
11,443,FeatureAgent,16,-35
11,444,FeatureAgent,32,32
11,445,FeatureAgent,50,50
11,446,FeatureAgent,50,50
11,447,FeatureAgent,50,50
11,448,FeatureAgent,50,50
11,449,FeatureAgent,50,50
11,450,FeatureAgent,50,50
11,451,FeatureAgent,50,50
11,452,FeatureAgent,50,50
11,453,FeatureAgent,50,50
11,454,FeatureAgent,50,50
11,455,FeatureAgent,50,50
11,456,FeatureAgent,50,50
11,457,FeatureAgent,50,50
11,458,FeatureAgent,50,50
11,459,FeatureAgent,50,50
11,460,FeatureAgent,50,50
11,461,FeatureAgent,50,50
11,462,FeatureAgent,50,50
11,463,FeatureAgent,50,50
11,464,FeatureAgent,50,50
11,465,FeatureAgent,50,50
11,466,FeatureAgent,50,50
11,467,FeatureAgent,50,50
11,468,FeatureAgent,50,50
11,469,FeatureAgent,50,50
11,470,FeatureAgent,50,50
11,471,FeatureAgent,50,50
11,472,FeatureAgent,50,50
11,473,FeatureAgent,50,50
11,474,FeatureAgent,50,50
11,475,FeatureAgent,50,50
11,476,FeatureAgent,50,50
11,477,FeatureAgent,50,50
11,478,FeatureAgent,50,50
11,479,FeatureAgent,50,50
11,480,FeatureAgent,50,50
11,481,FeatureAgent,50,50
11,482,FeatureAgent,50,50
11,483,FeatureAgent,50,50
11,484,FeatureAgent,50,50
11,485,FeatureAgent,50,50
11,486,FeatureAgent,50,50
11,487,FeatureAgent,50,50
11,488,FeatureAgent,50,50
11,489,FeatureAgent,50,50
11,490,FeatureAgent,50,50
11,491,FeatureAgent,50,50
11,492,FeatureAgent,50,50
11,493,FeatureAgent,50,50
11,494,FeatureAgent,50,50
11,495,FeatureAgent,50,50
11,496,FeatureAgent,50,50
11,497,FeatureAgent,50,50
11,498,FeatureAgent,50,50
11,499,FeatureAgent,50,50
11,500,FeatureAgent,50,50
11,501,FeatureAgent,50,50
11,502,FeatureAgent,50,50
11,503,FeatureAgent,50,50
11,504,FeatureAgent,50,50
11,505,FeatureAgent,50,50
11,506,FeatureAgent,50,50
11,507,FeatureAgent,50,50
11,508,FeatureAgent,50,50
11,509,FeatureAgent,50,50
11,510,FeatureAgent,50,50
11,511,FeatureAgent,50,50
11,512,FeatureAgent,50,50
11,513,FeatureAgent,50,-1
11,514,FeatureAgent,50,50
11,515,FeatureAgent,50,50
11,516,FeatureAgent,50,50
11,517,FeatureAgent,50,50
11,518,FeatureAgent,50,-1
11,519,FeatureAgent,12,12
11,520,FeatureAgent,25,-26
11,521,FeatureAgent,23,23
11,522,FeatureAgent,4,4
11,523,FeatureAgent,1,1
11,524,FeatureAgent,50,50
11,525,FeatureAgent,50,50
11,526,FeatureAgent,50,50
11,527,FeatureAgent,50,50
11,528,FeatureAgent,50,50
11,529,FeatureAgent,50,50
11,530,FeatureAgent,50,50
11,531,FeatureAgent,50,50
11,532,FeatureAgent,50,50
11,533,FeatureAgent,50,50
11,534,FeatureAgent,50,50
11,535,FeatureAgent,50,50
11,536,FeatureAgent,50,50
11,537,FeatureAgent,50,50
11,538,FeatureAgent,50,50
11,539,FeatureAgent,50,50
11,540,FeatureAgent,50,50
11,541,FeatureAgent,50,50
11,542,FeatureAgent,50,50
11,543,FeatureAgent,50,50
11,544,FeatureAgent,50,50
11,545,FeatureAgent,50,50
11,546,FeatureAgent,50,50
11,547,FeatureAgent,50,50
11,548,FeatureAgent,50,50
11,549,FeatureAgent,50,50
11,550,FeatureAgent,50,50
11,551,FeatureAgent,50,-1
11,552,FeatureAgent,50,50
11,553,FeatureAgent,50,50
11,554,FeatureAgent,50,50
11,555,FeatureAgent,50,50
11,556,FeatureAgent,50,50
11,557,FeatureAgent,50,50
11,558,FeatureAgent,50,50
11,559,FeatureAgent,50,50
11,560,FeatureAgent,50,50
11,561,FeatureAgent,50,50
11,562,FeatureAgent,50,50
11,563,FeatureAgent,50,50
11,564,FeatureAgent,50,50
11,565,FeatureAgent,50,50
11,566,FeatureAgent,50,50
11,567,FeatureAgent,50,50
11,568,FeatureAgent,50,50
11,569,FeatureAgent,50,50
11,570,FeatureAgent,50,50
11,571,FeatureAgent,50,50
11,572,FeatureAgent,50,50
11,573,FeatureAgent,50,50
11,574,FeatureAgent,50,50
11,575,FeatureAgent,50,50
11,576,FeatureAgent,50,50
11,577,FeatureAgent,50,50
11,578,FeatureAgent,50,50
11,579,FeatureAgent,50,50
11,580,FeatureAgent,50,50
11,581,FeatureAgent,50,50
11,582,FeatureAgent,50,50
11,583,FeatureAgent,50,50
11,584,FeatureAgent,50,50
11,585,FeatureAgent,50,50
11,586,FeatureAgent,50,50
11,587,FeatureAgent,50,50
11,588,FeatureAgent,50,50
11,589,FeatureAgent,50,50
11,590,FeatureAgent,50,50
11,591,FeatureAgent,50,50
11,592,FeatureAgent,50,50
11,593,FeatureAgent,50,50
11,594,FeatureAgent,50,50
11,595,FeatureAgent,50,50
11,596,FeatureAgent,50,50
11,597,FeatureAgent,50,50
11,598,FeatureAgent,50,50
11,599,FeatureAgent,50,50
11,600,FeatureAgent,50,50
11,601,FeatureAgent,50,50
11,602,FeatureAgent,50,50
11,603,FeatureAgent,50,50
11,604,FeatureAgent,50,50
11,605,FeatureAgent,50,50
11,606,FeatureAgent,50,50
11,607,FeatureAgent,50,50
11,608,FeatureAgent,50,50
11,609,FeatureAgent,50,50
11,610,FeatureAgent,50,50
11,611,FeatureAgent,50,50
11,612,FeatureAgent,50,50
11,613,FeatureAgent,50,50
11,614,FeatureAgent,50,50
11,615,FeatureAgent,50,50
11,616,FeatureAgent,50,-1
11,617,FeatureAgent,50,50
11,618,FeatureAgent,50,50
11,619,FeatureAgent,50,50
11,620,FeatureAgent,50,50
11,621,FeatureAgent,50,50
11,622,FeatureAgent,50,50
11,623,FeatureAgent,50,50
11,624,FeatureAgent,50,50
11,625,FeatureAgent,50,50
11,626,FeatureAgent,50,50
11,627,FeatureAgent,50,50
11,628,FeatureAgent,50,50
11,629,FeatureAgent,50,50
11,630,FeatureAgent,50,50
11,631,FeatureAgent,50,50
11,632,FeatureAgent,50,50
11,633,FeatureAgent,50,50
11,634,FeatureAgent,50,50
11,635,FeatureAgent,50,50
11,636,FeatureAgent,50,50
11,637,FeatureAgent,50,50
11,638,FeatureAgent,50,50
11,639,FeatureAgent,50,50
11,640,FeatureAgent,50,50
11,641,FeatureAgent,50,50
11,642,FeatureAgent,50,50
11,643,FeatureAgent,50,50
11,644,FeatureAgent,50,50
11,645,FeatureAgent,50,50
11,646,FeatureAgent,50,-1
11,647,FeatureAgent,50,50
11,648,FeatureAgent,50,50
11,649,FeatureAgent,50,50
11,650,FeatureAgent,50,50
11,651,FeatureAgent,50,50
11,652,FeatureAgent,50,50
11,653,FeatureAgent,50,50
11,654,FeatureAgent,50,50
11,655,FeatureAgent,50,50
11,656,FeatureAgent,50,50
11,657,FeatureAgent,50,50
11,658,FeatureAgent,50,50
11,659,FeatureAgent,50,50
11,660,FeatureAgent,50,50
11,661,FeatureAgent,50,50
11,662,FeatureAgent,50,50
11,663,FeatureAgent,50,50
11,664,FeatureAgent,50,50
11,665,FeatureAgent,50,-1
11,666,FeatureAgent,50,50
11,667,FeatureAgent,50,50
11,668,FeatureAgent,50,50
11,669,FeatureAgent,16,-35
11,670,FeatureAgent,50,50
11,671,FeatureAgent,50,50
11,672,FeatureAgent,50,50
11,673,FeatureAgent,50,50
11,674,FeatureAgent,50,50
11,675,FeatureAgent,50,50
11,676,FeatureAgent,50,50
11,677,FeatureAgent,50,50
11,678,FeatureAgent,50,50
11,679,FeatureAgent,50,50
11,680,FeatureAgent,50,50
11,681,FeatureAgent,50,50
11,682,FeatureAgent,50,50
11,683,FeatureAgent,50,50
11,684,FeatureAgent,50,50
11,685,FeatureAgent,50,50
11,686,FeatureAgent,50,50
11,687,FeatureAgent,50,50
11,688,FeatureAgent,50,50
11,689,FeatureAgent,50,50
11,690,FeatureAgent,50,50
11,691,FeatureAgent,50,50
11,692,FeatureAgent,50,50
11,693,FeatureAgent,50,50
11,694,FeatureAgent,50,50
11,695,FeatureAgent,50,50
11,696,FeatureAgent,50,50
11,697,FeatureAgent,50,50
11,698,FeatureAgent,50,50
11,699,FeatureAgent,50,50
11,700,FeatureAgent,50,50
11,701,FeatureAgent,50,50
11,702,FeatureAgent,50,50
11,703,FeatureAgent,50,50
11,704,FeatureAgent,50,50
11,705,FeatureAgent,50,50
11,706,FeatureAgent,50,50
11,707,FeatureAgent,50,50
11,708,FeatureAgent,50,50
11,709,FeatureAgent,50,50
11,710,FeatureAgent,50,50
11,711,FeatureAgent,50,50
11,712,FeatureAgent,50,50
11,713,FeatureAgent,50,-1
11,714,FeatureAgent,50,50
11,715,FeatureAgent,50,50
11,716,FeatureAgent,50,50
11,717,FeatureAgent,50,50
11,718,FeatureAgent,50,50
11,719,FeatureAgent,50,50
11,720,FeatureAgent,50,50
11,721,FeatureAgent,50,50
11,722,FeatureAgent,50,50
11,723,FeatureAgent,50,50
11,724,FeatureAgent,50,50
11,725,FeatureAgent,50,50
11,726,FeatureAgent,50,50
11,727,FeatureAgent,50,50
11,728,FeatureAgent,50,50
11,729,FeatureAgent,50,50
11,730,FeatureAgent,50,50
11,731,FeatureAgent,50,50
11,732,FeatureAgent,50,50
11,733,FeatureAgent,50,50
11,734,FeatureAgent,50,50
11,735,FeatureAgent,50,50
11,736,FeatureAgent,50,50
11,737,FeatureAgent,50,50
11,738,FeatureAgent,50,50
11,739,FeatureAgent,50,50
11,740,FeatureAgent,50,50
11,741,FeatureAgent,50,50
11,742,FeatureAgent,50,50
11,743,FeatureAgent,50,50
11,744,FeatureAgent,50,50
11,745,FeatureAgent,50,50
11,746,FeatureAgent,50,50
11,747,FeatureAgent,50,50
11,748,FeatureAgent,50,50
11,749,FeatureAgent,50,50
11,750,FeatureAgent,50,50
11,751,FeatureAgent,50,50
11,752,FeatureAgent,50,50
11,753,FeatureAgent,50,50
11,754,FeatureAgent,50,50
11,755,FeatureAgent,50,50
11,756,FeatureAgent,50,50
11,757,FeatureAgent,50,50
11,758,FeatureAgent,50,50
11,759,FeatureAgent,50,50
11,760,FeatureAgent,50,50
11,761,FeatureAgent,37,-14
11,762,FeatureAgent,50,50
11,763,FeatureAgent,50,-1
11,764,FeatureAgent,50,50
11,765,FeatureAgent,50,50
11,766,FeatureAgent,50,-1
11,767,FeatureAgent,50,-1
11,768,FeatureAgent,50,50
11,769,FeatureAgent,50,50
11,770,FeatureAgent,50,50
11,771,FeatureAgent,50,50
11,772,FeatureAgent,50,50
11,773,FeatureAgent,50,50
11,774,FeatureAgent,50,50
11,775,FeatureAgent,50,50
11,776,FeatureAgent,50,50
11,777,FeatureAgent,50,50
11,778,FeatureAgent,50,50
11,779,FeatureAgent,50,50
11,780,FeatureAgent,50,50
11,781,FeatureAgent,50,50
11,782,FeatureAgent,50,50
11,783,FeatureAgent,50,50
11,784,FeatureAgent,50,50
11,785,FeatureAgent,50,-1
11,786,FeatureAgent,50,50
11,787,FeatureAgent,50,50
11,788,FeatureAgent,50,50
11,789,FeatureAgent,50,50
11,790,FeatureAgent,50,50
11,791,FeatureAgent,50,50
11,792,FeatureAgent,50,50
11,793,FeatureAgent,50,-1
11,794,FeatureAgent,50,50
11,795,FeatureAgent,50,50
11,796,FeatureAgent,50,50
11,797,FeatureAgent,50,50
11,798,FeatureAgent,50,50
11,799,FeatureAgent,50,50
11,800,FeatureAgent,50,50
11,801,FeatureAgent,50,50
11,802,FeatureAgent,50,50
11,803,FeatureAgent,50,50
11,804,FeatureAgent,50,50
11,805,FeatureAgent,50,50
11,806,FeatureAgent,50,50
11,807,FeatureAgent,50,50
11,808,FeatureAgent,50,50
11,809,FeatureAgent,50,50
11,810,FeatureAgent,50,50
11,811,FeatureAgent,50,50
11,812,FeatureAgent,50,50
11,813,FeatureAgent,50,50
11,814,FeatureAgent,50,50
11,815,FeatureAgent,50,50
11,816,FeatureAgent,50,50
11,817,FeatureAgent,50,50
11,818,FeatureAgent,50,50
11,819,FeatureAgent,50,50
11,820,FeatureAgent,50,50
11,821,FeatureAgent,50,50
11,822,FeatureAgent,50,50
11,823,FeatureAgent,50,50
11,824,FeatureAgent,50,50
11,825,FeatureAgent,50,50
11,826,FeatureAgent,50,50
11,827,FeatureAgent,50,50
11,828,FeatureAgent,50,50
11,829,FeatureAgent,50,50
11,830,FeatureAgent,50,50
11,831,FeatureAgent,50,-1
11,832,FeatureAgent,50,-1
11,833,FeatureAgent,50,50
11,834,FeatureAgent,50,50
11,835,FeatureAgent,50,50
11,836,FeatureAgent,50,50
11,837,FeatureAgent,50,50
11,838,FeatureAgent,50,50
11,839,FeatureAgent,50,50
11,840,FeatureAgent,50,50
11,841,FeatureAgent,50,50
11,842,FeatureAgent,50,50
11,843,FeatureAgent,50,50
11,844,FeatureAgent,50,50
11,845,FeatureAgent,50,50
11,846,FeatureAgent,50,50
11,847,FeatureAgent,50,-1
11,848,FeatureAgent,50,50
11,849,FeatureAgent,50,50
11,850,FeatureAgent,50,50
11,851,FeatureAgent,50,-1
11,852,FeatureAgent,50,50
11,853,FeatureAgent,50,50
11,854,FeatureAgent,50,50
11,855,FeatureAgent,50,50
11,856,FeatureAgent,50,50
11,857,FeatureAgent,50,50
11,858,FeatureAgent,50,50
11,859,FeatureAgent,50,50
11,860,FeatureAgent,50,50
11,861,FeatureAgent,50,50
11,862,FeatureAgent,50,50
11,863,FeatureAgent,50,50
11,864,FeatureAgent,50,-1
11,865,FeatureAgent,50,50
11,866,FeatureAgent,50,50
11,867,FeatureAgent,50,50
11,868,FeatureAgent,50,50
11,869,FeatureAgent,50,50
11,870,FeatureAgent,50,50
11,871,FeatureAgent,50,50
11,872,FeatureAgent,50,50
11,873,FeatureAgent,50,50
11,874,FeatureAgent,50,50
11,875,FeatureAgent,50,50
11,876,FeatureAgent,50,50
11,877,FeatureAgent,50,50
11,878,FeatureAgent,50,50
11,879,FeatureAgent,50,50
11,880,FeatureAgent,50,50
11,881,FeatureAgent,50,50
11,882,FeatureAgent,50,50
11,883,FeatureAgent,50,-1
11,884,FeatureAgent,50,50
11,885,FeatureAgent,50,50
11,886,FeatureAgent,50,50
11,887,FeatureAgent,50,50
11,888,FeatureAgent,50,50
11,889,FeatureAgent,50,50
11,890,FeatureAgent,50,50
11,891,FeatureAgent,50,50
11,892,FeatureAgent,50,50
11,893,FeatureAgent,50,50
11,894,FeatureAgent,50,50
11,895,FeatureAgent,50,50
11,896,FeatureAgent,50,50
11,897,FeatureAgent,50,50
11,898,FeatureAgent,50,50
11,899,FeatureAgent,50,50
11,900,FeatureAgent,50,50
11,901,FeatureAgent,50,-1
11,902,FeatureAgent,50,50
11,903,FeatureAgent,50,50
11,904,FeatureAgent,50,50
11,905,FeatureAgent,50,50
11,906,FeatureAgent,50,50
11,907,FeatureAgent,50,50
11,908,FeatureAgent,50,50
11,909,FeatureAgent,50,50
11,910,FeatureAgent,50,50
11,911,FeatureAgent,50,50
11,912,FeatureAgent,50,50
11,913,FeatureAgent,50,50
11,914,FeatureAgent,50,50
11,915,FeatureAgent,50,50
11,916,FeatureAgent,50,50
11,917,FeatureAgent,50,50
11,918,FeatureAgent,50,50
11,919,FeatureAgent,50,50
11,920,FeatureAgent,50,50
11,921,FeatureAgent,50,50
11,922,FeatureAgent,50,50
11,923,FeatureAgent,50,50
11,924,FeatureAgent,50,50
11,925,FeatureAgent,50,50
11,926,FeatureAgent,50,50
11,927,FeatureAgent,50,50
11,928,FeatureAgent,50,50
11,929,FeatureAgent,50,50
11,930,FeatureAgent,50,50
11,931,FeatureAgent,50,50
11,932,FeatureAgent,50,50
11,933,FeatureAgent,50,50
11,934,FeatureAgent,50,50
11,935,FeatureAgent,50,50
11,936,FeatureAgent,50,50
11,937,FeatureAgent,50,50
11,938,FeatureAgent,50,50
11,939,FeatureAgent,50,-1
11,940,FeatureAgent,50,50
11,941,FeatureAgent,50,50
11,942,FeatureAgent,50,50
11,943,FeatureAgent,50,50
11,944,FeatureAgent,50,50
11,945,FeatureAgent,50,50
11,946,FeatureAgent,50,50
11,947,FeatureAgent,50,50
11,948,FeatureAgent,50,50
11,949,FeatureAgent,50,50
11,950,FeatureAgent,50,50
11,951,FeatureAgent,50,-1
11,952,FeatureAgent,50,50
11,953,FeatureAgent,50,50
11,954,FeatureAgent,50,50
11,955,FeatureAgent,50,50
11,956,FeatureAgent,50,50
11,957,FeatureAgent,50,50
11,958,FeatureAgent,50,50
11,959,FeatureAgent,50,50
11,960,FeatureAgent,50,50
11,961,FeatureAgent,50,50
11,962,FeatureAgent,50,50
11,963,FeatureAgent,50,50
11,964,FeatureAgent,50,50
11,965,FeatureAgent,50,50
11,966,FeatureAgent,50,50
11,967,FeatureAgent,50,50
11,968,FeatureAgent,50,50
11,969,FeatureAgent,50,50
11,970,FeatureAgent,50,50
11,971,FeatureAgent,50,50
11,972,FeatureAgent,50,50
11,973,FeatureAgent,50,50
11,974,FeatureAgent,50,50
11,975,FeatureAgent,50,50
11,976,FeatureAgent,50,50
11,977,FeatureAgent,50,50
11,978,FeatureAgent,50,50
11,979,FeatureAgent,50,50
11,980,FeatureAgent,50,50
11,981,FeatureAgent,50,50
11,982,FeatureAgent,50,50
11,983,FeatureAgent,50,50
11,984,FeatureAgent,50,50
11,985,FeatureAgent,50,50
11,986,FeatureAgent,50,50
11,987,FeatureAgent,50,50
11,988,FeatureAgent,50,50
11,989,FeatureAgent,50,50
11,990,FeatureAgent,50,50
11,991,FeatureAgent,50,50
11,992,FeatureAgent,50,50
11,993,FeatureAgent,50,50
11,994,FeatureAgent,50,50
11,995,FeatureAgent,50,50
11,996,FeatureAgent,50,50
11,997,FeatureAgent,50,50
11,998,FeatureAgent,50,50
11,999,FeatureAgent,50,50
11,1000,FeatureAgent,50,50
12,1,FeatureAgent,1,1
12,2,FeatureAgent,1,1
12,3,FeatureAgent,4,4
12,4,FeatureAgent,1,1
12,5,FeatureAgent,1,1
12,6,FeatureAgent,2,2
12,7,FeatureAgent,49,-2
12,8,FeatureAgent,1,1
12,9,FeatureAgent,6,6
12,10,FeatureAgent,1,1
12,11,FeatureAgent,1,1
12,12,FeatureAgent,13,13
12,13,FeatureAgent,1,1
12,14,FeatureAgent,1,1
12,15,FeatureAgent,2,2
12,16,FeatureAgent,1,1
12,17,FeatureAgent,1,1
12,18,FeatureAgent,1,1
12,19,FeatureAgent,2,2
12,20,FeatureAgent,4,4
12,21,FeatureAgent,6,6
12,22,FeatureAgent,4,4
12,23,FeatureAgent,8,8
12,24,FeatureAgent,2,2
12,25,FeatureAgent,7,7
12,26,FeatureAgent,12,12
12,27,FeatureAgent,6,6
12,28,FeatureAgent,27,27
12,29,FeatureAgent,12,12
12,30,FeatureAgent,24,24
12,31,FeatureAgent,48,48
12,32,FeatureAgent,50,50
12,33,FeatureAgent,50,50
12,34,FeatureAgent,50,50
12,35,FeatureAgent,50,50
12,36,FeatureAgent,24,-27
12,37,FeatureAgent,5,5
12,38,FeatureAgent,1,1
12,39,FeatureAgent,1,1
12,40,FeatureAgent,3,3
12,41,FeatureAgent,5,5
12,42,FeatureAgent,7,7
12,43,FeatureAgent,1,1
12,44,FeatureAgent,1,1
12,45,FeatureAgent,1,1
12,46,FeatureAgent,1,1
12,47,FeatureAgent,10,10
12,48,FeatureAgent,6,6
12,49,FeatureAgent,50,50
12,50,FeatureAgent,12,12
12,51,FeatureAgent,11,11
12,52,FeatureAgent,5,5
12,53,FeatureAgent,7,7
12,54,FeatureAgent,21,21
12,55,FeatureAgent,50,50
12,56,FeatureAgent,50,50
12,57,FeatureAgent,50,50
12,58,FeatureAgent,50,50
12,59,FeatureAgent,50,50
12,60,FeatureAgent,50,50
12,61,FeatureAgent,50,50
12,62,FeatureAgent,50,50
12,63,FeatureAgent,50,50
12,64,FeatureAgent,50,50
12,65,FeatureAgent,50,50
12,66,FeatureAgent,50,50
12,67,FeatureAgent,50,50
12,68,FeatureAgent,50,50
12,69,FeatureAgent,50,50
12,70,FeatureAgent,50,50
12,71,FeatureAgent,50,50
12,72,FeatureAgent,50,50
12,73,FeatureAgent,12,-39
12,74,FeatureAgent,1,1
12,75,FeatureAgent,6,6
12,76,FeatureAgent,3,3
12,77,FeatureAgent,5,5
12,78,FeatureAgent,8,8
12,79,FeatureAgent,12,12
12,80,FeatureAgent,7,7
12,81,FeatureAgent,35,35
12,82,FeatureAgent,50,50
12,83,FeatureAgent,45,45
12,84,FeatureAgent,50,50
12,85,FeatureAgent,50,50
12,86,FeatureAgent,50,50
12,87,FeatureAgent,50,50
12,88,FeatureAgent,50,50
12,89,FeatureAgent,50,50
12,90,FeatureAgent,50,50
12,91,FeatureAgent,50,50
12,92,FeatureAgent,50,50
12,93,FeatureAgent,50,50
12,94,FeatureAgent,50,50
12,95,FeatureAgent,50,50
12,96,FeatureAgent,50,50
12,97,FeatureAgent,50,50
12,98,FeatureAgent,42,-9
12,99,FeatureAgent,23,23
12,100,FeatureAgent,5,5
12,101,FeatureAgent,11,11
12,102,FeatureAgent,2,2
12,103,FeatureAgent,2,2
12,104,FeatureAgent,50,50
12,105,FeatureAgent,50,50
12,106,FeatureAgent,50,50
12,107,FeatureAgent,50,50
12,108,FeatureAgent,50,50
12,109,FeatureAgent,50,50
12,110,FeatureAgent,50,50
12,111,FeatureAgent,50,50
12,112,FeatureAgent,50,50
12,113,FeatureAgent,50,50
12,114,FeatureAgent,50,50
12,115,FeatureAgent,50,50
12,116,FeatureAgent,50,50
12,117,FeatureAgent,50,50
12,118,FeatureAgent,50,50
12,119,FeatureAgent,50,50
12,120,FeatureAgent,50,50
12,121,FeatureAgent,50,50
12,122,FeatureAgent,50,50
12,123,FeatureAgent,50,50
12,124,FeatureAgent,50,50
12,125,FeatureAgent,50,50
12,126,FeatureAgent,50,50
12,127,FeatureAgent,50,50
12,128,FeatureAgent,50,50
12,129,FeatureAgent,50,50
12,130,FeatureAgent,50,50
12,131,FeatureAgent,50,50
12,132,FeatureAgent,50,50
12,133,FeatureAgent,50,50
12,134,FeatureAgent,37,-14
12,135,FeatureAgent,4,4
12,136,FeatureAgent,23,23
12,137,FeatureAgent,50,50
12,138,FeatureAgent,50,50
12,139,FeatureAgent,50,50
12,140,FeatureAgent,50,50
12,141,FeatureAgent,50,50
12,142,FeatureAgent,50,50
12,143,FeatureAgent,50,50
12,144,FeatureAgent,50,-1
12,145,FeatureAgent,5,5
12,146,FeatureAgent,17,17
12,147,FeatureAgent,2,2
12,148,FeatureAgent,22,22
12,149,FeatureAgent,50,50
12,150,FeatureAgent,50,50
12,151,FeatureAgent,50,50
12,152,FeatureAgent,50,50
12,153,FeatureAgent,50,50
12,154,FeatureAgent,50,50
12,155,FeatureAgent,50,50
12,156,FeatureAgent,50,50
12,157,FeatureAgent,50,50
12,158,FeatureAgent,50,50
12,159,FeatureAgent,50,50
12,160,FeatureAgent,50,50
12,161,FeatureAgent,50,50
12,162,FeatureAgent,50,50
12,163,FeatureAgent,50,50
12,164,FeatureAgent,50,50
12,165,FeatureAgent,50,50
12,166,FeatureAgent,50,50
12,167,FeatureAgent,50,50
12,168,FeatureAgent,50,50
12,169,FeatureAgent,50,50
12,170,FeatureAgent,50,50
12,171,FeatureAgent,50,50
12,172,FeatureAgent,50,50
12,173,FeatureAgent,50,50
12,174,FeatureAgent,50,50
12,175,FeatureAgent,50,50
12,176,FeatureAgent,50,50
12,177,FeatureAgent,50,50
12,178,FeatureAgent,50,50
12,179,FeatureAgent,50,50
12,180,FeatureAgent,50,50
12,181,FeatureAgent,7,-44
12,182,FeatureAgent,4,4
12,183,FeatureAgent,7,7
12,184,FeatureAgent,31,31
12,185,FeatureAgent,33,-18
12,186,FeatureAgent,3,3
12,187,FeatureAgent,50,50
12,188,FeatureAgent,50,50
12,189,FeatureAgent,50,50
12,190,FeatureAgent,50,50
12,191,FeatureAgent,50,50
12,192,FeatureAgent,50,50
12,193,FeatureAgent,50,50
12,194,FeatureAgent,50,50
12,195,FeatureAgent,50,50
12,196,FeatureAgent,50,50
12,197,FeatureAgent,50,-1
12,198,FeatureAgent,50,50
12,199,FeatureAgent,50,50
12,200,FeatureAgent,11,11
12,201,FeatureAgent,50,50
12,202,FeatureAgent,50,50
12,203,FeatureAgent,50,50
12,204,FeatureAgent,50,50
12,205,FeatureAgent,50,50
12,206,FeatureAgent,50,50
12,207,FeatureAgent,50,50
12,208,FeatureAgent,50,50
12,209,FeatureAgent,50,50
12,210,FeatureAgent,50,50
12,211,FeatureAgent,50,50
12,212,FeatureAgent,41,-10
12,213,FeatureAgent,19,19
12,214,FeatureAgent,50,50
12,215,FeatureAgent,18,18
12,216,FeatureAgent,50,50
12,217,FeatureAgent,50,50
12,218,FeatureAgent,50,50
12,219,FeatureAgent,50,50
12,220,FeatureAgent,21,-30
12,221,FeatureAgent,6,6
12,222,FeatureAgent,50,50
12,223,FeatureAgent,1,1
12,224,FeatureAgent,10,10
12,225,FeatureAgent,50,50
12,226,FeatureAgent,50,50
12,227,FeatureAgent,50,50
12,228,FeatureAgent,50,50
12,229,FeatureAgent,50,50
12,230,FeatureAgent,50,50
12,231,FeatureAgent,50,50
12,232,FeatureAgent,50,50
12,233,FeatureAgent,50,50
12,234,FeatureAgent,50,50
12,235,FeatureAgent,50,50
12,236,FeatureAgent,50,50
12,237,FeatureAgent,50,50
12,238,FeatureAgent,50,50
12,239,FeatureAgent,50,50
12,240,FeatureAgent,50,50
12,241,FeatureAgent,50,50
12,242,FeatureAgent,50,50
12,243,FeatureAgent,50,50
12,244,FeatureAgent,50,50
12,245,FeatureAgent,50,50
12,246,FeatureAgent,50,50
12,247,FeatureAgent,50,-1
12,248,FeatureAgent,6,-45
12,249,FeatureAgent,50,50
12,250,FeatureAgent,50,50
12,251,FeatureAgent,37,-14
12,252,FeatureAgent,35,35
12,253,FeatureAgent,23,23
12,254,FeatureAgent,50,50
12,255,FeatureAgent,50,50
12,256,FeatureAgent,50,50
12,257,FeatureAgent,50,50
12,258,FeatureAgent,50,50
12,259,FeatureAgent,50,50
12,260,FeatureAgent,50,50
12,261,FeatureAgent,50,50
12,262,FeatureAgent,50,50
12,263,FeatureAgent,50,50
12,264,FeatureAgent,50,50
12,265,FeatureAgent,50,50
12,266,FeatureAgent,50,50
12,267,FeatureAgent,50,50
12,268,FeatureAgent,22,-29
12,269,FeatureAgent,50,50
12,270,FeatureAgent,50,50
12,271,FeatureAgent,50,50
12,272,FeatureAgent,50,50
12,273,FeatureAgent,50,50
12,274,FeatureAgent,50,50
12,275,FeatureAgent,50,50
12,276,FeatureAgent,50,50
12,277,FeatureAgent,50,50
12,278,FeatureAgent,50,50
12,279,FeatureAgent,50,50
12,280,FeatureAgent,50,50
12,281,FeatureAgent,50,-1
12,282,FeatureAgent,50,50
12,283,FeatureAgent,50,50
12,284,FeatureAgent,50,50
12,285,FeatureAgent,50,50
12,286,FeatureAgent,50,50
12,287,FeatureAgent,50,50
12,288,FeatureAgent,50,50
12,289,FeatureAgent,50,50
12,290,FeatureAgent,50,50
12,291,FeatureAgent,50,50
12,292,FeatureAgent,50,50
12,293,FeatureAgent,50,50
12,294,FeatureAgent,50,50
12,295,FeatureAgent,50,50
12,296,FeatureAgent,50,50
12,297,FeatureAgent,50,50
12,298,FeatureAgent,50,50
12,299,FeatureAgent,50,50
12,300,FeatureAgent,50,50
12,301,FeatureAgent,50,50
12,302,FeatureAgent,50,50
12,303,FeatureAgent,50,50
12,304,FeatureAgent,50,50
12,305,FeatureAgent,50,50
12,306,FeatureAgent,50,50
12,307,FeatureAgent,50,50
12,308,FeatureAgent,50,50
12,309,FeatureAgent,50,50
12,310,FeatureAgent,50,50
12,311,FeatureAgent,50,50
12,312,FeatureAgent,50,50
12,313,FeatureAgent,50,50
12,314,FeatureAgent,50,50
12,315,FeatureAgent,50,50
12,316,FeatureAgent,50,50
12,317,FeatureAgent,50,50
12,318,FeatureAgent,50,50
12,319,FeatureAgent,50,50
12,320,FeatureAgent,50,50
12,321,FeatureAgent,50,50
12,322,FeatureAgent,50,50
12,323,FeatureAgent,50,50
12,324,FeatureAgent,50,50
12,325,FeatureAgent,50,50
12,326,FeatureAgent,50,50
12,327,FeatureAgent,50,50
12,328,FeatureAgent,50,50
12,329,FeatureAgent,50,50
12,330,FeatureAgent,50,50
12,331,FeatureAgent,50,50
12,332,FeatureAgent,50,50
12,333,FeatureAgent,50,50
12,334,FeatureAgent,50,50
12,335,FeatureAgent,50,50
12,336,FeatureAgent,50,50
12,337,FeatureAgent,50,50
12,338,FeatureAgent,50,50
12,339,FeatureAgent,50,50
12,340,FeatureAgent,50,50
12,341,FeatureAgent,50,50
12,342,FeatureAgent,50,50
12,343,FeatureAgent,50,50
12,344,FeatureAgent,50,50
12,345,FeatureAgent,50,50
12,346,FeatureAgent,50,-1
12,347,FeatureAgent,50,50
12,348,FeatureAgent,50,50
12,349,FeatureAgent,50,50
12,350,FeatureAgent,50,50
12,351,FeatureAgent,50,50
12,352,FeatureAgent,50,50
12,353,FeatureAgent,50,50
12,354,FeatureAgent,50,50
12,355,FeatureAgent,50,50
12,356,FeatureAgent,50,50
12,357,FeatureAgent,50,50
12,358,FeatureAgent,50,50
12,359,FeatureAgent,50,50
12,360,FeatureAgent,50,50
12,361,FeatureAgent,50,50
12,362,FeatureAgent,50,50
12,363,FeatureAgent,50,-1
12,364,FeatureAgent,50,50
12,365,FeatureAgent,50,50
12,366,FeatureAgent,50,50
12,367,FeatureAgent,50,-1
12,368,FeatureAgent,50,50
12,369,FeatureAgent,50,50
12,370,FeatureAgent,50,50
12,371,FeatureAgent,50,50
12,372,FeatureAgent,50,50
12,373,FeatureAgent,50,50
12,374,FeatureAgent,50,50
12,375,FeatureAgent,50,50
12,376,FeatureAgent,50,50
12,377,FeatureAgent,50,50
12,378,FeatureAgent,50,50
12,379,FeatureAgent,50,50
12,380,FeatureAgent,50,50
12,381,FeatureAgent,50,50
12,382,FeatureAgent,50,50
12,383,FeatureAgent,50,50
12,384,FeatureAgent,50,50
12,385,FeatureAgent,50,50
12,386,FeatureAgent,50,50
12,387,FeatureAgent,50,50
12,388,FeatureAgent,50,50
12,389,FeatureAgent,50,50
12,390,FeatureAgent,50,50
12,391,FeatureAgent,50,50
12,392,FeatureAgent,50,50
12,393,FeatureAgent,50,50
12,394,FeatureAgent,50,50
12,395,FeatureAgent,50,50
12,396,FeatureAgent,50,50
12,397,FeatureAgent,50,50
12,398,FeatureAgent,50,-1
12,399,FeatureAgent,50,50
12,400,FeatureAgent,50,50
12,401,FeatureAgent,50,50
12,402,FeatureAgent,50,50
12,403,FeatureAgent,50,-1
12,404,FeatureAgent,2,2
12,405,FeatureAgent,50,50
12,406,FeatureAgent,50,50
12,407,FeatureAgent,50,50
12,408,FeatureAgent,50,50
12,409,FeatureAgent,50,50
12,410,FeatureAgent,50,50
12,411,FeatureAgent,50,50
12,412,FeatureAgent,50,50
12,413,FeatureAgent,50,50
12,414,FeatureAgent,50,50
12,415,FeatureAgent,50,50
12,416,FeatureAgent,50,50
12,417,FeatureAgent,50,50
12,418,FeatureAgent,50,50
12,419,FeatureAgent,50,50
12,420,FeatureAgent,50,50
12,421,FeatureAgent,50,50
12,422,FeatureAgent,50,50
12,423,FeatureAgent,50,50
12,424,FeatureAgent,50,50
12,425,FeatureAgent,50,50
12,426,FeatureAgent,50,50
12,427,FeatureAgent,50,50
12,428,FeatureAgent,50,50
12,429,FeatureAgent,50,50
12,430,FeatureAgent,50,50
12,431,FeatureAgent,50,50
12,432,FeatureAgent,50,50
12,433,FeatureAgent,50,50
12,434,FeatureAgent,50,50
12,435,FeatureAgent,50,50
12,436,FeatureAgent,50,50
12,437,FeatureAgent,50,50
12,438,FeatureAgent,50,50
12,439,FeatureAgent,50,-1
12,440,FeatureAgent,50,50
12,441,FeatureAgent,50,50
12,442,FeatureAgent,50,50
12,443,FeatureAgent,50,50
12,444,FeatureAgent,50,50
12,445,FeatureAgent,50,50
12,446,FeatureAgent,50,50
12,447,FeatureAgent,50,50
12,448,FeatureAgent,50,50
12,449,FeatureAgent,50,50
12,450,FeatureAgent,50,50
12,451,FeatureAgent,50,50
12,452,FeatureAgent,19,-32
12,453,FeatureAgent,13,13
12,454,FeatureAgent,15,15
12,455,FeatureAgent,50,50
12,456,FeatureAgent,50,50
12,457,FeatureAgent,50,50
12,458,FeatureAgent,50,50
12,459,FeatureAgent,50,50
12,460,FeatureAgent,50,50
12,461,FeatureAgent,50,50
12,462,FeatureAgent,50,50
12,463,FeatureAgent,50,50
12,464,FeatureAgent,50,50
12,465,FeatureAgent,50,50
12,466,FeatureAgent,50,50
12,467,FeatureAgent,50,50
12,468,FeatureAgent,50,50
12,469,FeatureAgent,50,50
12,470,FeatureAgent,50,50
12,471,FeatureAgent,50,-1
12,472,FeatureAgent,50,50
12,473,FeatureAgent,50,50
12,474,FeatureAgent,50,50
12,475,FeatureAgent,50,50
12,476,FeatureAgent,50,50
12,477,FeatureAgent,50,-1
12,478,FeatureAgent,50,50
12,479,FeatureAgent,50,50
12,480,FeatureAgent,50,50
12,481,FeatureAgent,50,50
12,482,FeatureAgent,50,50
12,483,FeatureAgent,50,50
12,484,FeatureAgent,50,50
12,485,FeatureAgent,50,50
12,486,FeatureAgent,50,50
12,487,FeatureAgent,50,50
12,488,FeatureAgent,50,50
12,489,FeatureAgent,50,50
12,490,FeatureAgent,50,50
12,491,FeatureAgent,50,50
12,492,FeatureAgent,50,50
12,493,FeatureAgent,50,50
12,494,FeatureAgent,50,50
12,495,FeatureAgent,50,50
12,496,FeatureAgent,50,50
12,497,FeatureAgent,50,50
12,498,FeatureAgent,50,50
12,499,FeatureAgent,50,50
12,500,FeatureAgent,50,-1
12,501,FeatureAgent,50,50
12,502,FeatureAgent,50,50
12,503,FeatureAgent,50,50
12,504,FeatureAgent,50,50
12,505,FeatureAgent,50,50
12,506,FeatureAgent,50,50
12,507,FeatureAgent,50,50
12,508,FeatureAgent,50,50
12,509,FeatureAgent,50,50
12,510,FeatureAgent,50,50
12,511,FeatureAgent,50,50
12,512,FeatureAgent,50,50
12,513,FeatureAgent,50,50
12,514,FeatureAgent,50,50
12,515,FeatureAgent,50,50
12,516,FeatureAgent,50,50
12,517,FeatureAgent,50,50
12,518,FeatureAgent,50,50
12,519,FeatureAgent,50,50
12,520,FeatureAgent,50,50
12,521,FeatureAgent,50,50
12,522,FeatureAgent,50,50
12,523,FeatureAgent,50,50
12,524,FeatureAgent,50,50
12,525,FeatureAgent,50,50
12,526,FeatureAgent,50,50
12,527,FeatureAgent,50,50
12,528,FeatureAgent,50,50
12,529,FeatureAgent,50,50
12,530,FeatureAgent,50,-1
12,531,FeatureAgent,50,50
12,532,FeatureAgent,50,50
12,533,FeatureAgent,50,50
12,534,FeatureAgent,50,50
12,535,FeatureAgent,50,50
12,536,FeatureAgent,50,50
12,537,FeatureAgent,50,50
12,538,FeatureAgent,50,50
12,539,FeatureAgent,50,50
12,540,FeatureAgent,50,50
12,541,FeatureAgent,50,50
12,542,FeatureAgent,50,50
12,543,FeatureAgent,50,50
12,544,FeatureAgent,50,50
12,545,FeatureAgent,50,50
12,546,FeatureAgent,50,50
12,547,FeatureAgent,50,50
12,548,FeatureAgent,50,50
12,549,FeatureAgent,50,50
12,550,FeatureAgent,50,50
12,551,FeatureAgent,50,50
12,552,FeatureAgent,50,50
12,553,FeatureAgent,50,50
12,554,FeatureAgent,50,50
12,555,FeatureAgent,50,50
12,556,FeatureAgent,50,50
12,557,FeatureAgent,50,50
12,558,FeatureAgent,50,50
12,559,FeatureAgent,50,50
12,560,FeatureAgent,50,50
12,561,FeatureAgent,50,50
12,562,FeatureAgent,50,50
12,563,FeatureAgent,50,50
12,564,FeatureAgent,50,50
12,565,FeatureAgent,50,50
12,566,FeatureAgent,50,50
12,567,FeatureAgent,50,50
12,568,FeatureAgent,50,50
12,569,FeatureAgent,50,50
12,570,FeatureAgent,50,50
12,571,FeatureAgent,50,50
12,572,FeatureAgent,50,50
12,573,FeatureAgent,50,50
12,574,FeatureAgent,50,50
12,575,FeatureAgent,50,50
12,576,FeatureAgent,50,50
12,577,FeatureAgent,50,50
12,578,FeatureAgent,50,50
12,579,FeatureAgent,50,50
12,580,FeatureAgent,50,-1
12,581,FeatureAgent,50,50
12,582,FeatureAgent,50,50
12,583,FeatureAgent,50,50
12,584,FeatureAgent,50,50
12,585,FeatureAgent,50,50
12,586,FeatureAgent,50,50
12,587,FeatureAgent,50,50
12,588,FeatureAgent,50,50
12,589,FeatureAgent,50,50
12,590,FeatureAgent,50,50
12,591,FeatureAgent,50,50
12,592,FeatureAgent,50,50
12,593,FeatureAgent,50,50
12,594,FeatureAgent,50,50
12,595,FeatureAgent,50,50
12,596,FeatureAgent,50,50
12,597,FeatureAgent,50,50
12,598,FeatureAgent,50,50
12,599,FeatureAgent,50,50
12,600,FeatureAgent,50,50
12,601,FeatureAgent,50,-1
12,602,FeatureAgent,50,50
12,603,FeatureAgent,50,50
12,604,FeatureAgent,50,50
12,605,FeatureAgent,50,50
12,606,FeatureAgent,50,50
12,607,FeatureAgent,50,50
12,608,FeatureAgent,50,50
12,609,FeatureAgent,50,50
12,610,FeatureAgent,50,50
12,611,FeatureAgent,50,50
12,612,FeatureAgent,50,50
12,613,FeatureAgent,50,50
12,614,FeatureAgent,50,50
12,615,FeatureAgent,50,50
12,616,FeatureAgent,50,50
12,617,FeatureAgent,50,50
12,618,FeatureAgent,50,50
12,619,FeatureAgent,50,50
12,620,FeatureAgent,50,50
12,621,FeatureAgent,50,50
12,622,FeatureAgent,50,50
12,623,FeatureAgent,50,50
12,624,FeatureAgent,50,50
12,625,FeatureAgent,50,50
12,626,FeatureAgent,50,50
12,627,FeatureAgent,50,50
12,628,FeatureAgent,50,50
12,629,FeatureAgent,50,50
12,630,FeatureAgent,50,50
12,631,FeatureAgent,50,50
12,632,FeatureAgent,50,50
12,633,FeatureAgent,50,50
12,634,FeatureAgent,50,50
12,635,FeatureAgent,50,50
12,636,FeatureAgent,50,50
12,637,FeatureAgent,50,-1
12,638,FeatureAgent,50,50
12,639,FeatureAgent,4,-47
12,640,FeatureAgent,11,11
12,641,FeatureAgent,50,50
12,642,FeatureAgent,50,50
12,643,FeatureAgent,50,50
12,644,FeatureAgent,50,50
12,645,FeatureAgent,50,50
12,646,FeatureAgent,50,50
12,647,FeatureAgent,50,50
12,648,FeatureAgent,50,50
12,649,FeatureAgent,50,-1
12,650,FeatureAgent,50,50
12,651,FeatureAgent,50,50
12,652,FeatureAgent,50,50
12,653,FeatureAgent,50,50
12,654,FeatureAgent,50,50
12,655,FeatureAgent,50,50
12,656,FeatureAgent,50,50
12,657,FeatureAgent,50,50
12,658,FeatureAgent,50,50
12,659,FeatureAgent,50,50
12,660,FeatureAgent,50,50
12,661,FeatureAgent,50,50
12,662,FeatureAgent,50,50
12,663,FeatureAgent,50,50
12,664,FeatureAgent,50,50
12,665,FeatureAgent,50,50
12,666,FeatureAgent,50,50
12,667,FeatureAgent,50,50
12,668,FeatureAgent,50,50
12,669,FeatureAgent,50,-1
12,670,FeatureAgent,50,50
12,671,FeatureAgent,50,50
12,672,FeatureAgent,50,50
12,673,FeatureAgent,50,50
12,674,FeatureAgent,50,50
12,675,FeatureAgent,50,50
12,676,FeatureAgent,50,50
12,677,FeatureAgent,50,50
12,678,FeatureAgent,50,50
12,679,FeatureAgent,50,50
12,680,FeatureAgent,50,50
12,681,FeatureAgent,50,50
12,682,FeatureAgent,50,50
12,683,FeatureAgent,50,50
12,684,FeatureAgent,50,50
12,685,FeatureAgent,50,50
12,686,FeatureAgent,50,50
12,687,FeatureAgent,50,50
12,688,FeatureAgent,50,-1
12,689,FeatureAgent,50,50
12,690,FeatureAgent,50,50
12,691,FeatureAgent,50,50
12,692,FeatureAgent,50,50
12,693,FeatureAgent,50,50
12,694,FeatureAgent,50,50
12,695,FeatureAgent,50,50
12,696,FeatureAgent,50,50
12,697,FeatureAgent,50,50
12,698,FeatureAgent,50,50
12,699,FeatureAgent,50,50
12,700,FeatureAgent,50,50
12,701,FeatureAgent,50,50
12,702,FeatureAgent,50,50
12,703,FeatureAgent,50,50
12,704,FeatureAgent,50,50
12,705,FeatureAgent,50,50
12,706,FeatureAgent,50,50
12,707,FeatureAgent,50,50
12,708,FeatureAgent,50,50
12,709,FeatureAgent,50,50
12,710,FeatureAgent,50,50
12,711,FeatureAgent,50,50
12,712,FeatureAgent,50,50
12,713,FeatureAgent,50,50
12,714,FeatureAgent,50,50
12,715,FeatureAgent,50,50
12,716,FeatureAgent,50,50
12,717,FeatureAgent,50,50
12,718,FeatureAgent,50,50
12,719,FeatureAgent,50,50
12,720,FeatureAgent,50,50
12,721,FeatureAgent,50,50
12,722,FeatureAgent,50,50
12,723,FeatureAgent,50,50
12,724,FeatureAgent,50,50
12,725,FeatureAgent,50,50
12,726,FeatureAgent,50,50
12,727,FeatureAgent,50,50
12,728,FeatureAgent,50,50
12,729,FeatureAgent,50,50
12,730,FeatureAgent,50,50
12,731,FeatureAgent,50,50
12,732,FeatureAgent,50,50
12,733,FeatureAgent,50,50
12,734,FeatureAgent,50,50
12,735,FeatureAgent,50,50
12,736,FeatureAgent,50,50
12,737,FeatureAgent,50,50
12,738,FeatureAgent,50,50
12,739,FeatureAgent,50,50
12,740,FeatureAgent,50,50
12,741,FeatureAgent,50,50
12,742,FeatureAgent,50,50
12,743,FeatureAgent,50,50
12,744,FeatureAgent,50,50
12,745,FeatureAgent,50,50
12,746,FeatureAgent,50,50
12,747,FeatureAgent,50,50
12,748,FeatureAgent,50,50
12,749,FeatureAgent,50,50
12,750,FeatureAgent,50,50
12,751,FeatureAgent,13,-38
12,752,FeatureAgent,50,50
12,753,FeatureAgent,50,50
12,754,FeatureAgent,50,50
12,755,FeatureAgent,50,50
12,756,FeatureAgent,50,50
12,757,FeatureAgent,50,50
12,758,FeatureAgent,50,50
12,759,FeatureAgent,50,50
12,760,FeatureAgent,50,50
12,761,FeatureAgent,50,50
12,762,FeatureAgent,50,50
12,763,FeatureAgent,50,50
12,764,FeatureAgent,50,50
12,765,FeatureAgent,50,50
12,766,FeatureAgent,50,50
12,767,FeatureAgent,50,50
12,768,FeatureAgent,50,50
12,769,FeatureAgent,50,50
12,770,FeatureAgent,50,50
12,771,FeatureAgent,50,50
12,772,FeatureAgent,50,50
12,773,FeatureAgent,50,50
12,774,FeatureAgent,50,50
12,775,FeatureAgent,50,50
12,776,FeatureAgent,50,50
12,777,FeatureAgent,50,50
12,778,FeatureAgent,50,50
12,779,FeatureAgent,50,50
12,780,FeatureAgent,50,50
12,781,FeatureAgent,50,50
12,782,FeatureAgent,50,50
12,783,FeatureAgent,50,50
12,784,FeatureAgent,50,-1
12,785,FeatureAgent,36,-15
12,786,FeatureAgent,8,8
12,787,FeatureAgent,50,50
12,788,FeatureAgent,50,50
12,789,FeatureAgent,50,50
12,790,FeatureAgent,50,50
12,791,FeatureAgent,50,50
12,792,FeatureAgent,50,50
12,793,FeatureAgent,50,50
12,794,FeatureAgent,50,50
12,795,FeatureAgent,50,50
12,796,FeatureAgent,50,50
12,797,FeatureAgent,50,50
12,798,FeatureAgent,50,50
12,799,FeatureAgent,50,50
12,800,FeatureAgent,50,50
12,801,FeatureAgent,50,50
12,802,FeatureAgent,50,50
12,803,FeatureAgent,50,50
12,804,FeatureAgent,50,50
12,805,FeatureAgent,50,50
12,806,FeatureAgent,50,50
12,807,FeatureAgent,50,50
12,808,FeatureAgent,50,-1
12,809,FeatureAgent,50,50
12,810,FeatureAgent,50,50
12,811,FeatureAgent,50,50
12,812,FeatureAgent,50,50
12,813,FeatureAgent,50,50
12,814,FeatureAgent,50,50
12,815,FeatureAgent,50,50
12,816,FeatureAgent,50,50
12,817,FeatureAgent,50,50
12,818,FeatureAgent,50,-1
12,819,FeatureAgent,50,50
12,820,FeatureAgent,50,50
12,821,FeatureAgent,50,50
12,822,FeatureAgent,50,50
12,823,FeatureAgent,50,50
12,824,FeatureAgent,50,50
12,825,FeatureAgent,50,50
12,826,FeatureAgent,50,50
12,827,FeatureAgent,50,50
12,828,FeatureAgent,50,-1
12,829,FeatureAgent,50,50
12,830,FeatureAgent,50,50
12,831,FeatureAgent,50,50
12,832,FeatureAgent,50,50
12,833,FeatureAgent,50,50
12,834,FeatureAgent,50,50
12,835,FeatureAgent,50,50
12,836,FeatureAgent,50,50
12,837,FeatureAgent,50,50
12,838,FeatureAgent,50,50
12,839,FeatureAgent,50,50
12,840,FeatureAgent,50,50
12,841,FeatureAgent,50,50
12,842,FeatureAgent,50,50
12,843,FeatureAgent,50,50
12,844,FeatureAgent,50,50
12,845,FeatureAgent,50,50
12,846,FeatureAgent,50,50
12,847,FeatureAgent,50,50
12,848,FeatureAgent,50,50
12,849,FeatureAgent,50,50
12,850,FeatureAgent,50,50
12,851,FeatureAgent,50,50
12,852,FeatureAgent,50,50
12,853,FeatureAgent,50,50
12,854,FeatureAgent,50,50
12,855,FeatureAgent,50,50
12,856,FeatureAgent,50,50
12,857,FeatureAgent,50,50
12,858,FeatureAgent,50,50
12,859,FeatureAgent,50,50
12,860,FeatureAgent,50,50
12,861,FeatureAgent,50,50
12,862,FeatureAgent,50,50
12,863,FeatureAgent,50,50
12,864,FeatureAgent,50,-1
12,865,FeatureAgent,50,50
12,866,FeatureAgent,50,50
12,867,FeatureAgent,50,50
12,868,FeatureAgent,50,50
12,869,FeatureAgent,50,50
12,870,FeatureAgent,50,50
12,871,FeatureAgent,50,50
12,872,FeatureAgent,50,50
12,873,FeatureAgent,50,50
12,874,FeatureAgent,50,50
12,875,FeatureAgent,11,-40
12,876,FeatureAgent,50,50
12,877,FeatureAgent,50,50
12,878,FeatureAgent,50,50
12,879,FeatureAgent,50,50
12,880,FeatureAgent,50,50
12,881,FeatureAgent,50,50
12,882,FeatureAgent,50,50
12,883,FeatureAgent,50,50
12,884,FeatureAgent,50,50
12,885,FeatureAgent,50,50
12,886,FeatureAgent,50,50
12,887,FeatureAgent,50,50
12,888,FeatureAgent,50,50
12,889,FeatureAgent,50,50
12,890,FeatureAgent,50,50
12,891,FeatureAgent,50,50
12,892,FeatureAgent,50,50
12,893,FeatureAgent,50,50
12,894,FeatureAgent,50,50
12,895,FeatureAgent,50,50
12,896,FeatureAgent,50,50
12,897,FeatureAgent,50,50
12,898,FeatureAgent,50,50
12,899,FeatureAgent,50,50
12,900,FeatureAgent,50,50
12,901,FeatureAgent,50,50
12,902,FeatureAgent,50,50
12,903,FeatureAgent,50,50
12,904,FeatureAgent,50,50
12,905,FeatureAgent,50,50
12,906,FeatureAgent,50,50
12,907,FeatureAgent,50,50
12,908,FeatureAgent,50,50
12,909,FeatureAgent,50,50
12,910,FeatureAgent,50,50
12,911,FeatureAgent,50,50
12,912,FeatureAgent,50,50
12,913,FeatureAgent,50,50
12,914,FeatureAgent,50,50
12,915,FeatureAgent,26,-25
12,916,FeatureAgent,38,38
12,917,FeatureAgent,50,50
12,918,FeatureAgent,50,50
12,919,FeatureAgent,50,50
12,920,FeatureAgent,50,50
12,921,FeatureAgent,50,50
12,922,FeatureAgent,50,-1
12,923,FeatureAgent,50,50
12,924,FeatureAgent,50,50
12,925,FeatureAgent,50,50
12,926,FeatureAgent,50,50
12,927,FeatureAgent,50,50
12,928,FeatureAgent,18,-33
12,929,FeatureAgent,50,50
12,930,FeatureAgent,50,50
12,931,FeatureAgent,50,50
12,932,FeatureAgent,50,50
12,933,FeatureAgent,50,50
12,934,FeatureAgent,50,50
12,935,FeatureAgent,50,50
12,936,FeatureAgent,50,50
12,937,FeatureAgent,50,50
12,938,FeatureAgent,50,50
12,939,FeatureAgent,50,50
12,940,FeatureAgent,50,50
12,941,FeatureAgent,50,50
12,942,FeatureAgent,50,50
12,943,FeatureAgent,50,50
12,944,FeatureAgent,50,50
12,945,FeatureAgent,50,50
12,946,FeatureAgent,50,50
12,947,FeatureAgent,50,50
12,948,FeatureAgent,50,50
12,949,FeatureAgent,50,50
12,950,FeatureAgent,50,-1
12,951,FeatureAgent,50,50
12,952,FeatureAgent,50,50
12,953,FeatureAgent,50,50
12,954,FeatureAgent,50,50
12,955,FeatureAgent,50,50
12,956,FeatureAgent,50,50
12,957,FeatureAgent,50,50
12,958,FeatureAgent,50,50
12,959,FeatureAgent,50,50
12,960,FeatureAgent,50,50
12,961,FeatureAgent,50,50
12,962,FeatureAgent,50,50
12,963,FeatureAgent,50,50
12,964,FeatureAgent,50,50
12,965,FeatureAgent,50,50
12,966,FeatureAgent,50,50
12,967,FeatureAgent,50,50
12,968,FeatureAgent,50,50
12,969,FeatureAgent,50,50
12,970,FeatureAgent,50,50
12,971,FeatureAgent,50,50
12,972,FeatureAgent,50,50
12,973,FeatureAgent,50,-1
12,974,FeatureAgent,50,50
12,975,FeatureAgent,50,50
12,976,FeatureAgent,50,50
12,977,FeatureAgent,50,50
12,978,FeatureAgent,50,50
12,979,FeatureAgent,50,50
12,980,FeatureAgent,50,50
12,981,FeatureAgent,50,50
12,982,FeatureAgent,50,50
12,983,FeatureAgent,50,50
12,984,FeatureAgent,50,50
12,985,FeatureAgent,50,50
12,986,FeatureAgent,50,50
12,987,FeatureAgent,50,50
12,988,FeatureAgent,50,50
12,989,FeatureAgent,50,50
12,990,FeatureAgent,50,50
12,991,FeatureAgent,50,50
12,992,FeatureAgent,50,50
12,993,FeatureAgent,50,50
12,994,FeatureAgent,50,50
12,995,FeatureAgent,50,50
12,996,FeatureAgent,50,50
12,997,FeatureAgent,50,50
12,998,FeatureAgent,50,50
12,999,FeatureAgent,50,50
12,1000,FeatureAgent,45,-6
13,1,FeatureAgent,1,1
13,2,FeatureAgent,1,1
13,3,FeatureAgent,3,3
13,4,FeatureAgent,2,2
13,5,FeatureAgent,14,14
13,6,FeatureAgent,22,22
13,7,FeatureAgent,50,50
13,8,FeatureAgent,50,50
13,9,FeatureAgent,44,-7
13,10,FeatureAgent,1,1
13,11,FeatureAgent,1,1
13,12,FeatureAgent,3,3
13,13,FeatureAgent,1,1
13,14,FeatureAgent,1,1
13,15,FeatureAgent,1,1
13,16,FeatureAgent,1,1
13,17,FeatureAgent,1,1
13,18,FeatureAgent,5,5
13,19,FeatureAgent,1,1
13,20,FeatureAgent,1,1
13,21,FeatureAgent,1,1
13,22,FeatureAgent,1,1
13,23,FeatureAgent,2,2
13,24,FeatureAgent,1,1
13,25,FeatureAgent,2,2
13,26,FeatureAgent,1,1
13,27,FeatureAgent,1,1
13,28,FeatureAgent,2,2
13,29,FeatureAgent,1,1
13,30,FeatureAgent,2,2
13,31,FeatureAgent,1,1
13,32,FeatureAgent,1,1
13,33,FeatureAgent,1,1
13,34,FeatureAgent,1,1
13,35,FeatureAgent,3,3
13,36,FeatureAgent,15,15
13,37,FeatureAgent,7,7
13,38,FeatureAgent,24,24
13,39,FeatureAgent,50,50
13,40,FeatureAgent,50,50
13,41,FeatureAgent,50,50
13,42,FeatureAgent,50,50
13,43,FeatureAgent,50,50
13,44,FeatureAgent,50,50
13,45,FeatureAgent,50,50
13,46,FeatureAgent,50,50
13,47,FeatureAgent,50,50
13,48,FeatureAgent,50,50
13,49,FeatureAgent,50,50
13,50,FeatureAgent,45,-6
13,51,FeatureAgent,1,1
13,52,FeatureAgent,1,1
13,53,FeatureAgent,1,1
13,54,FeatureAgent,1,1
13,55,FeatureAgent,1,1
13,56,FeatureAgent,1,1
13,57,FeatureAgent,1,1
13,58,FeatureAgent,1,1
13,59,FeatureAgent,1,1
13,60,FeatureAgent,1,1
13,61,FeatureAgent,1,-50
13,62,FeatureAgent,1,1
13,63,FeatureAgent,1,1
13,64,FeatureAgent,1,1
13,65,FeatureAgent,2,2
13,66,FeatureAgent,1,1
13,67,FeatureAgent,1,1
13,68,FeatureAgent,1,1
13,69,FeatureAgent,1,1
13,70,FeatureAgent,3,3
13,71,FeatureAgent,50,50
13,72,FeatureAgent,50,50
13,73,FeatureAgent,50,50
13,74,FeatureAgent,50,50
13,75,FeatureAgent,50,50
13,76,FeatureAgent,50,50
13,77,FeatureAgent,50,50
13,78,FeatureAgent,50,50
13,79,FeatureAgent,50,50
13,80,FeatureAgent,50,50
13,81,FeatureAgent,50,50
13,82,FeatureAgent,50,50
13,83,FeatureAgent,50,50
13,84,FeatureAgent,50,50
13,85,FeatureAgent,50,50
13,86,FeatureAgent,50,50
13,87,FeatureAgent,50,50
13,88,FeatureAgent,50,50
13,89,FeatureAgent,50,50
13,90,FeatureAgent,50,50
13,91,FeatureAgent,50,50
13,92,FeatureAgent,48,-3
13,93,FeatureAgent,1,1
13,94,FeatureAgent,1,1
13,95,FeatureAgent,2,2
13,96,FeatureAgent,6,6
13,97,FeatureAgent,1,1
13,98,FeatureAgent,6,6
13,99,FeatureAgent,2,2
13,100,FeatureAgent,6,6
13,101,FeatureAgent,1,1
13,102,FeatureAgent,1,1
13,103,FeatureAgent,4,4
13,104,FeatureAgent,1,1
13,105,FeatureAgent,3,3
13,106,FeatureAgent,1,1
13,107,FeatureAgent,50,50
13,108,FeatureAgent,8,-43
13,109,FeatureAgent,1,1
13,110,FeatureAgent,1,1
13,111,FeatureAgent,1,1
13,112,FeatureAgent,1,1
13,113,FeatureAgent,1,1
13,114,FeatureAgent,1,1
13,115,FeatureAgent,1,1
13,116,FeatureAgent,1,1
13,117,FeatureAgent,1,1
13,118,FeatureAgent,1,1
13,119,FeatureAgent,1,1
13,120,FeatureAgent,1,1
13,121,FeatureAgent,1,1
13,122,FeatureAgent,1,1
13,123,FeatureAgent,1,1
13,124,FeatureAgent,1,1
13,125,FeatureAgent,1,1
13,126,FeatureAgent,1,1
13,127,FeatureAgent,1,1
13,128,FeatureAgent,1,1
13,129,FeatureAgent,1,1
13,130,FeatureAgent,6,6
13,131,FeatureAgent,50,50
13,132,FeatureAgent,50,50
13,133,FeatureAgent,50,50
13,134,FeatureAgent,50,50
13,135,FeatureAgent,50,50
13,136,FeatureAgent,50,50
13,137,FeatureAgent,50,50
13,138,FeatureAgent,50,50
13,139,FeatureAgent,50,50
13,140,FeatureAgent,50,50
13,141,FeatureAgent,50,50
13,142,FeatureAgent,50,50
13,143,FeatureAgent,50,50
13,144,FeatureAgent,50,50
13,145,FeatureAgent,50,50
13,146,FeatureAgent,50,50
13,147,FeatureAgent,50,50
13,148,FeatureAgent,50,50
13,149,FeatureAgent,50,50
13,150,FeatureAgent,50,50
13,151,FeatureAgent,50,50
13,152,FeatureAgent,50,50
13,153,FeatureAgent,50,50
13,154,FeatureAgent,50,50
13,155,FeatureAgent,50,50
13,156,FeatureAgent,50,50
13,157,FeatureAgent,50,50
13,158,FeatureAgent,50,50
13,159,FeatureAgent,50,50
13,160,FeatureAgent,50,50
13,161,FeatureAgent,49,-2
13,162,FeatureAgent,4,4
13,163,FeatureAgent,1,1
13,164,FeatureAgent,1,1
13,165,FeatureAgent,11,11
13,166,FeatureAgent,6,6
13,167,FeatureAgent,6,6
13,168,FeatureAgent,2,2
13,169,FeatureAgent,45,45
13,170,FeatureAgent,2,2
13,171,FeatureAgent,50,50
13,172,FeatureAgent,50,50
13,173,FeatureAgent,50,50
13,174,FeatureAgent,50,50
13,175,FeatureAgent,3,-48
13,176,FeatureAgent,1,1
13,177,FeatureAgent,1,1
13,178,FeatureAgent,1,1
13,179,FeatureAgent,1,1
13,180,FeatureAgent,1,1
13,181,FeatureAgent,2,2
13,182,FeatureAgent,1,1
13,183,FeatureAgent,1,1
13,184,FeatureAgent,1,1
13,185,FeatureAgent,1,1
13,186,FeatureAgent,1,1
13,187,FeatureAgent,1,1
13,188,FeatureAgent,1,1
13,189,FeatureAgent,1,1
13,190,FeatureAgent,1,1
13,191,FeatureAgent,1,1
13,192,FeatureAgent,1,1
13,193,FeatureAgent,1,1
13,194,FeatureAgent,1,1
13,195,FeatureAgent,1,1
13,196,FeatureAgent,1,1
13,197,FeatureAgent,1,1
13,198,FeatureAgent,1,1
13,199,FeatureAgent,2,2
13,200,FeatureAgent,1,1
13,201,FeatureAgent,2,2
13,202,FeatureAgent,50,50
13,203,FeatureAgent,50,50
13,204,FeatureAgent,50,50
13,205,FeatureAgent,50,50
13,206,FeatureAgent,50,50
13,207,FeatureAgent,50,50
13,208,FeatureAgent,50,50
13,209,FeatureAgent,50,50
13,210,FeatureAgent,50,50
13,211,FeatureAgent,50,50
13,212,FeatureAgent,50,50
13,213,FeatureAgent,50,50
13,214,FeatureAgent,50,50
13,215,FeatureAgent,50,50
13,216,FeatureAgent,50,50
13,217,FeatureAgent,50,50
13,218,FeatureAgent,50,50
13,219,FeatureAgent,50,50
13,220,FeatureAgent,50,50
13,221,FeatureAgent,50,50
13,222,FeatureAgent,26,-25
13,223,FeatureAgent,1,1
13,224,FeatureAgent,1,1
13,225,FeatureAgent,1,1
13,226,FeatureAgent,1,1
13,227,FeatureAgent,2,2
13,228,FeatureAgent,3,3
13,229,FeatureAgent,1,1
13,230,FeatureAgent,1,1
13,231,FeatureAgent,1,1
13,232,FeatureAgent,2,2
13,233,FeatureAgent,1,1
13,234,FeatureAgent,5,5
13,235,FeatureAgent,50,50
13,236,FeatureAgent,50,50
13,237,FeatureAgent,50,50
13,238,FeatureAgent,50,50
13,239,FeatureAgent,50,50
13,240,FeatureAgent,50,50
13,241,FeatureAgent,50,50
13,242,FeatureAgent,50,50
13,243,FeatureAgent,50,50
13,244,FeatureAgent,50,50
13,245,FeatureAgent,50,-1
13,246,FeatureAgent,1,1
13,247,FeatureAgent,1,1
13,248,FeatureAgent,1,1
13,249,FeatureAgent,1,1
13,250,FeatureAgent,1,1
13,251,FeatureAgent,1,1
13,252,FeatureAgent,1,1
13,253,FeatureAgent,1,1
13,254,FeatureAgent,1,1
13,255,FeatureAgent,1,1
13,256,FeatureAgent,1,1
13,257,FeatureAgent,1,1
13,258,FeatureAgent,1,1
13,259,FeatureAgent,1,1
13,260,FeatureAgent,1,1
13,261,FeatureAgent,1,1
13,262,FeatureAgent,1,1
13,263,FeatureAgent,1,1
13,264,FeatureAgent,1,1
13,265,FeatureAgent,1,1
13,266,FeatureAgent,1,1
13,267,FeatureAgent,1,1
13,268,FeatureAgent,50,50
13,269,FeatureAgent,50,50
13,270,FeatureAgent,50,50
13,271,FeatureAgent,50,50
13,272,FeatureAgent,50,50
13,273,FeatureAgent,50,50
13,274,FeatureAgent,50,50
13,275,FeatureAgent,50,50
13,276,FeatureAgent,50,50
13,277,FeatureAgent,50,50
13,278,FeatureAgent,50,50
13,279,FeatureAgent,50,50
13,280,FeatureAgent,50,50
13,281,FeatureAgent,50,50
13,282,FeatureAgent,50,50
13,283,FeatureAgent,50,50
13,284,FeatureAgent,50,50
13,285,FeatureAgent,50,50
13,286,FeatureAgent,50,50
13,287,FeatureAgent,50,50
13,288,FeatureAgent,50,50
13,289,FeatureAgent,50,50
13,290,FeatureAgent,50,50
13,291,FeatureAgent,50,50
13,292,FeatureAgent,50,50
13,293,FeatureAgent,50,50
13,294,FeatureAgent,50,50
13,295,FeatureAgent,50,50
13,296,FeatureAgent,50,50
13,297,FeatureAgent,50,50
13,298,FeatureAgent,50,50
13,299,FeatureAgent,50,50
13,300,FeatureAgent,50,50
13,301,FeatureAgent,50,50
13,302,FeatureAgent,50,50
13,303,FeatureAgent,50,50
13,304,FeatureAgent,4,-47
13,305,FeatureAgent,1,1
13,306,FeatureAgent,2,2
13,307,FeatureAgent,1,1
13,308,FeatureAgent,1,1
13,309,FeatureAgent,1,1
13,310,FeatureAgent,1,1
13,311,FeatureAgent,1,1
13,312,FeatureAgent,1,1
13,313,FeatureAgent,1,1
13,314,FeatureAgent,3,3
13,315,FeatureAgent,1,1
13,316,FeatureAgent,50,50
13,317,FeatureAgent,50,50
13,318,FeatureAgent,50,50
13,319,FeatureAgent,50,50
13,320,FeatureAgent,50,50
13,321,FeatureAgent,50,50
13,322,FeatureAgent,50,50
13,323,FeatureAgent,50,50
13,324,FeatureAgent,50,50
13,325,FeatureAgent,50,50
13,326,FeatureAgent,50,50
13,327,FeatureAgent,50,50
13,328,FeatureAgent,50,50
13,329,FeatureAgent,50,50
13,330,FeatureAgent,50,50
13,331,FeatureAgent,50,50
13,332,FeatureAgent,50,50
13,333,FeatureAgent,50,50
13,334,FeatureAgent,50,50
13,335,FeatureAgent,50,50
13,336,FeatureAgent,50,50
13,337,FeatureAgent,50,50
13,338,FeatureAgent,50,50
13,339,FeatureAgent,50,50
13,340,FeatureAgent,50,50
13,341,FeatureAgent,50,50
13,342,FeatureAgent,47,-4
13,343,FeatureAgent,8,8
13,344,FeatureAgent,5,5
13,345,FeatureAgent,1,1
13,346,FeatureAgent,2,2
13,347,FeatureAgent,34,34
13,348,FeatureAgent,50,50
13,349,FeatureAgent,50,50
13,350,FeatureAgent,50,50
13,351,FeatureAgent,50,50
13,352,FeatureAgent,50,50
13,353,FeatureAgent,50,50
13,354,FeatureAgent,50,50
13,355,FeatureAgent,50,50
13,356,FeatureAgent,50,50
13,357,FeatureAgent,50,50
13,358,FeatureAgent,50,50
13,359,FeatureAgent,50,50
13,360,FeatureAgent,50,50
13,361,FeatureAgent,50,50
13,362,FeatureAgent,50,50
13,363,FeatureAgent,50,50
13,364,FeatureAgent,18,-33
13,365,FeatureAgent,1,1
13,366,FeatureAgent,27,27
13,367,FeatureAgent,19,19
13,368,FeatureAgent,50,50
13,369,FeatureAgent,50,50
13,370,FeatureAgent,50,50
13,371,FeatureAgent,50,50
13,372,FeatureAgent,50,50
13,373,FeatureAgent,50,50
13,374,FeatureAgent,50,50
13,375,FeatureAgent,50,50
13,376,FeatureAgent,50,50
13,377,FeatureAgent,50,50
13,378,FeatureAgent,50,50
13,379,FeatureAgent,50,50
13,380,FeatureAgent,50,50
13,381,FeatureAgent,50,50
13,382,FeatureAgent,50,50
13,383,FeatureAgent,50,50
13,384,FeatureAgent,50,50
13,385,FeatureAgent,50,50
13,386,FeatureAgent,50,50
13,387,FeatureAgent,50,50
13,388,FeatureAgent,50,50
13,389,FeatureAgent,50,50
13,390,FeatureAgent,50,50
13,391,FeatureAgent,50,50
13,392,FeatureAgent,50,50
13,393,FeatureAgent,50,50
13,394,FeatureAgent,50,50
13,395,FeatureAgent,50,50
13,396,FeatureAgent,50,50
13,397,FeatureAgent,50,50
13,398,FeatureAgent,50,50
13,399,FeatureAgent,50,50
13,400,FeatureAgent,50,50
13,401,FeatureAgent,50,50
13,402,FeatureAgent,50,50
13,403,FeatureAgent,50,50
13,404,FeatureAgent,50,50
13,405,FeatureAgent,50,50
13,406,FeatureAgent,50,50
13,407,FeatureAgent,50,50
13,408,FeatureAgent,50,50
13,409,FeatureAgent,50,50
13,410,FeatureAgent,50,50
13,411,FeatureAgent,50,50
13,412,FeatureAgent,50,50
13,413,FeatureAgent,50,50
13,414,FeatureAgent,50,50
13,415,FeatureAgent,50,50
13,416,FeatureAgent,50,50
13,417,FeatureAgent,50,50
13,418,FeatureAgent,50,50
13,419,FeatureAgent,50,50
13,420,FeatureAgent,50,50
13,421,FeatureAgent,50,50
13,422,FeatureAgent,50,50
13,423,FeatureAgent,50,50
13,424,FeatureAgent,35,-16
13,425,FeatureAgent,4,4
13,426,FeatureAgent,5,5
13,427,FeatureAgent,3,3
13,428,FeatureAgent,50,50
13,429,FeatureAgent,50,50
13,430,FeatureAgent,50,50
13,431,FeatureAgent,50,50
13,432,FeatureAgent,50,50
13,433,FeatureAgent,50,50
13,434,FeatureAgent,50,50
13,435,FeatureAgent,50,50
13,436,FeatureAgent,50,50
13,437,FeatureAgent,50,50
13,438,FeatureAgent,50,50
13,439,FeatureAgent,50,50
13,440,FeatureAgent,50,50
13,441,FeatureAgent,50,50
13,442,FeatureAgent,50,50
13,443,FeatureAgent,50,50
13,444,FeatureAgent,50,50
13,445,FeatureAgent,50,50
13,446,FeatureAgent,50,50
13,447,FeatureAgent,50,50
13,448,FeatureAgent,50,50
13,449,FeatureAgent,50,50
13,450,FeatureAgent,50,50
13,451,FeatureAgent,50,50
13,452,FeatureAgent,50,50
13,453,FeatureAgent,50,50
13,454,FeatureAgent,50,50
13,455,FeatureAgent,50,50
13,456,FeatureAgent,50,50
13,457,FeatureAgent,25,-26
13,458,FeatureAgent,37,37
13,459,FeatureAgent,11,11
13,460,FeatureAgent,50,50
13,461,FeatureAgent,50,50
13,462,FeatureAgent,50,50
13,463,FeatureAgent,50,50
13,464,FeatureAgent,50,50
13,465,FeatureAgent,50,50
13,466,FeatureAgent,50,50
13,467,FeatureAgent,50,50
13,468,FeatureAgent,50,50
13,469,FeatureAgent,50,50
13,470,FeatureAgent,50,50
13,471,FeatureAgent,50,50
13,472,FeatureAgent,50,50
13,473,FeatureAgent,50,50
13,474,FeatureAgent,50,50
13,475,FeatureAgent,50,50
13,476,FeatureAgent,50,50
13,477,FeatureAgent,50,50
13,478,FeatureAgent,7,-44
13,479,FeatureAgent,2,2
13,480,FeatureAgent,1,1
13,481,FeatureAgent,9,9
13,482,FeatureAgent,12,12
13,483,FeatureAgent,3,3
13,484,FeatureAgent,50,50
13,485,FeatureAgent,50,50
13,486,FeatureAgent,50,50
13,487,FeatureAgent,50,50
13,488,FeatureAgent,50,50
13,489,FeatureAgent,50,50
13,490,FeatureAgent,50,50
13,491,FeatureAgent,50,50
13,492,FeatureAgent,50,50
13,493,FeatureAgent,50,50
13,494,FeatureAgent,50,50
13,495,FeatureAgent,50,50
13,496,FeatureAgent,50,50
13,497,FeatureAgent,50,50
13,498,FeatureAgent,50,50
13,499,FeatureAgent,50,50
13,500,FeatureAgent,50,50
13,501,FeatureAgent,50,50
13,502,FeatureAgent,50,50
13,503,FeatureAgent,50,50
13,504,FeatureAgent,50,50
13,505,FeatureAgent,50,50
13,506,FeatureAgent,50,50
13,507,FeatureAgent,50,50
13,508,FeatureAgent,50,50
13,509,FeatureAgent,50,50
13,510,FeatureAgent,50,50
13,511,FeatureAgent,50,50
13,512,FeatureAgent,50,50
13,513,FeatureAgent,50,50
13,514,FeatureAgent,50,50
13,515,FeatureAgent,50,50
13,516,FeatureAgent,50,50
13,517,FeatureAgent,50,50
13,518,FeatureAgent,50,50
13,519,FeatureAgent,50,50
13,520,FeatureAgent,50,50
13,521,FeatureAgent,50,50
13,522,FeatureAgent,50,50
13,523,FeatureAgent,50,50
13,524,FeatureAgent,50,50
13,525,FeatureAgent,50,50
13,526,FeatureAgent,50,50
13,527,FeatureAgent,50,50
13,528,FeatureAgent,50,50
13,529,FeatureAgent,50,50
13,530,FeatureAgent,50,50
13,531,FeatureAgent,50,50
13,532,FeatureAgent,50,50
13,533,FeatureAgent,50,50
13,534,FeatureAgent,50,50
13,535,FeatureAgent,50,50
13,536,FeatureAgent,50,50
13,537,FeatureAgent,50,50
13,538,FeatureAgent,50,50
13,539,FeatureAgent,50,50
13,540,FeatureAgent,50,50
13,541,FeatureAgent,50,50
13,542,FeatureAgent,50,50
13,543,FeatureAgent,50,50
13,544,FeatureAgent,50,50
13,545,FeatureAgent,50,50
13,546,FeatureAgent,50,50
13,547,FeatureAgent,50,50
13,548,FeatureAgent,50,50
13,549,FeatureAgent,50,50
13,550,FeatureAgent,50,50
13,551,FeatureAgent,50,50
13,552,FeatureAgent,50,50
13,553,FeatureAgent,50,50
13,554,FeatureAgent,50,50
13,555,FeatureAgent,50,50
13,556,FeatureAgent,50,50
13,557,FeatureAgent,50,50
13,558,FeatureAgent,50,50
13,559,FeatureAgent,50,50
13,560,FeatureAgent,50,50
13,561,FeatureAgent,50,50
13,562,FeatureAgent,50,50
13,563,FeatureAgent,50,50
13,564,FeatureAgent,50,50
13,565,FeatureAgent,50,50
13,566,FeatureAgent,50,50
13,567,FeatureAgent,50,50
13,568,FeatureAgent,50,50
13,569,FeatureAgent,50,50
13,570,FeatureAgent,50,50
13,571,FeatureAgent,50,50
13,572,FeatureAgent,50,-1
13,573,FeatureAgent,9,9
13,574,FeatureAgent,50,50
13,575,FeatureAgent,50,50
13,576,FeatureAgent,50,50
13,577,FeatureAgent,42,-9
13,578,FeatureAgent,1,1
13,579,FeatureAgent,11,11
13,580,FeatureAgent,50,50
13,581,FeatureAgent,50,50
13,582,FeatureAgent,50,50
13,583,FeatureAgent,50,50
13,584,FeatureAgent,50,50
13,585,FeatureAgent,50,50
13,586,FeatureAgent,50,50
13,587,FeatureAgent,50,50
13,588,FeatureAgent,50,50
13,589,FeatureAgent,50,50
13,590,FeatureAgent,50,50
13,591,FeatureAgent,50,50
13,592,FeatureAgent,50,50
13,593,FeatureAgent,50,50
13,594,FeatureAgent,30,-21
13,595,FeatureAgent,50,50
13,596,FeatureAgent,50,50
13,597,FeatureAgent,50,50
13,598,FeatureAgent,50,-1
13,599,FeatureAgent,8,8
13,600,FeatureAgent,24,24
13,601,FeatureAgent,19,19
13,602,FeatureAgent,3,3
13,603,FeatureAgent,50,50
13,604,FeatureAgent,50,50
13,605,FeatureAgent,50,50
13,606,FeatureAgent,50,50
13,607,FeatureAgent,50,50
13,608,FeatureAgent,50,50
13,609,FeatureAgent,50,50
13,610,FeatureAgent,50,50
13,611,FeatureAgent,50,50
13,612,FeatureAgent,50,50
13,613,FeatureAgent,50,50
13,614,FeatureAgent,50,50
13,615,FeatureAgent,50,50
13,616,FeatureAgent,50,50
13,617,FeatureAgent,50,50
13,618,FeatureAgent,50,50
13,619,FeatureAgent,50,50
13,620,FeatureAgent,50,50
13,621,FeatureAgent,50,50
13,622,FeatureAgent,50,50
13,623,FeatureAgent,50,50
13,624,FeatureAgent,50,50
13,625,FeatureAgent,50,50
13,626,FeatureAgent,50,50
13,627,FeatureAgent,50,50
13,628,FeatureAgent,50,50
13,629,FeatureAgent,44,-7
13,630,FeatureAgent,50,50
13,631,FeatureAgent,50,50
13,632,FeatureAgent,50,50
13,633,FeatureAgent,50,50
13,634,FeatureAgent,50,50
13,635,FeatureAgent,50,50
13,636,FeatureAgent,50,50
13,637,FeatureAgent,50,50
13,638,FeatureAgent,50,50
13,639,FeatureAgent,50,50
13,640,FeatureAgent,50,50
13,641,FeatureAgent,50,50
13,642,FeatureAgent,50,50
13,643,FeatureAgent,50,50
13,644,FeatureAgent,50,50
13,645,FeatureAgent,50,50
13,646,FeatureAgent,50,50
13,647,FeatureAgent,50,50
13,648,FeatureAgent,50,50
13,649,FeatureAgent,50,50
13,650,FeatureAgent,50,50
13,651,FeatureAgent,50,50
13,652,FeatureAgent,50,50
13,653,FeatureAgent,50,50
13,654,FeatureAgent,50,50
13,655,FeatureAgent,50,50
13,656,FeatureAgent,50,50
13,657,FeatureAgent,50,50
13,658,FeatureAgent,50,50
13,659,FeatureAgent,50,50
13,660,FeatureAgent,50,50
13,661,FeatureAgent,50,50
13,662,FeatureAgent,50,50
13,663,FeatureAgent,50,50
13,664,FeatureAgent,50,50
13,665,FeatureAgent,50,50
13,666,FeatureAgent,50,50
13,667,FeatureAgent,50,50
13,668,FeatureAgent,50,50
13,669,FeatureAgent,50,50
13,670,FeatureAgent,50,50
13,671,FeatureAgent,50,50
13,672,FeatureAgent,50,50
13,673,FeatureAgent,50,50
13,674,FeatureAgent,50,50
13,675,FeatureAgent,50,50
13,676,FeatureAgent,50,50
13,677,FeatureAgent,50,50
13,678,FeatureAgent,50,50
13,679,FeatureAgent,50,50
13,680,FeatureAgent,50,50
13,681,FeatureAgent,50,50
13,682,FeatureAgent,50,50
13,683,FeatureAgent,50,50
13,684,FeatureAgent,50,50
13,685,FeatureAgent,50,50
13,686,FeatureAgent,50,50
13,687,FeatureAgent,50,50
13,688,FeatureAgent,50,50
13,689,FeatureAgent,50,-1
13,690,FeatureAgent,37,37
13,691,FeatureAgent,50,50
13,692,FeatureAgent,50,50
13,693,FeatureAgent,50,50
13,694,FeatureAgent,50,50
13,695,FeatureAgent,50,50
13,696,FeatureAgent,50,50
13,697,FeatureAgent,23,-28
13,698,FeatureAgent,50,50
13,699,FeatureAgent,50,50
13,700,FeatureAgent,50,50
13,701,FeatureAgent,50,50
13,702,FeatureAgent,50,50
13,703,FeatureAgent,50,50
13,704,FeatureAgent,50,50
13,705,FeatureAgent,50,50
13,706,FeatureAgent,50,50
13,707,FeatureAgent,50,50
13,708,FeatureAgent,50,50
13,709,FeatureAgent,50,50
13,710,FeatureAgent,50,50
13,711,FeatureAgent,50,50
13,712,FeatureAgent,50,50
13,713,FeatureAgent,50,50
13,714,FeatureAgent,50,50
13,715,FeatureAgent,50,50
13,716,FeatureAgent,50,50
13,717,FeatureAgent,20,-31
13,718,FeatureAgent,5,5
13,719,FeatureAgent,31,31
13,720,FeatureAgent,50,50
13,721,FeatureAgent,50,50
13,722,FeatureAgent,50,50
13,723,FeatureAgent,50,50
13,724,FeatureAgent,50,50
13,725,FeatureAgent,50,50
13,726,FeatureAgent,50,50
13,727,FeatureAgent,50,50
13,728,FeatureAgent,50,50
13,729,FeatureAgent,50,50
13,730,FeatureAgent,50,50
13,731,FeatureAgent,50,50
13,732,FeatureAgent,50,50
13,733,FeatureAgent,50,50
13,734,FeatureAgent,50,50
13,735,FeatureAgent,50,50
13,736,FeatureAgent,50,50
13,737,FeatureAgent,50,50
13,738,FeatureAgent,50,50
13,739,FeatureAgent,50,50
13,740,FeatureAgent,50,50
13,741,FeatureAgent,50,50
13,742,FeatureAgent,50,50
13,743,FeatureAgent,50,50
13,744,FeatureAgent,50,50
13,745,FeatureAgent,50,50
13,746,FeatureAgent,50,50
13,747,FeatureAgent,50,50
13,748,FeatureAgent,50,50
13,749,FeatureAgent,47,-4
13,750,FeatureAgent,18,18
13,751,FeatureAgent,50,50
13,752,FeatureAgent,50,50
13,753,FeatureAgent,50,50
13,754,FeatureAgent,50,50
13,755,FeatureAgent,50,50
13,756,FeatureAgent,50,50
13,757,FeatureAgent,50,50
13,758,FeatureAgent,50,50
13,759,FeatureAgent,50,50
13,760,FeatureAgent,50,50
13,761,FeatureAgent,50,50
13,762,FeatureAgent,50,50
13,763,FeatureAgent,50,50
13,764,FeatureAgent,50,50
13,765,FeatureAgent,50,50
13,766,FeatureAgent,50,50
13,767,FeatureAgent,50,50
13,768,FeatureAgent,50,50
13,769,FeatureAgent,50,50
13,770,FeatureAgent,50,-1
13,771,FeatureAgent,50,50
13,772,FeatureAgent,50,50
13,773,FeatureAgent,50,50
13,774,FeatureAgent,50,50
13,775,FeatureAgent,50,50
13,776,FeatureAgent,50,50
13,777,FeatureAgent,50,50
13,778,FeatureAgent,50,50
13,779,FeatureAgent,50,50
13,780,FeatureAgent,50,50
13,781,FeatureAgent,50,50
13,782,FeatureAgent,50,50
13,783,FeatureAgent,50,50
13,784,FeatureAgent,50,50
13,785,FeatureAgent,50,50
13,786,FeatureAgent,50,50
13,787,FeatureAgent,50,50
13,788,FeatureAgent,50,50
13,789,FeatureAgent,50,50
13,790,FeatureAgent,50,50
13,791,FeatureAgent,50,50
13,792,FeatureAgent,50,50
13,793,FeatureAgent,50,50
13,794,FeatureAgent,50,50
13,795,FeatureAgent,50,50
13,796,FeatureAgent,50,50
13,797,FeatureAgent,50,50
13,798,FeatureAgent,50,50
13,799,FeatureAgent,50,50
13,800,FeatureAgent,50,50
13,801,FeatureAgent,50,50
13,802,FeatureAgent,50,50
13,803,FeatureAgent,50,50
13,804,FeatureAgent,50,50
13,805,FeatureAgent,50,50
13,806,FeatureAgent,50,50
13,807,FeatureAgent,50,50
13,808,FeatureAgent,50,50
13,809,FeatureAgent,50,50
13,810,FeatureAgent,50,50
13,811,FeatureAgent,50,50
13,812,FeatureAgent,50,50
13,813,FeatureAgent,50,50
13,814,FeatureAgent,50,50
13,815,FeatureAgent,50,50
13,816,FeatureAgent,50,50
13,817,FeatureAgent,50,50
13,818,FeatureAgent,50,50
13,819,FeatureAgent,50,50
13,820,FeatureAgent,50,50
13,821,FeatureAgent,50,50
13,822,FeatureAgent,50,50
13,823,FeatureAgent,50,50
13,824,FeatureAgent,50,50
13,825,FeatureAgent,50,50
13,826,FeatureAgent,50,50
13,827,FeatureAgent,50,50
13,828,FeatureAgent,35,-16
13,829,FeatureAgent,38,-13
13,830,FeatureAgent,50,50
13,831,FeatureAgent,50,50
13,832,FeatureAgent,50,-1
13,833,FeatureAgent,50,50
13,834,FeatureAgent,50,50
13,835,FeatureAgent,50,50
13,836,FeatureAgent,50,50
13,837,FeatureAgent,50,50
13,838,FeatureAgent,50,50
13,839,FeatureAgent,50,50
13,840,FeatureAgent,50,50
13,841,FeatureAgent,50,50
13,842,FeatureAgent,50,50
13,843,FeatureAgent,50,50
13,844,FeatureAgent,50,50
13,845,FeatureAgent,50,50
13,846,FeatureAgent,50,50
13,847,FeatureAgent,50,50
13,848,FeatureAgent,50,50
13,849,FeatureAgent,50,50
13,850,FeatureAgent,50,50
13,851,FeatureAgent,50,50
13,852,FeatureAgent,50,50
13,853,FeatureAgent,50,50
13,854,FeatureAgent,50,50
13,855,FeatureAgent,50,50
13,856,FeatureAgent,50,50
13,857,FeatureAgent,50,50
13,858,FeatureAgent,50,50
13,859,FeatureAgent,50,50
13,860,FeatureAgent,50,50
13,861,FeatureAgent,50,50
13,862,FeatureAgent,50,50
13,863,FeatureAgent,50,50
13,864,FeatureAgent,50,50
13,865,FeatureAgent,50,50
13,866,FeatureAgent,50,50
13,867,FeatureAgent,50,50
13,868,FeatureAgent,50,50
13,869,FeatureAgent,50,50
13,870,FeatureAgent,50,-1
13,871,FeatureAgent,50,50
13,872,FeatureAgent,50,50
13,873,FeatureAgent,50,50
13,874,FeatureAgent,50,50
13,875,FeatureAgent,50,50
13,876,FeatureAgent,50,50
13,877,FeatureAgent,50,50
13,878,FeatureAgent,50,50
13,879,FeatureAgent,50,50
13,880,FeatureAgent,50,50
13,881,FeatureAgent,50,50
13,882,FeatureAgent,5,-46
13,883,FeatureAgent,10,10
13,884,FeatureAgent,50,50
13,885,FeatureAgent,50,50
13,886,FeatureAgent,50,50
13,887,FeatureAgent,50,50
13,888,FeatureAgent,50,50
13,889,FeatureAgent,50,50
13,890,FeatureAgent,50,50
13,891,FeatureAgent,50,50
13,892,FeatureAgent,50,50
13,893,FeatureAgent,50,50
13,894,FeatureAgent,50,50
13,895,FeatureAgent,50,50
13,896,FeatureAgent,50,50
13,897,FeatureAgent,50,50
13,898,FeatureAgent,50,-1
13,899,FeatureAgent,50,50
13,900,FeatureAgent,50,50
13,901,FeatureAgent,50,50
13,902,FeatureAgent,41,-10
13,903,FeatureAgent,50,50
13,904,FeatureAgent,50,50
13,905,FeatureAgent,50,50
13,906,FeatureAgent,50,50
13,907,FeatureAgent,50,50
13,908,FeatureAgent,50,50
13,909,FeatureAgent,50,50
13,910,FeatureAgent,50,50
13,911,FeatureAgent,50,50
13,912,FeatureAgent,26,-25
13,913,FeatureAgent,50,50
13,914,FeatureAgent,50,50
13,915,FeatureAgent,50,50
13,916,FeatureAgent,50,50
13,917,FeatureAgent,13,-38
13,918,FeatureAgent,50,50
13,919,FeatureAgent,50,50
13,920,FeatureAgent,50,50
13,921,FeatureAgent,50,50
13,922,FeatureAgent,50,50
13,923,FeatureAgent,50,50
13,924,FeatureAgent,50,50
13,925,FeatureAgent,50,50
13,926,FeatureAgent,50,50
13,927,FeatureAgent,50,50
13,928,FeatureAgent,50,50
13,929,FeatureAgent,50,50
13,930,FeatureAgent,50,50
13,931,FeatureAgent,50,50
13,932,FeatureAgent,50,50
13,933,FeatureAgent,50,50
13,934,FeatureAgent,50,50
13,935,FeatureAgent,50,50
13,936,FeatureAgent,50,50
13,937,FeatureAgent,50,50
13,938,FeatureAgent,50,50
13,939,FeatureAgent,50,50
13,940,FeatureAgent,50,50
13,941,FeatureAgent,50,50
13,942,FeatureAgent,50,50
13,943,FeatureAgent,50,50
13,944,FeatureAgent,50,50
13,945,FeatureAgent,50,50
13,946,FeatureAgent,50,50
13,947,FeatureAgent,50,50
13,948,FeatureAgent,50,50
13,949,FeatureAgent,50,50
13,950,FeatureAgent,50,50
13,951,FeatureAgent,50,50
13,952,FeatureAgent,50,50
13,953,FeatureAgent,50,50
13,954,FeatureAgent,50,50
13,955,FeatureAgent,50,50
13,956,FeatureAgent,50,50
13,957,FeatureAgent,50,50
13,958,FeatureAgent,50,50
13,959,FeatureAgent,50,50
13,960,FeatureAgent,50,50
13,961,FeatureAgent,50,50
13,962,FeatureAgent,50,50
13,963,FeatureAgent,50,50
13,964,FeatureAgent,50,50
13,965,FeatureAgent,50,50
13,966,FeatureAgent,50,50
13,967,FeatureAgent,50,50
13,968,FeatureAgent,50,50
13,969,FeatureAgent,50,50
13,970,FeatureAgent,50,50
13,971,FeatureAgent,50,50
13,972,FeatureAgent,50,-1
13,973,FeatureAgent,50,50
13,974,FeatureAgent,50,50
13,975,FeatureAgent,50,50
13,976,FeatureAgent,50,50
13,977,FeatureAgent,50,50
13,978,FeatureAgent,50,50
13,979,FeatureAgent,50,50
13,980,FeatureAgent,50,50
13,981,FeatureAgent,50,50
13,982,FeatureAgent,50,50
13,983,FeatureAgent,50,50
13,984,FeatureAgent,50,50
13,985,FeatureAgent,50,50
13,986,FeatureAgent,50,50
13,987,FeatureAgent,50,50
13,988,FeatureAgent,50,50
13,989,FeatureAgent,50,50
13,990,FeatureAgent,50,50
13,991,FeatureAgent,50,50
13,992,FeatureAgent,50,50
13,993,FeatureAgent,50,50
13,994,FeatureAgent,50,50
13,995,FeatureAgent,50,50
13,996,FeatureAgent,50,50
13,997,FeatureAgent,50,50
13,998,FeatureAgent,50,50
13,999,FeatureAgent,50,50
13,1000,FeatureAgent,50,50
14,1,FeatureAgent,13,13
14,2,FeatureAgent,28,28
14,3,FeatureAgent,50,50
14,4,FeatureAgent,50,-1
14,5,FeatureAgent,1,1
14,6,FeatureAgent,1,1
14,7,FeatureAgent,1,1
14,8,FeatureAgent,1,1
14,9,FeatureAgent,1,1
14,10,FeatureAgent,2,2
14,11,FeatureAgent,1,1
14,12,FeatureAgent,1,1
14,13,FeatureAgent,9,9
14,14,FeatureAgent,3,3
14,15,FeatureAgent,1,1
14,16,FeatureAgent,1,1
14,17,FeatureAgent,2,2
14,18,FeatureAgent,1,1
14,19,FeatureAgent,1,1
14,20,FeatureAgent,1,1
14,21,FeatureAgent,1,1
14,22,FeatureAgent,1,1
14,23,FeatureAgent,2,2
14,24,FeatureAgent,1,1
14,25,FeatureAgent,2,2
14,26,FeatureAgent,3,3
14,27,FeatureAgent,4,4
14,28,FeatureAgent,1,1
14,29,FeatureAgent,2,2
14,30,FeatureAgent,4,4
14,31,FeatureAgent,2,2
14,32,FeatureAgent,1,1
14,33,FeatureAgent,9,9
14,34,FeatureAgent,14,14
14,35,FeatureAgent,7,7
14,36,FeatureAgent,8,8
14,37,FeatureAgent,50,50
14,38,FeatureAgent,34,-17
14,39,FeatureAgent,1,1
14,40,FeatureAgent,1,1
14,41,FeatureAgent,1,1
14,42,FeatureAgent,1,1
14,43,FeatureAgent,1,1
14,44,FeatureAgent,1,1
14,45,FeatureAgent,1,1
14,46,FeatureAgent,1,1
14,47,FeatureAgent,1,1
14,48,FeatureAgent,4,4
14,49,FeatureAgent,3,3
14,50,FeatureAgent,1,1
14,51,FeatureAgent,4,4
14,52,FeatureAgent,2,2
14,53,FeatureAgent,1,1
14,54,FeatureAgent,1,1
14,55,FeatureAgent,6,6
14,56,FeatureAgent,1,1
14,57,FeatureAgent,4,4
14,58,FeatureAgent,2,2
14,59,FeatureAgent,1,1
14,60,FeatureAgent,1,1
14,61,FeatureAgent,10,10
14,62,FeatureAgent,1,1
14,63,FeatureAgent,9,9
14,64,FeatureAgent,6,6
14,65,FeatureAgent,5,5
14,66,FeatureAgent,1,1
14,67,FeatureAgent,29,29
14,68,FeatureAgent,50,50
14,69,FeatureAgent,50,50
14,70,FeatureAgent,50,50
14,71,FeatureAgent,50,50
14,72,FeatureAgent,50,50
14,73,FeatureAgent,50,50
14,74,FeatureAgent,50,50
14,75,FeatureAgent,50,50
14,76,FeatureAgent,50,50
14,77,FeatureAgent,50,50
14,78,FeatureAgent,50,50
14,79,FeatureAgent,50,50
14,80,FeatureAgent,50,50
14,81,FeatureAgent,50,50
14,82,FeatureAgent,50,50
14,83,FeatureAgent,50,50
14,84,FeatureAgent,50,50
14,85,FeatureAgent,50,50
14,86,FeatureAgent,50,50
14,87,FeatureAgent,50,50
14,88,FeatureAgent,50,50
14,89,FeatureAgent,50,50
14,90,FeatureAgent,50,50
14,91,FeatureAgent,50,50
14,92,FeatureAgent,50,50
14,93,FeatureAgent,50,50
14,94,FeatureAgent,50,50
14,95,FeatureAgent,50,50
14,96,FeatureAgent,50,50
14,97,FeatureAgent,50,50
14,98,FeatureAgent,50,50
14,99,FeatureAgent,50,50
14,100,FeatureAgent,50,50
14,101,FeatureAgent,50,50
14,102,FeatureAgent,50,50
14,103,FeatureAgent,50,50
14,104,FeatureAgent,50,50
14,105,FeatureAgent,50,50
14,106,FeatureAgent,50,50
14,107,FeatureAgent,50,50
14,108,FeatureAgent,50,50
14,109,FeatureAgent,50,50
14,110,FeatureAgent,50,50
14,111,FeatureAgent,50,50
14,112,FeatureAgent,50,50
14,113,FeatureAgent,50,50
14,114,FeatureAgent,50,50
14,115,FeatureAgent,50,50
14,116,FeatureAgent,50,50
14,117,FeatureAgent,50,50
14,118,FeatureAgent,50,50
14,119,FeatureAgent,50,50
14,120,FeatureAgent,50,50
14,121,FeatureAgent,50,50
14,122,FeatureAgent,50,50
14,123,FeatureAgent,50,50
14,124,FeatureAgent,50,50
14,125,FeatureAgent,50,50
14,126,FeatureAgent,50,50
14,127,FeatureAgent,50,50
14,128,FeatureAgent,50,50
14,129,FeatureAgent,50,50
14,130,FeatureAgent,50,50
14,131,FeatureAgent,50,50
14,132,FeatureAgent,50,50
14,133,FeatureAgent,50,50
14,134,FeatureAgent,50,50
14,135,FeatureAgent,50,50
14,136,FeatureAgent,50,50
14,137,FeatureAgent,50,50
14,138,FeatureAgent,50,50
14,139,FeatureAgent,50,50
14,140,FeatureAgent,50,50
14,141,FeatureAgent,50,50
14,142,FeatureAgent,50,50
14,143,FeatureAgent,50,50
14,144,FeatureAgent,50,50
14,145,FeatureAgent,50,50
14,146,FeatureAgent,50,50
14,147,FeatureAgent,50,50
14,148,FeatureAgent,50,50
14,149,FeatureAgent,50,50
14,150,FeatureAgent,50,50
14,151,FeatureAgent,50,50
14,152,FeatureAgent,50,50
14,153,FeatureAgent,50,50
14,154,FeatureAgent,50,50
14,155,FeatureAgent,50,50
14,156,FeatureAgent,50,50
14,157,FeatureAgent,16,-35
14,158,FeatureAgent,22,22
14,159,FeatureAgent,39,39
14,160,FeatureAgent,12,12
14,161,FeatureAgent,50,50
14,162,FeatureAgent,50,50
14,163,FeatureAgent,50,50
14,164,FeatureAgent,50,50
14,165,FeatureAgent,50,50
14,166,FeatureAgent,50,50
14,167,FeatureAgent,50,50
14,168,FeatureAgent,50,50
14,169,FeatureAgent,50,50
14,170,FeatureAgent,17,-34
14,171,FeatureAgent,1,1
14,172,FeatureAgent,35,35
14,173,FeatureAgent,50,50
14,174,FeatureAgent,50,50
14,175,FeatureAgent,50,50
14,176,FeatureAgent,50,50
14,177,FeatureAgent,50,50
14,178,FeatureAgent,50,50
14,179,FeatureAgent,50,50
14,180,FeatureAgent,50,50
14,181,FeatureAgent,50,50
14,182,FeatureAgent,50,50
14,183,FeatureAgent,50,50
14,184,FeatureAgent,50,50
14,185,FeatureAgent,38,-13
14,186,FeatureAgent,50,50
14,187,FeatureAgent,50,50
14,188,FeatureAgent,50,50
14,189,FeatureAgent,50,50
14,190,FeatureAgent,50,50
14,191,FeatureAgent,50,50
14,192,FeatureAgent,50,50
14,193,FeatureAgent,50,50
14,194,FeatureAgent,50,50
14,195,FeatureAgent,40,-11
14,196,FeatureAgent,39,39
14,197,FeatureAgent,50,50
14,198,FeatureAgent,50,50
14,199,FeatureAgent,50,50
14,200,FeatureAgent,50,50
14,201,FeatureAgent,50,50
14,202,FeatureAgent,50,50
14,203,FeatureAgent,50,50
14,204,FeatureAgent,50,50
14,205,FeatureAgent,50,50
14,206,FeatureAgent,50,50
14,207,FeatureAgent,50,50
14,208,FeatureAgent,50,50
14,209,FeatureAgent,50,50
14,210,FeatureAgent,50,50
14,211,FeatureAgent,50,50
14,212,FeatureAgent,50,50
14,213,FeatureAgent,50,50
14,214,FeatureAgent,50,50
14,215,FeatureAgent,50,50
14,216,FeatureAgent,50,50
14,217,FeatureAgent,50,50
14,218,FeatureAgent,50,50
14,219,FeatureAgent,50,50
14,220,FeatureAgent,50,50
14,221,FeatureAgent,50,50
14,222,FeatureAgent,50,50
14,223,FeatureAgent,50,50
14,224,FeatureAgent,50,50
14,225,FeatureAgent,50,50
14,226,FeatureAgent,50,50
14,227,FeatureAgent,50,50
14,228,FeatureAgent,50,50
14,229,FeatureAgent,50,50
14,230,FeatureAgent,50,50
14,231,FeatureAgent,50,50
14,232,FeatureAgent,50,50
14,233,FeatureAgent,50,50
14,234,FeatureAgent,50,50
14,235,FeatureAgent,50,50
14,236,FeatureAgent,50,50
14,237,FeatureAgent,50,50
14,238,FeatureAgent,50,50
14,239,FeatureAgent,50,50
14,240,FeatureAgent,50,50
14,241,FeatureAgent,50,50
14,242,FeatureAgent,50,50
14,243,FeatureAgent,50,50
14,244,FeatureAgent,50,50
14,245,FeatureAgent,50,50
14,246,FeatureAgent,50,50
14,247,FeatureAgent,50,50
14,248,FeatureAgent,50,-1
14,249,FeatureAgent,50,50
14,250,FeatureAgent,50,50
14,251,FeatureAgent,16,-35
14,252,FeatureAgent,3,3
14,253,FeatureAgent,50,50
14,254,FeatureAgent,29,29
14,255,FeatureAgent,6,6
14,256,FeatureAgent,50,50
14,257,FeatureAgent,50,50
14,258,FeatureAgent,50,50
14,259,FeatureAgent,50,50
14,260,FeatureAgent,50,-1
14,261,FeatureAgent,50,50
14,262,FeatureAgent,50,50
14,263,FeatureAgent,50,50
14,264,FeatureAgent,50,50
14,265,FeatureAgent,50,50
14,266,FeatureAgent,50,50
14,267,FeatureAgent,50,50
14,268,FeatureAgent,50,50
14,269,FeatureAgent,50,-1
14,270,FeatureAgent,50,50
14,271,FeatureAgent,50,50
14,272,FeatureAgent,50,50
14,273,FeatureAgent,50,50
14,274,FeatureAgent,50,50
14,275,FeatureAgent,50,50
14,276,FeatureAgent,50,50
14,277,FeatureAgent,50,50
14,278,FeatureAgent,50,50
14,279,FeatureAgent,50,50
14,280,FeatureAgent,50,50
14,281,FeatureAgent,50,50
14,282,FeatureAgent,50,50
14,283,FeatureAgent,50,50
14,284,FeatureAgent,50,50
14,285,FeatureAgent,50,50
14,286,FeatureAgent,50,50
14,287,FeatureAgent,50,50
14,288,FeatureAgent,50,50
14,289,FeatureAgent,50,50
14,290,FeatureAgent,50,50
14,291,FeatureAgent,50,50
14,292,FeatureAgent,50,50
14,293,FeatureAgent,50,50
14,294,FeatureAgent,50,50
14,295,FeatureAgent,50,50
14,296,FeatureAgent,50,50
14,297,FeatureAgent,50,50
14,298,FeatureAgent,50,50
14,299,FeatureAgent,50,50
14,300,FeatureAgent,50,50
14,301,FeatureAgent,50,-1
14,302,FeatureAgent,50,50
14,303,FeatureAgent,50,50
14,304,FeatureAgent,50,50
14,305,FeatureAgent,50,50
14,306,FeatureAgent,50,50
14,307,FeatureAgent,50,50
14,308,FeatureAgent,50,50
14,309,FeatureAgent,50,50
14,310,FeatureAgent,50,50
14,311,FeatureAgent,50,50
14,312,FeatureAgent,50,50
14,313,FeatureAgent,50,50
14,314,FeatureAgent,50,50
14,315,FeatureAgent,50,50
14,316,FeatureAgent,50,50
14,317,FeatureAgent,50,50
14,318,FeatureAgent,50,50
14,319,FeatureAgent,50,50
14,320,FeatureAgent,50,50
14,321,FeatureAgent,50,50
14,322,FeatureAgent,50,50
14,323,FeatureAgent,50,50
14,324,FeatureAgent,50,50
14,325,FeatureAgent,50,50
14,326,FeatureAgent,50,50
14,327,FeatureAgent,50,50
14,328,FeatureAgent,50,50
14,329,FeatureAgent,50,50
14,330,FeatureAgent,50,50
14,331,FeatureAgent,50,50
14,332,FeatureAgent,50,50
14,333,FeatureAgent,50,50
14,334,FeatureAgent,50,50
14,335,FeatureAgent,50,50
14,336,FeatureAgent,50,50
14,337,FeatureAgent,50,50
14,338,FeatureAgent,50,50
14,339,FeatureAgent,50,50
14,340,FeatureAgent,50,50
14,341,FeatureAgent,50,50
14,342,FeatureAgent,50,50
14,343,FeatureAgent,50,50
14,344,FeatureAgent,50,50
14,345,FeatureAgent,50,50
14,346,FeatureAgent,50,50
14,347,FeatureAgent,50,50
14,348,FeatureAgent,50,50
14,349,FeatureAgent,50,50
14,350,FeatureAgent,50,50
14,351,FeatureAgent,50,50
14,352,FeatureAgent,50,50
14,353,FeatureAgent,50,50
14,354,FeatureAgent,50,50
14,355,FeatureAgent,50,50
14,356,FeatureAgent,50,50
14,357,FeatureAgent,50,50
14,358,FeatureAgent,50,50
14,359,FeatureAgent,50,50
14,360,FeatureAgent,50,50
14,361,FeatureAgent,50,50
14,362,FeatureAgent,50,50
14,363,FeatureAgent,50,50
14,364,FeatureAgent,50,50
14,365,FeatureAgent,50,50
14,366,FeatureAgent,50,50
14,367,FeatureAgent,50,50
14,368,FeatureAgent,50,50
14,369,FeatureAgent,50,50
14,370,FeatureAgent,50,50
14,371,FeatureAgent,50,50
14,372,FeatureAgent,50,50
14,373,FeatureAgent,50,-1
14,374,FeatureAgent,50,50
14,375,FeatureAgent,50,50
14,376,FeatureAgent,50,50
14,377,FeatureAgent,50,50
14,378,FeatureAgent,50,50
14,379,FeatureAgent,50,50
14,380,FeatureAgent,50,50
14,381,FeatureAgent,50,50
14,382,FeatureAgent,50,50
14,383,FeatureAgent,50,50
14,384,FeatureAgent,50,50
14,385,FeatureAgent,50,50
14,386,FeatureAgent,50,50
14,387,FeatureAgent,50,50
14,388,FeatureAgent,50,50
14,389,FeatureAgent,50,50
14,390,FeatureAgent,50,50
14,391,FeatureAgent,50,50
14,392,FeatureAgent,50,50
14,393,FeatureAgent,50,50
14,394,FeatureAgent,50,50
14,395,FeatureAgent,50,50
14,396,FeatureAgent,50,50
14,397,FeatureAgent,50,50
14,398,FeatureAgent,50,-1
14,399,FeatureAgent,50,50
14,400,FeatureAgent,50,50
14,401,FeatureAgent,50,50
14,402,FeatureAgent,50,50
14,403,FeatureAgent,50,50
14,404,FeatureAgent,50,50
14,405,FeatureAgent,50,50
14,406,FeatureAgent,50,50
14,407,FeatureAgent,50,50
14,408,FeatureAgent,50,50
14,409,FeatureAgent,50,50
14,410,FeatureAgent,50,50
14,411,FeatureAgent,50,50
14,412,FeatureAgent,50,50
14,413,FeatureAgent,50,50
14,414,FeatureAgent,50,50
14,415,FeatureAgent,50,50
14,416,FeatureAgent,50,50
14,417,FeatureAgent,50,50
14,418,FeatureAgent,50,50
14,419,FeatureAgent,50,50
14,420,FeatureAgent,50,-1
14,421,FeatureAgent,50,50
14,422,FeatureAgent,50,50
14,423,FeatureAgent,50,50
14,424,FeatureAgent,50,50
14,425,FeatureAgent,50,50
14,426,FeatureAgent,50,50
14,427,FeatureAgent,50,50
14,428,FeatureAgent,50,50
14,429,FeatureAgent,50,50
14,430,FeatureAgent,50,50
14,431,FeatureAgent,50,50
14,432,FeatureAgent,50,50
14,433,FeatureAgent,50,50
14,434,FeatureAgent,50,50
14,435,FeatureAgent,50,50
14,436,FeatureAgent,50,50
14,437,FeatureAgent,50,50
14,438,FeatureAgent,50,50
14,439,FeatureAgent,50,50
14,440,FeatureAgent,50,50
14,441,FeatureAgent,50,50
14,442,FeatureAgent,50,50
14,443,FeatureAgent,50,50
14,444,FeatureAgent,50,50
14,445,FeatureAgent,50,50
14,446,FeatureAgent,50,-1
14,447,FeatureAgent,50,50
14,448,FeatureAgent,50,50
14,449,FeatureAgent,50,50
14,450,FeatureAgent,50,50
14,451,FeatureAgent,50,50
14,452,FeatureAgent,50,50
14,453,FeatureAgent,50,50
14,454,FeatureAgent,50,-1
14,455,FeatureAgent,50,50
14,456,FeatureAgent,50,50
14,457,FeatureAgent,50,50
14,458,FeatureAgent,50,50
14,459,FeatureAgent,50,50
14,460,FeatureAgent,50,50
14,461,FeatureAgent,50,50
14,462,FeatureAgent,50,50
14,463,FeatureAgent,50,50
14,464,FeatureAgent,50,50
14,465,FeatureAgent,50,50
14,466,FeatureAgent,50,50
14,467,FeatureAgent,50,50
14,468,FeatureAgent,50,50
14,469,FeatureAgent,50,50
14,470,FeatureAgent,50,50
14,471,FeatureAgent,50,50
14,472,FeatureAgent,50,50
14,473,FeatureAgent,50,50
14,474,FeatureAgent,50,50
14,475,FeatureAgent,50,50
14,476,FeatureAgent,50,50
14,477,FeatureAgent,50,50
14,478,FeatureAgent,50,50
14,479,FeatureAgent,50,50
14,480,FeatureAgent,50,50
14,481,FeatureAgent,50,50
14,482,FeatureAgent,50,50
14,483,FeatureAgent,50,50
14,484,FeatureAgent,50,50
14,485,FeatureAgent,50,50
14,486,FeatureAgent,50,50
14,487,FeatureAgent,50,50
14,488,FeatureAgent,50,50
14,489,FeatureAgent,50,50
14,490,FeatureAgent,50,50
14,491,FeatureAgent,50,50
14,492,FeatureAgent,50,50
14,493,FeatureAgent,50,50
14,494,FeatureAgent,50,50
14,495,FeatureAgent,50,50
14,496,FeatureAgent,50,50
14,497,FeatureAgent,50,50
14,498,FeatureAgent,50,50
14,499,FeatureAgent,50,50
14,500,FeatureAgent,50,50
14,501,FeatureAgent,50,50
14,502,FeatureAgent,50,50
14,503,FeatureAgent,50,50
14,504,FeatureAgent,50,50
14,505,FeatureAgent,50,50
14,506,FeatureAgent,50,50
14,507,FeatureAgent,50,50
14,508,FeatureAgent,50,50
14,509,FeatureAgent,50,50
14,510,FeatureAgent,50,50
14,511,FeatureAgent,50,50
14,512,FeatureAgent,50,50
14,513,FeatureAgent,50,50
14,514,FeatureAgent,50,50
14,515,FeatureAgent,50,50
14,516,FeatureAgent,50,50
14,517,FeatureAgent,50,50
14,518,FeatureAgent,50,50
14,519,FeatureAgent,50,50
14,520,FeatureAgent,50,-1
14,521,FeatureAgent,50,50
14,522,FeatureAgent,50,50
14,523,FeatureAgent,50,50
14,524,FeatureAgent,50,50
14,525,FeatureAgent,50,50
14,526,FeatureAgent,50,50
14,527,FeatureAgent,50,50
14,528,FeatureAgent,50,50
14,529,FeatureAgent,50,50
14,530,FeatureAgent,50,50
14,531,FeatureAgent,50,50
14,532,FeatureAgent,50,50
14,533,FeatureAgent,50,50
14,534,FeatureAgent,50,50
14,535,FeatureAgent,50,50
14,536,FeatureAgent,50,50
14,537,FeatureAgent,50,50
14,538,FeatureAgent,50,-1
14,539,FeatureAgent,50,50
14,540,FeatureAgent,50,50
14,541,FeatureAgent,50,50
14,542,FeatureAgent,50,50
14,543,FeatureAgent,50,50
14,544,FeatureAgent,50,50
14,545,FeatureAgent,50,50
14,546,FeatureAgent,50,50
14,547,FeatureAgent,50,50
14,548,FeatureAgent,50,50
14,549,FeatureAgent,50,50
14,550,FeatureAgent,50,50
14,551,FeatureAgent,50,50
14,552,FeatureAgent,50,50
14,553,FeatureAgent,50,50
14,554,FeatureAgent,50,50
14,555,FeatureAgent,50,50
14,556,FeatureAgent,50,50
14,557,FeatureAgent,50,50
14,558,FeatureAgent,50,50
14,559,FeatureAgent,50,50
14,560,FeatureAgent,50,-1
14,561,FeatureAgent,50,50
14,562,FeatureAgent,50,50
14,563,FeatureAgent,50,50
14,564,FeatureAgent,50,50
14,565,FeatureAgent,50,50
14,566,FeatureAgent,50,50
14,567,FeatureAgent,50,50
14,568,FeatureAgent,50,50
14,569,FeatureAgent,50,50
14,570,FeatureAgent,50,50
14,571,FeatureAgent,50,50
14,572,FeatureAgent,50,50
14,573,FeatureAgent,50,50
14,574,FeatureAgent,50,50
14,575,FeatureAgent,50,50
14,576,FeatureAgent,50,50
14,577,FeatureAgent,50,50
14,578,FeatureAgent,50,50
14,579,FeatureAgent,50,50
14,580,FeatureAgent,50,50
14,581,FeatureAgent,50,-1
14,582,FeatureAgent,50,50
14,583,FeatureAgent,50,50
14,584,FeatureAgent,50,50
14,585,FeatureAgent,50,50
14,586,FeatureAgent,50,50
14,587,FeatureAgent,50,50
14,588,FeatureAgent,50,50
14,589,FeatureAgent,50,-1
14,590,FeatureAgent,50,50
14,591,FeatureAgent,50,50
14,592,FeatureAgent,50,50
14,593,FeatureAgent,50,50
14,594,FeatureAgent,50,50
14,595,FeatureAgent,50,50
14,596,FeatureAgent,50,50
14,597,FeatureAgent,50,50
14,598,FeatureAgent,50,50
14,599,FeatureAgent,50,50
14,600,FeatureAgent,50,50
14,601,FeatureAgent,50,-1
14,602,FeatureAgent,50,50
14,603,FeatureAgent,50,50
14,604,FeatureAgent,50,50
14,605,FeatureAgent,50,50
14,606,FeatureAgent,50,50
14,607,FeatureAgent,50,50
14,608,FeatureAgent,50,50
14,609,FeatureAgent,50,50
14,610,FeatureAgent,50,50
14,611,FeatureAgent,50,50
14,612,FeatureAgent,50,50
14,613,FeatureAgent,50,50
14,614,FeatureAgent,50,50
14,615,FeatureAgent,50,50
14,616,FeatureAgent,50,50
14,617,FeatureAgent,50,50
14,618,FeatureAgent,50,50
14,619,FeatureAgent,50,50
14,620,FeatureAgent,50,50
14,621,FeatureAgent,50,50
14,622,FeatureAgent,50,50
14,623,FeatureAgent,50,50
14,624,FeatureAgent,50,50
14,625,FeatureAgent,50,50
14,626,FeatureAgent,50,50
14,627,FeatureAgent,50,50
14,628,FeatureAgent,50,50
14,629,FeatureAgent,50,50
14,630,FeatureAgent,50,50
14,631,FeatureAgent,50,50
14,632,FeatureAgent,50,50
14,633,FeatureAgent,50,50
14,634,FeatureAgent,50,50
14,635,FeatureAgent,50,50
14,636,FeatureAgent,50,50
14,637,FeatureAgent,50,50
14,638,FeatureAgent,50,50
14,639,FeatureAgent,50,50
14,640,FeatureAgent,50,50
14,641,FeatureAgent,50,50
14,642,FeatureAgent,50,50
14,643,FeatureAgent,50,50
14,644,FeatureAgent,50,50
14,645,FeatureAgent,50,50
14,646,FeatureAgent,50,50
14,647,FeatureAgent,50,50
14,648,FeatureAgent,50,50
14,649,FeatureAgent,50,50
14,650,FeatureAgent,50,50
14,651,FeatureAgent,50,50
14,652,FeatureAgent,50,50
14,653,FeatureAgent,50,50
14,654,FeatureAgent,50,50
14,655,FeatureAgent,50,50
14,656,FeatureAgent,50,50
14,657,FeatureAgent,50,50
14,658,FeatureAgent,50,50
14,659,FeatureAgent,50,50
14,660,FeatureAgent,50,50
14,661,FeatureAgent,50,50
14,662,FeatureAgent,18,-33
14,663,FeatureAgent,50,50
14,664,FeatureAgent,50,50
14,665,FeatureAgent,50,50
14,666,FeatureAgent,50,50
14,667,FeatureAgent,50,50
14,668,FeatureAgent,50,50
14,669,FeatureAgent,50,50
14,670,FeatureAgent,50,50
14,671,FeatureAgent,50,50
14,672,FeatureAgent,50,50
14,673,FeatureAgent,50,50
14,674,FeatureAgent,44,-7
14,675,FeatureAgent,50,50
14,676,FeatureAgent,50,50
14,677,FeatureAgent,50,50
14,678,FeatureAgent,50,50
14,679,FeatureAgent,50,50
14,680,FeatureAgent,50,50
14,681,FeatureAgent,50,50
14,682,FeatureAgent,50,-1
14,683,FeatureAgent,50,50
14,684,FeatureAgent,50,50
14,685,FeatureAgent,50,50
14,686,FeatureAgent,50,50
14,687,FeatureAgent,50,50
14,688,FeatureAgent,50,50
14,689,FeatureAgent,50,50
14,690,FeatureAgent,50,50
14,691,FeatureAgent,50,50
14,692,FeatureAgent,50,50
14,693,FeatureAgent,50,50
14,694,FeatureAgent,50,50
14,695,FeatureAgent,50,50
14,696,FeatureAgent,50,50
14,697,FeatureAgent,50,50
14,698,FeatureAgent,50,50
14,699,FeatureAgent,50,50
14,700,FeatureAgent,50,50
14,701,FeatureAgent,50,50
14,702,FeatureAgent,50,50
14,703,FeatureAgent,50,50
14,704,FeatureAgent,50,50
14,705,FeatureAgent,50,50
14,706,FeatureAgent,50,50
14,707,FeatureAgent,50,50
14,708,FeatureAgent,50,50
14,709,FeatureAgent,50,50
14,710,FeatureAgent,50,50
14,711,FeatureAgent,50,50
14,712,FeatureAgent,50,50
14,713,FeatureAgent,50,50
14,714,FeatureAgent,50,50
14,715,FeatureAgent,50,50
14,716,FeatureAgent,50,50
14,717,FeatureAgent,50,50
14,718,FeatureAgent,50,50
14,719,FeatureAgent,50,50
14,720,FeatureAgent,50,50
14,721,FeatureAgent,50,50
14,722,FeatureAgent,50,50
14,723,FeatureAgent,50,50
14,724,FeatureAgent,50,50
14,725,FeatureAgent,50,50
14,726,FeatureAgent,50,50
14,727,FeatureAgent,50,50
14,728,FeatureAgent,50,50
14,729,FeatureAgent,50,50
14,730,FeatureAgent,50,50
14,731,FeatureAgent,50,50
14,732,FeatureAgent,50,50
14,733,FeatureAgent,50,50
14,734,FeatureAgent,50,50
14,735,FeatureAgent,50,50
14,736,FeatureAgent,50,50
14,737,FeatureAgent,50,50
14,738,FeatureAgent,50,50
14,739,FeatureAgent,50,50
14,740,FeatureAgent,50,50
14,741,FeatureAgent,50,50
14,742,FeatureAgent,50,50
14,743,FeatureAgent,50,50
14,744,FeatureAgent,50,50
14,745,FeatureAgent,50,50
14,746,FeatureAgent,50,50
14,747,FeatureAgent,50,50
14,748,FeatureAgent,50,50
14,749,FeatureAgent,50,50
14,750,FeatureAgent,50,50
14,751,FeatureAgent,50,50
14,752,FeatureAgent,50,50
14,753,FeatureAgent,50,50
14,754,FeatureAgent,50,50
14,755,FeatureAgent,50,50
14,756,FeatureAgent,50,50
14,757,FeatureAgent,50,50
14,758,FeatureAgent,50,50
14,759,FeatureAgent,50,50
14,760,FeatureAgent,50,50
14,761,FeatureAgent,50,50
14,762,FeatureAgent,50,50
14,763,FeatureAgent,50,50
14,764,FeatureAgent,50,50
14,765,FeatureAgent,50,50
14,766,FeatureAgent,50,50
14,767,FeatureAgent,50,50
14,768,FeatureAgent,50,50
14,769,FeatureAgent,50,50
14,770,FeatureAgent,50,-1
14,771,FeatureAgent,50,50
14,772,FeatureAgent,50,50
14,773,FeatureAgent,50,50
14,774,FeatureAgent,50,50
14,775,FeatureAgent,50,50
14,776,FeatureAgent,50,50
14,777,FeatureAgent,50,50
14,778,FeatureAgent,50,50
14,779,FeatureAgent,50,50
14,780,FeatureAgent,50,50
14,781,FeatureAgent,50,50
14,782,FeatureAgent,50,50
14,783,FeatureAgent,50,50
14,784,FeatureAgent,50,50
14,785,FeatureAgent,50,50
14,786,FeatureAgent,50,50
14,787,FeatureAgent,50,50
14,788,FeatureAgent,50,50
14,789,FeatureAgent,50,50
14,790,FeatureAgent,50,50
14,791,FeatureAgent,50,50
14,792,FeatureAgent,50,50
14,793,FeatureAgent,50,50
14,794,FeatureAgent,50,50
14,795,FeatureAgent,50,50
14,796,FeatureAgent,50,50
14,797,FeatureAgent,50,50
14,798,FeatureAgent,50,50
14,799,FeatureAgent,50,50
14,800,FeatureAgent,50,50
14,801,FeatureAgent,50,50
14,802,FeatureAgent,50,50
14,803,FeatureAgent,50,50
14,804,FeatureAgent,50,50
14,805,FeatureAgent,50,50
14,806,FeatureAgent,50,50
14,807,FeatureAgent,50,50
14,808,FeatureAgent,50,50
14,809,FeatureAgent,50,50
14,810,FeatureAgent,50,50
14,811,FeatureAgent,50,50
14,812,FeatureAgent,50,50
14,813,FeatureAgent,50,50
14,814,FeatureAgent,50,50
14,815,FeatureAgent,50,50
14,816,FeatureAgent,50,50
14,817,FeatureAgent,50,50
14,818,FeatureAgent,50,50
14,819,FeatureAgent,50,50
14,820,FeatureAgent,50,50
14,821,FeatureAgent,50,50
14,822,FeatureAgent,50,50
14,823,FeatureAgent,50,50
14,824,FeatureAgent,50,50
14,825,FeatureAgent,50,50
14,826,FeatureAgent,50,50
14,827,FeatureAgent,50,50
14,828,FeatureAgent,50,50
14,829,FeatureAgent,50,50
14,830,FeatureAgent,50,50
14,831,FeatureAgent,50,50
14,832,FeatureAgent,50,50
14,833,FeatureAgent,50,50
14,834,FeatureAgent,50,50
14,835,FeatureAgent,50,50
14,836,FeatureAgent,50,50
14,837,FeatureAgent,50,50
14,838,FeatureAgent,50,50
14,839,FeatureAgent,50,50
14,840,FeatureAgent,50,50
14,841,FeatureAgent,50,50
14,842,FeatureAgent,50,50
14,843,FeatureAgent,50,50
14,844,FeatureAgent,50,50
14,845,FeatureAgent,50,50
14,846,FeatureAgent,50,50
14,847,FeatureAgent,50,50
14,848,FeatureAgent,50,50
14,849,FeatureAgent,50,50
14,850,FeatureAgent,50,50
14,851,FeatureAgent,50,50
14,852,FeatureAgent,50,50
14,853,FeatureAgent,50,50
14,854,FeatureAgent,50,50
14,855,FeatureAgent,50,50
14,856,FeatureAgent,50,50
14,857,FeatureAgent,50,50
14,858,FeatureAgent,50,50
14,859,FeatureAgent,50,50
14,860,FeatureAgent,50,50
14,861,FeatureAgent,50,50
14,862,FeatureAgent,50,-1
14,863,FeatureAgent,50,50
14,864,FeatureAgent,50,50
14,865,FeatureAgent,50,50
14,866,FeatureAgent,50,50
14,867,FeatureAgent,50,50
14,868,FeatureAgent,50,50
14,869,FeatureAgent,50,50
14,870,FeatureAgent,50,-1
14,871,FeatureAgent,50,-1
14,872,FeatureAgent,50,50
14,873,FeatureAgent,50,50
14,874,FeatureAgent,50,50
14,875,FeatureAgent,50,50
14,876,FeatureAgent,50,50
14,877,FeatureAgent,50,50
14,878,FeatureAgent,34,-17
14,879,FeatureAgent,50,50
14,880,FeatureAgent,50,50
14,881,FeatureAgent,50,50
14,882,FeatureAgent,50,50
14,883,FeatureAgent,50,50
14,884,FeatureAgent,50,50
14,885,FeatureAgent,50,50
14,886,FeatureAgent,50,50
14,887,FeatureAgent,50,50
14,888,FeatureAgent,50,50
14,889,FeatureAgent,50,-1
14,890,FeatureAgent,50,50
14,891,FeatureAgent,50,50
14,892,FeatureAgent,50,50
14,893,FeatureAgent,50,50
14,894,FeatureAgent,50,50
14,895,FeatureAgent,50,50
14,896,FeatureAgent,50,50
14,897,FeatureAgent,50,50
14,898,FeatureAgent,50,50
14,899,FeatureAgent,50,50
14,900,FeatureAgent,50,50
14,901,FeatureAgent,50,50
14,902,FeatureAgent,50,50
14,903,FeatureAgent,50,50
14,904,FeatureAgent,50,50
14,905,FeatureAgent,50,50
14,906,FeatureAgent,50,50
14,907,FeatureAgent,50,-1
14,908,FeatureAgent,50,50
14,909,FeatureAgent,50,50
14,910,FeatureAgent,50,50
14,911,FeatureAgent,50,50
14,912,FeatureAgent,50,50
14,913,FeatureAgent,50,50
14,914,FeatureAgent,50,50
14,915,FeatureAgent,50,50
14,916,FeatureAgent,50,50
14,917,FeatureAgent,50,50
14,918,FeatureAgent,50,50
14,919,FeatureAgent,50,50
14,920,FeatureAgent,50,50
14,921,FeatureAgent,50,50
14,922,FeatureAgent,50,50
14,923,FeatureAgent,50,50
14,924,FeatureAgent,50,50
14,925,FeatureAgent,50,50
14,926,FeatureAgent,50,50
14,927,FeatureAgent,50,50
14,928,FeatureAgent,50,50
14,929,FeatureAgent,50,50
14,930,FeatureAgent,50,50
14,931,FeatureAgent,50,50
14,932,FeatureAgent,50,50
14,933,FeatureAgent,50,50
14,934,FeatureAgent,50,50
14,935,FeatureAgent,50,50
14,936,FeatureAgent,50,50
14,937,FeatureAgent,50,50
14,938,FeatureAgent,50,50
14,939,FeatureAgent,49,-2
14,940,FeatureAgent,50,50
14,941,FeatureAgent,50,50
14,942,FeatureAgent,50,50
14,943,FeatureAgent,50,50
14,944,FeatureAgent,50,50
14,945,FeatureAgent,50,50
14,946,FeatureAgent,50,50
14,947,FeatureAgent,50,50
14,948,FeatureAgent,50,50
14,949,FeatureAgent,50,50
14,950,FeatureAgent,50,50
14,951,FeatureAgent,50,50
14,952,FeatureAgent,50,50
14,953,FeatureAgent,50,50
14,954,FeatureAgent,50,50
14,955,FeatureAgent,50,-1
14,956,FeatureAgent,50,50
14,957,FeatureAgent,50,50
14,958,FeatureAgent,50,50
14,959,FeatureAgent,50,50
14,960,FeatureAgent,50,50
14,961,FeatureAgent,50,50
14,962,FeatureAgent,50,50
14,963,FeatureAgent,50,50
14,964,FeatureAgent,50,50
14,965,FeatureAgent,50,50
14,966,FeatureAgent,50,50
14,967,FeatureAgent,50,50
14,968,FeatureAgent,50,50
14,969,FeatureAgent,50,50
14,970,FeatureAgent,50,50
14,971,FeatureAgent,50,50
14,972,FeatureAgent,50,50
14,973,FeatureAgent,50,50
14,974,FeatureAgent,50,50
14,975,FeatureAgent,50,50
14,976,FeatureAgent,50,50
14,977,FeatureAgent,50,50
14,978,FeatureAgent,50,50
14,979,FeatureAgent,50,50
14,980,FeatureAgent,50,50
14,981,FeatureAgent,50,50
14,982,FeatureAgent,50,50
14,983,FeatureAgent,50,50
14,984,FeatureAgent,50,50
14,985,FeatureAgent,50,50
14,986,FeatureAgent,50,50
14,987,FeatureAgent,50,50
14,988,FeatureAgent,50,50
14,989,FeatureAgent,50,50
14,990,FeatureAgent,50,50
14,991,FeatureAgent,50,50
14,992,FeatureAgent,50,50
14,993,FeatureAgent,50,50
14,994,FeatureAgent,50,50
14,995,FeatureAgent,50,50
14,996,FeatureAgent,50,50
14,997,FeatureAgent,50,50
14,998,FeatureAgent,50,50
14,999,FeatureAgent,50,50
14,1000,FeatureAgent,50,-1
15,1,FeatureAgent,1,1
15,2,FeatureAgent,1,1
15,3,FeatureAgent,1,1
15,4,FeatureAgent,1,1
15,5,FeatureAgent,1,1
15,6,FeatureAgent,1,1
15,7,FeatureAgent,1,1
15,8,FeatureAgent,1,1
15,9,FeatureAgent,1,1
15,10,FeatureAgent,22,22
15,11,FeatureAgent,3,3
15,12,FeatureAgent,3,3
15,13,FeatureAgent,2,2
15,14,FeatureAgent,13,13
15,15,FeatureAgent,1,1
15,16,FeatureAgent,6,6
15,17,FeatureAgent,16,16
15,18,FeatureAgent,11,11
15,19,FeatureAgent,1,1
15,20,FeatureAgent,39,-12
15,21,FeatureAgent,4,4
15,22,FeatureAgent,2,2
15,23,FeatureAgent,13,13
15,24,FeatureAgent,2,2
15,25,FeatureAgent,1,1
15,26,FeatureAgent,1,1
15,27,FeatureAgent,1,1
15,28,FeatureAgent,1,1
15,29,FeatureAgent,2,2
15,30,FeatureAgent,2,2
15,31,FeatureAgent,2,2
15,32,FeatureAgent,1,1
15,33,FeatureAgent,1,1
15,34,FeatureAgent,1,1
15,35,FeatureAgent,2,2
15,36,FeatureAgent,1,1
15,37,FeatureAgent,3,3
15,38,FeatureAgent,1,1
15,39,FeatureAgent,1,1
15,40,FeatureAgent,1,1
15,41,FeatureAgent,1,1
15,42,FeatureAgent,6,6
15,43,FeatureAgent,1,1
15,44,FeatureAgent,8,8
15,45,FeatureAgent,4,4
15,46,FeatureAgent,1,1
15,47,FeatureAgent,50,50
15,48,FeatureAgent,50,50
15,49,FeatureAgent,50,50
15,50,FeatureAgent,50,50
15,51,FeatureAgent,50,50
15,52,FeatureAgent,50,50
15,53,FeatureAgent,50,50
15,54,FeatureAgent,50,50
15,55,FeatureAgent,50,50
15,56,FeatureAgent,16,-35
15,57,FeatureAgent,1,1
15,58,FeatureAgent,1,1
15,59,FeatureAgent,2,2
15,60,FeatureAgent,1,1
15,61,FeatureAgent,2,2
15,62,FeatureAgent,6,6
15,63,FeatureAgent,1,1
15,64,FeatureAgent,2,2
15,65,FeatureAgent,10,10
15,66,FeatureAgent,13,13
15,67,FeatureAgent,17,17
15,68,FeatureAgent,7,7
15,69,FeatureAgent,26,26
15,70,FeatureAgent,4,4
15,71,FeatureAgent,50,50
15,72,FeatureAgent,50,50
15,73,FeatureAgent,50,50
15,74,FeatureAgent,50,50
15,75,FeatureAgent,50,50
15,76,FeatureAgent,50,50
15,77,FeatureAgent,50,50
15,78,FeatureAgent,50,50
15,79,FeatureAgent,50,50
15,80,FeatureAgent,50,50
15,81,FeatureAgent,16,-35
15,82,FeatureAgent,4,4
15,83,FeatureAgent,2,2
15,84,FeatureAgent,1,1
15,85,FeatureAgent,5,5
15,86,FeatureAgent,2,2
15,87,FeatureAgent,1,1
15,88,FeatureAgent,1,1
15,89,FeatureAgent,2,2
15,90,FeatureAgent,1,1
15,91,FeatureAgent,6,6
15,92,FeatureAgent,13,13
15,93,FeatureAgent,11,11
15,94,FeatureAgent,4,4
15,95,FeatureAgent,50,50
15,96,FeatureAgent,50,50
15,97,FeatureAgent,50,50
15,98,FeatureAgent,50,50
15,99,FeatureAgent,50,50
15,100,FeatureAgent,50,50
15,101,FeatureAgent,50,50
15,102,FeatureAgent,9,-42
15,103,FeatureAgent,2,2
15,104,FeatureAgent,1,1
15,105,FeatureAgent,1,1
15,106,FeatureAgent,4,4
15,107,FeatureAgent,4,4
15,108,FeatureAgent,3,3
15,109,FeatureAgent,6,6
15,110,FeatureAgent,4,4
15,111,FeatureAgent,11,11
15,112,FeatureAgent,32,32
15,113,FeatureAgent,19,19
15,114,FeatureAgent,50,50
15,115,FeatureAgent,50,50
15,116,FeatureAgent,50,50
15,117,FeatureAgent,50,50
15,118,FeatureAgent,50,50
15,119,FeatureAgent,50,50
15,120,FeatureAgent,50,50
15,121,FeatureAgent,50,50
15,122,FeatureAgent,50,50
15,123,FeatureAgent,50,50
15,124,FeatureAgent,50,50
15,125,FeatureAgent,50,50
15,126,FeatureAgent,50,50
15,127,FeatureAgent,50,50
15,128,FeatureAgent,50,50
15,129,FeatureAgent,50,50
15,130,FeatureAgent,50,50
15,131,FeatureAgent,50,50
15,132,FeatureAgent,50,50
15,133,FeatureAgent,50,50
15,134,FeatureAgent,50,50
15,135,FeatureAgent,50,50
15,136,FeatureAgent,50,50
15,137,FeatureAgent,50,50
15,138,FeatureAgent,50,50
15,139,FeatureAgent,50,50
15,140,FeatureAgent,50,50
15,141,FeatureAgent,50,50
15,142,FeatureAgent,50,50
15,143,FeatureAgent,50,50
15,144,FeatureAgent,50,50
15,145,FeatureAgent,50,50
15,146,FeatureAgent,50,50
15,147,FeatureAgent,50,50
15,148,FeatureAgent,50,50
15,149,FeatureAgent,50,50
15,150,FeatureAgent,50,50
15,151,FeatureAgent,50,50
15,152,FeatureAgent,50,50
15,153,FeatureAgent,50,50
15,154,FeatureAgent,50,50
15,155,FeatureAgent,50,50
15,156,FeatureAgent,50,50
15,157,FeatureAgent,50,50
15,158,FeatureAgent,50,50
15,159,FeatureAgent,50,50
15,160,FeatureAgent,50,50
15,161,FeatureAgent,50,50
15,162,FeatureAgent,50,50
15,163,FeatureAgent,50,50
15,164,FeatureAgent,50,50
15,165,FeatureAgent,50,50
15,166,FeatureAgent,50,50
15,167,FeatureAgent,50,50
15,168,FeatureAgent,50,50
15,169,FeatureAgent,50,50
15,170,FeatureAgent,50,50
15,171,FeatureAgent,50,50
15,172,FeatureAgent,50,50
15,173,FeatureAgent,50,50
15,174,FeatureAgent,50,50
15,175,FeatureAgent,50,50
15,176,FeatureAgent,50,50
15,177,FeatureAgent,50,50
15,178,FeatureAgent,50,50
15,179,FeatureAgent,18,-33
15,180,FeatureAgent,14,14
15,181,FeatureAgent,50,50
15,182,FeatureAgent,45,45
15,183,FeatureAgent,50,50
15,184,FeatureAgent,50,50
15,185,FeatureAgent,50,50
15,186,FeatureAgent,50,50
15,187,FeatureAgent,50,50
15,188,FeatureAgent,50,50
15,189,FeatureAgent,50,50
15,190,FeatureAgent,50,50
15,191,FeatureAgent,50,50
15,192,FeatureAgent,50,50
15,193,FeatureAgent,50,50
15,194,FeatureAgent,50,50
15,195,FeatureAgent,50,50
15,196,FeatureAgent,50,50
15,197,FeatureAgent,50,50
15,198,FeatureAgent,27,-24
15,199,FeatureAgent,12,12
15,200,FeatureAgent,50,50
15,201,FeatureAgent,50,50
15,202,FeatureAgent,50,50
15,203,FeatureAgent,50,50
15,204,FeatureAgent,50,50
15,205,FeatureAgent,50,50
15,206,FeatureAgent,50,50
15,207,FeatureAgent,50,50
15,208,FeatureAgent,50,50
15,209,FeatureAgent,50,50
15,210,FeatureAgent,50,50
15,211,FeatureAgent,50,50
15,212,FeatureAgent,50,50
15,213,FeatureAgent,50,50
15,214,FeatureAgent,50,50
15,215,FeatureAgent,50,50
15,216,FeatureAgent,50,50
15,217,FeatureAgent,50,50
15,218,FeatureAgent,50,50
15,219,FeatureAgent,50,50
15,220,FeatureAgent,50,50
15,221,FeatureAgent,50,50
15,222,FeatureAgent,50,50
15,223,FeatureAgent,38,-13
15,224,FeatureAgent,50,50
15,225,FeatureAgent,10,10
15,226,FeatureAgent,50,50
15,227,FeatureAgent,50,50
15,228,FeatureAgent,50,50
15,229,FeatureAgent,50,-1
15,230,FeatureAgent,50,50
15,231,FeatureAgent,50,50
15,232,FeatureAgent,50,50
15,233,FeatureAgent,50,50
15,234,FeatureAgent,50,50
15,235,FeatureAgent,50,50
15,236,FeatureAgent,50,50
15,237,FeatureAgent,50,50
15,238,FeatureAgent,50,-1
15,239,FeatureAgent,10,10
15,240,FeatureAgent,50,50
15,241,FeatureAgent,50,50
15,242,FeatureAgent,50,50
15,243,FeatureAgent,50,50
15,244,FeatureAgent,50,50
15,245,FeatureAgent,50,50
15,246,FeatureAgent,50,50
15,247,FeatureAgent,50,50
15,248,FeatureAgent,50,50
15,249,FeatureAgent,50,50
15,250,FeatureAgent,50,50
15,251,FeatureAgent,50,50
15,252,FeatureAgent,35,-16
15,253,FeatureAgent,15,15
15,254,FeatureAgent,3,3
15,255,FeatureAgent,47,-4
15,256,FeatureAgent,18,18
15,257,FeatureAgent,4,4
15,258,FeatureAgent,7,7
15,259,FeatureAgent,6,6
15,260,FeatureAgent,6,6
15,261,FeatureAgent,6,6
15,262,FeatureAgent,50,50
15,263,FeatureAgent,50,50
15,264,FeatureAgent,50,50
15,265,FeatureAgent,37,-14
15,266,FeatureAgent,17,17
15,267,FeatureAgent,32,32
15,268,FeatureAgent,50,50
15,269,FeatureAgent,50,50
15,270,FeatureAgent,50,50
15,271,FeatureAgent,50,50
15,272,FeatureAgent,50,50
15,273,FeatureAgent,50,50
15,274,FeatureAgent,50,50
15,275,FeatureAgent,50,50
15,276,FeatureAgent,50,50
15,277,FeatureAgent,50,50
15,278,FeatureAgent,50,50
15,279,FeatureAgent,50,50
15,280,FeatureAgent,50,50
15,281,FeatureAgent,50,50
15,282,FeatureAgent,50,50
15,283,FeatureAgent,50,50
15,284,FeatureAgent,50,50
15,285,FeatureAgent,50,50
15,286,FeatureAgent,50,50
15,287,FeatureAgent,50,50
15,288,FeatureAgent,19,-32
15,289,FeatureAgent,50,50
15,290,FeatureAgent,50,50
15,291,FeatureAgent,50,50
15,292,FeatureAgent,50,50
15,293,FeatureAgent,50,50
15,294,FeatureAgent,50,50
15,295,FeatureAgent,50,50
15,296,FeatureAgent,50,50
15,297,FeatureAgent,50,50
15,298,FeatureAgent,50,50
15,299,FeatureAgent,50,50
15,300,FeatureAgent,50,50
15,301,FeatureAgent,50,50
15,302,FeatureAgent,50,50
15,303,FeatureAgent,50,50
15,304,FeatureAgent,50,50
15,305,FeatureAgent,50,50
15,306,FeatureAgent,18,-33
15,307,FeatureAgent,2,2
15,308,FeatureAgent,50,50
15,309,FeatureAgent,50,50
15,310,FeatureAgent,50,50
15,311,FeatureAgent,50,50
15,312,FeatureAgent,50,50
15,313,FeatureAgent,50,50
15,314,FeatureAgent,50,50
15,315,FeatureAgent,50,50
15,316,FeatureAgent,50,50
15,317,FeatureAgent,50,50
15,318,FeatureAgent,50,50
15,319,FeatureAgent,50,50
15,320,FeatureAgent,50,50
15,321,FeatureAgent,50,50
15,322,FeatureAgent,50,50
15,323,FeatureAgent,50,50
15,324,FeatureAgent,50,50
15,325,FeatureAgent,50,50
15,326,FeatureAgent,50,50
15,327,FeatureAgent,50,50
15,328,FeatureAgent,50,50
15,329,FeatureAgent,50,50
15,330,FeatureAgent,50,50
15,331,FeatureAgent,50,50
15,332,FeatureAgent,50,50
15,333,FeatureAgent,50,50
15,334,FeatureAgent,50,50
15,335,FeatureAgent,50,50
15,336,FeatureAgent,50,50
15,337,FeatureAgent,50,50
15,338,FeatureAgent,50,50
15,339,FeatureAgent,50,50
15,340,FeatureAgent,50,50
15,341,FeatureAgent,50,50
15,342,FeatureAgent,50,50
15,343,FeatureAgent,50,50
15,344,FeatureAgent,50,50
15,345,FeatureAgent,50,50
15,346,FeatureAgent,50,50
15,347,FeatureAgent,50,50
15,348,FeatureAgent,50,50
15,349,FeatureAgent,50,50
15,350,FeatureAgent,50,50
15,351,FeatureAgent,50,50
15,352,FeatureAgent,50,50
15,353,FeatureAgent,50,50
15,354,FeatureAgent,50,50
15,355,FeatureAgent,50,50
15,356,FeatureAgent,50,50
15,357,FeatureAgent,50,50
15,358,FeatureAgent,50,50
15,359,FeatureAgent,50,50
15,360,FeatureAgent,50,50
15,361,FeatureAgent,50,50
15,362,FeatureAgent,50,50
15,363,FeatureAgent,50,50
15,364,FeatureAgent,50,50
15,365,FeatureAgent,50,50
15,366,FeatureAgent,50,50
15,367,FeatureAgent,50,50
15,368,FeatureAgent,50,50
15,369,FeatureAgent,50,50
15,370,FeatureAgent,50,50
15,371,FeatureAgent,50,50
15,372,FeatureAgent,50,50
15,373,FeatureAgent,50,50
15,374,FeatureAgent,50,50
15,375,FeatureAgent,50,50
15,376,FeatureAgent,50,50
15,377,FeatureAgent,50,50
15,378,FeatureAgent,50,50
15,379,FeatureAgent,50,50
15,380,FeatureAgent,50,50
15,381,FeatureAgent,50,-1
15,382,FeatureAgent,50,50
15,383,FeatureAgent,50,50
15,384,FeatureAgent,50,50
15,385,FeatureAgent,50,50
15,386,FeatureAgent,50,50
15,387,FeatureAgent,50,-1
15,388,FeatureAgent,50,50
15,389,FeatureAgent,20,20
15,390,FeatureAgent,50,50
15,391,FeatureAgent,50,50
15,392,FeatureAgent,50,50
15,393,FeatureAgent,50,50
15,394,FeatureAgent,50,50
15,395,FeatureAgent,50,50
15,396,FeatureAgent,50,50
15,397,FeatureAgent,50,50
15,398,FeatureAgent,50,50
15,399,FeatureAgent,50,50
15,400,FeatureAgent,50,50
15,401,FeatureAgent,50,50
15,402,FeatureAgent,50,50
15,403,FeatureAgent,50,50
15,404,FeatureAgent,50,50
15,405,FeatureAgent,50,50
15,406,FeatureAgent,50,50
15,407,FeatureAgent,50,50
15,408,FeatureAgent,50,-1
15,409,FeatureAgent,50,50
15,410,FeatureAgent,50,50
15,411,FeatureAgent,50,50
15,412,FeatureAgent,50,50
15,413,FeatureAgent,50,50
15,414,FeatureAgent,50,50
15,415,FeatureAgent,50,50
15,416,FeatureAgent,50,-1
15,417,FeatureAgent,50,50
15,418,FeatureAgent,50,50
15,419,FeatureAgent,50,50
15,420,FeatureAgent,50,50
15,421,FeatureAgent,50,50
15,422,FeatureAgent,50,50
15,423,FeatureAgent,50,50
15,424,FeatureAgent,50,50
15,425,FeatureAgent,50,50
15,426,FeatureAgent,50,50
15,427,FeatureAgent,50,50
15,428,FeatureAgent,50,50
15,429,FeatureAgent,50,50
15,430,FeatureAgent,50,50
15,431,FeatureAgent,50,50
15,432,FeatureAgent,50,50
15,433,FeatureAgent,50,50
15,434,FeatureAgent,50,50
15,435,FeatureAgent,50,50
15,436,FeatureAgent,50,50
15,437,FeatureAgent,50,50
15,438,FeatureAgent,50,50
15,439,FeatureAgent,50,50
15,440,FeatureAgent,50,50
15,441,FeatureAgent,50,50
15,442,FeatureAgent,50,50
15,443,FeatureAgent,50,50
15,444,FeatureAgent,50,50
15,445,FeatureAgent,50,50
15,446,FeatureAgent,50,50
15,447,FeatureAgent,50,50
15,448,FeatureAgent,50,50
15,449,FeatureAgent,50,50
15,450,FeatureAgent,50,50
15,451,FeatureAgent,50,50
15,452,FeatureAgent,50,50
15,453,FeatureAgent,50,50
15,454,FeatureAgent,50,50
15,455,FeatureAgent,50,50
15,456,FeatureAgent,50,-1
15,457,FeatureAgent,50,50
15,458,FeatureAgent,50,50
15,459,FeatureAgent,50,50
15,460,FeatureAgent,50,50
15,461,FeatureAgent,50,50
15,462,FeatureAgent,50,-1
15,463,FeatureAgent,50,50
15,464,FeatureAgent,50,50
15,465,FeatureAgent,50,50
15,466,FeatureAgent,50,50
15,467,FeatureAgent,50,50
15,468,FeatureAgent,50,50
15,469,FeatureAgent,50,50
15,470,FeatureAgent,50,50
15,471,FeatureAgent,50,50
15,472,FeatureAgent,50,50
15,473,FeatureAgent,50,50
15,474,FeatureAgent,50,50
15,475,FeatureAgent,50,50
15,476,FeatureAgent,50,50
15,477,FeatureAgent,50,50
15,478,FeatureAgent,50,50
15,479,FeatureAgent,50,50
15,480,FeatureAgent,50,50
15,481,FeatureAgent,50,50
15,482,FeatureAgent,50,-1
15,483,FeatureAgent,50,50
15,484,FeatureAgent,50,50
15,485,FeatureAgent,50,50
15,486,FeatureAgent,50,50
15,487,FeatureAgent,50,50
15,488,FeatureAgent,50,50
15,489,FeatureAgent,50,-1
15,490,FeatureAgent,50,50
15,491,FeatureAgent,50,50
15,492,FeatureAgent,50,50
15,493,FeatureAgent,50,50
15,494,FeatureAgent,50,50
15,495,FeatureAgent,50,50
15,496,FeatureAgent,50,50
15,497,FeatureAgent,50,50
15,498,FeatureAgent,50,50
15,499,FeatureAgent,50,50
15,500,FeatureAgent,50,50
15,501,FeatureAgent,50,50
15,502,FeatureAgent,50,50
15,503,FeatureAgent,50,50
15,504,FeatureAgent,50,50
15,505,FeatureAgent,50,50
15,506,FeatureAgent,50,50
15,507,FeatureAgent,50,50
15,508,FeatureAgent,50,50
15,509,FeatureAgent,50,50
15,510,FeatureAgent,50,50
15,511,FeatureAgent,50,50
15,512,FeatureAgent,50,50
15,513,FeatureAgent,50,50
15,514,FeatureAgent,50,50
15,515,FeatureAgent,50,50
15,516,FeatureAgent,50,50
15,517,FeatureAgent,50,50
15,518,FeatureAgent,50,50
15,519,FeatureAgent,50,50
15,520,FeatureAgent,50,50
15,521,FeatureAgent,50,50
15,522,FeatureAgent,50,50
15,523,FeatureAgent,50,50
15,524,FeatureAgent,50,50
15,525,FeatureAgent,50,-1
15,526,FeatureAgent,50,-1
15,527,FeatureAgent,17,17
15,528,FeatureAgent,50,50
15,529,FeatureAgent,50,50
15,530,FeatureAgent,50,50
15,531,FeatureAgent,50,50
15,532,FeatureAgent,50,50
15,533,FeatureAgent,50,50
15,534,FeatureAgent,50,50
15,535,FeatureAgent,50,50
15,536,FeatureAgent,50,50
15,537,FeatureAgent,50,50
15,538,FeatureAgent,50,50
15,539,FeatureAgent,50,50
15,540,FeatureAgent,50,50
15,541,FeatureAgent,50,50
15,542,FeatureAgent,50,50
15,543,FeatureAgent,50,50
15,544,FeatureAgent,50,50
15,545,FeatureAgent,50,50
15,546,FeatureAgent,50,50
15,547,FeatureAgent,50,50
15,548,FeatureAgent,50,50
15,549,FeatureAgent,50,50
15,550,FeatureAgent,50,50
15,551,FeatureAgent,50,50
15,552,FeatureAgent,50,50
15,553,FeatureAgent,50,50
15,554,FeatureAgent,50,50
15,555,FeatureAgent,50,50
15,556,FeatureAgent,50,50
15,557,FeatureAgent,50,50
15,558,FeatureAgent,50,50
15,559,FeatureAgent,50,50
15,560,FeatureAgent,50,50
15,561,FeatureAgent,50,50
15,562,FeatureAgent,50,50
15,563,FeatureAgent,50,50
15,564,FeatureAgent,50,50
15,565,FeatureAgent,50,50
15,566,FeatureAgent,50,50
15,567,FeatureAgent,50,50
15,568,FeatureAgent,50,50
15,569,FeatureAgent,50,50
15,570,FeatureAgent,50,50
15,571,FeatureAgent,50,50
15,572,FeatureAgent,50,50
15,573,FeatureAgent,50,50
15,574,FeatureAgent,50,50
15,575,FeatureAgent,50,50
15,576,FeatureAgent,50,50
15,577,FeatureAgent,50,50
15,578,FeatureAgent,50,50
15,579,FeatureAgent,50,50
15,580,FeatureAgent,50,50
15,581,FeatureAgent,50,50
15,582,FeatureAgent,50,50
15,583,FeatureAgent,50,50
15,584,FeatureAgent,50,50
15,585,FeatureAgent,50,50
15,586,FeatureAgent,50,50
15,587,FeatureAgent,50,50
15,588,FeatureAgent,50,50
15,589,FeatureAgent,50,50
15,590,FeatureAgent,50,50
15,591,FeatureAgent,50,50
15,592,FeatureAgent,50,50
15,593,FeatureAgent,50,50
15,594,FeatureAgent,50,50
15,595,FeatureAgent,50,50
15,596,FeatureAgent,50,50
15,597,FeatureAgent,50,50
15,598,FeatureAgent,50,50
15,599,FeatureAgent,50,50
15,600,FeatureAgent,50,50
15,601,FeatureAgent,50,50
15,602,FeatureAgent,50,50
15,603,FeatureAgent,50,50
15,604,FeatureAgent,50,50
15,605,FeatureAgent,50,50
15,606,FeatureAgent,50,50
15,607,FeatureAgent,50,50
15,608,FeatureAgent,50,50
15,609,FeatureAgent,50,50
15,610,FeatureAgent,50,50
15,611,FeatureAgent,50,50
15,612,FeatureAgent,50,50
15,613,FeatureAgent,50,50
15,614,FeatureAgent,50,50
15,615,FeatureAgent,50,50
15,616,FeatureAgent,50,50
15,617,FeatureAgent,50,50
15,618,FeatureAgent,50,50
15,619,FeatureAgent,50,50
15,620,FeatureAgent,50,50
15,621,FeatureAgent,50,50
15,622,FeatureAgent,50,50
15,623,FeatureAgent,50,50
15,624,FeatureAgent,50,50
15,625,FeatureAgent,50,50
15,626,FeatureAgent,50,50
15,627,FeatureAgent,50,50
15,628,FeatureAgent,50,50
15,629,FeatureAgent,50,50
15,630,FeatureAgent,50,50
15,631,FeatureAgent,50,50
15,632,FeatureAgent,50,50
15,633,FeatureAgent,50,50
15,634,FeatureAgent,50,50
15,635,FeatureAgent,50,50
15,636,FeatureAgent,50,50
15,637,FeatureAgent,50,50
15,638,FeatureAgent,50,50
15,639,FeatureAgent,50,50
15,640,FeatureAgent,50,50
15,641,FeatureAgent,50,50
15,642,FeatureAgent,50,50
15,643,FeatureAgent,50,50
15,644,FeatureAgent,50,50
15,645,FeatureAgent,50,-1
15,646,FeatureAgent,50,50
15,647,FeatureAgent,50,50
15,648,FeatureAgent,50,50
15,649,FeatureAgent,50,50
15,650,FeatureAgent,50,50
15,651,FeatureAgent,50,50
15,652,FeatureAgent,50,50
15,653,FeatureAgent,50,50
15,654,FeatureAgent,50,50
15,655,FeatureAgent,50,50
15,656,FeatureAgent,50,50
15,657,FeatureAgent,50,50
15,658,FeatureAgent,50,50
15,659,FeatureAgent,50,50
15,660,FeatureAgent,42,-9
15,661,FeatureAgent,50,50
15,662,FeatureAgent,50,50
15,663,FeatureAgent,50,50
15,664,FeatureAgent,50,50
15,665,FeatureAgent,48,-3
15,666,FeatureAgent,50,50
15,667,FeatureAgent,50,50
15,668,FeatureAgent,50,50
15,669,FeatureAgent,50,50
15,670,FeatureAgent,50,50
15,671,FeatureAgent,50,50
15,672,FeatureAgent,50,50
15,673,FeatureAgent,50,50
15,674,FeatureAgent,50,50
15,675,FeatureAgent,50,50
15,676,FeatureAgent,50,50
15,677,FeatureAgent,8,-43
15,678,FeatureAgent,50,50
15,679,FeatureAgent,50,50
15,680,FeatureAgent,50,50
15,681,FeatureAgent,50,50
15,682,FeatureAgent,50,50
15,683,FeatureAgent,50,50
15,684,FeatureAgent,50,50
15,685,FeatureAgent,50,50
15,686,FeatureAgent,50,50
15,687,FeatureAgent,50,50
15,688,FeatureAgent,50,50
15,689,FeatureAgent,50,50
15,690,FeatureAgent,50,50
15,691,FeatureAgent,50,50
15,692,FeatureAgent,50,50
15,693,FeatureAgent,50,50
15,694,FeatureAgent,50,50
15,695,FeatureAgent,21,-30
15,696,FeatureAgent,50,50
15,697,FeatureAgent,50,50
15,698,FeatureAgent,50,50
15,699,FeatureAgent,50,50
15,700,FeatureAgent,50,50
15,701,FeatureAgent,50,50
15,702,FeatureAgent,50,50
15,703,FeatureAgent,50,50
15,704,FeatureAgent,50,50
15,705,FeatureAgent,50,50
15,706,FeatureAgent,50,50
15,707,FeatureAgent,50,50
15,708,FeatureAgent,50,50
15,709,FeatureAgent,50,50
15,710,FeatureAgent,50,50
15,711,FeatureAgent,50,50
15,712,FeatureAgent,50,50
15,713,FeatureAgent,50,50
15,714,FeatureAgent,50,50
15,715,FeatureAgent,50,50
15,716,FeatureAgent,50,50
15,717,FeatureAgent,50,50
15,718,FeatureAgent,50,50
15,719,FeatureAgent,50,50
15,720,FeatureAgent,50,50
15,721,FeatureAgent,50,50
15,722,FeatureAgent,50,-1
15,723,FeatureAgent,50,50
15,724,FeatureAgent,50,50
15,725,FeatureAgent,50,50
15,726,FeatureAgent,50,50
15,727,FeatureAgent,50,50
15,728,FeatureAgent,50,50
15,729,FeatureAgent,50,50
15,730,FeatureAgent,50,50
15,731,FeatureAgent,50,50
15,732,FeatureAgent,50,50
15,733,FeatureAgent,50,50
15,734,FeatureAgent,50,50
15,735,FeatureAgent,50,50
15,736,FeatureAgent,50,50
15,737,FeatureAgent,50,50
15,738,FeatureAgent,50,50
15,739,FeatureAgent,50,50
15,740,FeatureAgent,50,50
15,741,FeatureAgent,50,50
15,742,FeatureAgent,50,50
15,743,FeatureAgent,50,50
15,744,FeatureAgent,50,50
15,745,FeatureAgent,50,50
15,746,FeatureAgent,50,50
15,747,FeatureAgent,50,50
15,748,FeatureAgent,50,50
15,749,FeatureAgent,50,50
15,750,FeatureAgent,50,50
15,751,FeatureAgent,50,50
15,752,FeatureAgent,50,50
15,753,FeatureAgent,50,50
15,754,FeatureAgent,50,50
15,755,FeatureAgent,50,50
15,756,FeatureAgent,50,50
15,757,FeatureAgent,50,50
15,758,FeatureAgent,50,50
15,759,FeatureAgent,50,50
15,760,FeatureAgent,50,50
15,761,FeatureAgent,50,50
15,762,FeatureAgent,50,50
15,763,FeatureAgent,50,50
15,764,FeatureAgent,50,50
15,765,FeatureAgent,50,50
15,766,FeatureAgent,50,50
15,767,FeatureAgent,50,50
15,768,FeatureAgent,50,50
15,769,FeatureAgent,50,50
15,770,FeatureAgent,50,50
15,771,FeatureAgent,50,50
15,772,FeatureAgent,50,50
15,773,FeatureAgent,50,50
15,774,FeatureAgent,50,50
15,775,FeatureAgent,50,50
15,776,FeatureAgent,50,-1
15,777,FeatureAgent,50,50
15,778,FeatureAgent,50,50
15,779,FeatureAgent,50,50
15,780,FeatureAgent,50,50
15,781,FeatureAgent,50,50
15,782,FeatureAgent,50,50
15,783,FeatureAgent,50,50
15,784,FeatureAgent,50,-1
15,785,FeatureAgent,50,50
15,786,FeatureAgent,50,50
15,787,FeatureAgent,50,50
15,788,FeatureAgent,50,50
15,789,FeatureAgent,50,50
15,790,FeatureAgent,50,50
15,791,FeatureAgent,50,-1
15,792,FeatureAgent,50,50
15,793,FeatureAgent,50,50
15,794,FeatureAgent,50,50
15,795,FeatureAgent,50,50
15,796,FeatureAgent,50,50
15,797,FeatureAgent,50,-1
15,798,FeatureAgent,50,50
15,799,FeatureAgent,50,50
15,800,FeatureAgent,50,50
15,801,FeatureAgent,50,50
15,802,FeatureAgent,50,50
15,803,FeatureAgent,50,50
15,804,FeatureAgent,50,50
15,805,FeatureAgent,50,50
15,806,FeatureAgent,50,50
15,807,FeatureAgent,50,-1
15,808,FeatureAgent,50,50
15,809,FeatureAgent,50,-1
15,810,FeatureAgent,50,50
15,811,FeatureAgent,50,50
15,812,FeatureAgent,50,50
15,813,FeatureAgent,50,50
15,814,FeatureAgent,50,50
15,815,FeatureAgent,50,50
15,816,FeatureAgent,50,50
15,817,FeatureAgent,50,50
15,818,FeatureAgent,50,50
15,819,FeatureAgent,50,50
15,820,FeatureAgent,50,50
15,821,FeatureAgent,50,50
15,822,FeatureAgent,50,50
15,823,FeatureAgent,50,50
15,824,FeatureAgent,50,50
15,825,FeatureAgent,50,50
15,826,FeatureAgent,50,50
15,827,FeatureAgent,50,50
15,828,FeatureAgent,50,50
15,829,FeatureAgent,50,50
15,830,FeatureAgent,50,50
15,831,FeatureAgent,50,50
15,832,FeatureAgent,50,50
15,833,FeatureAgent,50,50
15,834,FeatureAgent,50,50
15,835,FeatureAgent,50,50
15,836,FeatureAgent,50,50
15,837,FeatureAgent,50,50
15,838,FeatureAgent,50,50
15,839,FeatureAgent,50,50
15,840,FeatureAgent,50,50
15,841,FeatureAgent,50,-1
15,842,FeatureAgent,50,50
15,843,FeatureAgent,50,50
15,844,FeatureAgent,50,50
15,845,FeatureAgent,50,50
15,846,FeatureAgent,50,50
15,847,FeatureAgent,50,50
15,848,FeatureAgent,50,50
15,849,FeatureAgent,50,50
15,850,FeatureAgent,50,50
15,851,FeatureAgent,50,50
15,852,FeatureAgent,50,50
15,853,FeatureAgent,50,50
15,854,FeatureAgent,50,50
15,855,FeatureAgent,50,50
15,856,FeatureAgent,50,50
15,857,FeatureAgent,50,50
15,858,FeatureAgent,50,50
15,859,FeatureAgent,50,50
15,860,FeatureAgent,50,50
15,861,FeatureAgent,50,50
15,862,FeatureAgent,50,-1
15,863,FeatureAgent,50,50
15,864,FeatureAgent,50,50
15,865,FeatureAgent,50,50
15,866,FeatureAgent,50,50
15,867,FeatureAgent,50,50
15,868,FeatureAgent,50,50
15,869,FeatureAgent,50,50
15,870,FeatureAgent,50,50
15,871,FeatureAgent,50,50
15,872,FeatureAgent,50,50
15,873,FeatureAgent,50,50
15,874,FeatureAgent,50,50
15,875,FeatureAgent,50,50
15,876,FeatureAgent,50,50
15,877,FeatureAgent,50,50
15,878,FeatureAgent,50,50
15,879,FeatureAgent,50,50
15,880,FeatureAgent,50,50
15,881,FeatureAgent,50,50
15,882,FeatureAgent,50,50
15,883,FeatureAgent,50,50
15,884,FeatureAgent,50,50
15,885,FeatureAgent,50,50
15,886,FeatureAgent,50,50
15,887,FeatureAgent,50,50
15,888,FeatureAgent,50,50
15,889,FeatureAgent,50,50
15,890,FeatureAgent,50,50
15,891,FeatureAgent,50,50
15,892,FeatureAgent,50,50
15,893,FeatureAgent,50,50
15,894,FeatureAgent,50,50
15,895,FeatureAgent,50,50
15,896,FeatureAgent,50,50
15,897,FeatureAgent,50,50
15,898,FeatureAgent,50,50
15,899,FeatureAgent,50,50
15,900,FeatureAgent,50,50
15,901,FeatureAgent,50,50
15,902,FeatureAgent,50,50
15,903,FeatureAgent,50,50
15,904,FeatureAgent,50,50
15,905,FeatureAgent,50,50
15,906,FeatureAgent,50,50
15,907,FeatureAgent,50,50
15,908,FeatureAgent,50,50
15,909,FeatureAgent,50,50
15,910,FeatureAgent,50,50
15,911,FeatureAgent,50,50
15,912,FeatureAgent,50,50
15,913,FeatureAgent,50,50
15,914,FeatureAgent,50,50
15,915,FeatureAgent,50,50
15,916,FeatureAgent,50,50
15,917,FeatureAgent,50,50
15,918,FeatureAgent,50,50
15,919,FeatureAgent,50,50
15,920,FeatureAgent,50,50
15,921,FeatureAgent,50,50
15,922,FeatureAgent,50,50
15,923,FeatureAgent,50,50
15,924,FeatureAgent,50,50
15,925,FeatureAgent,50,50
15,926,FeatureAgent,50,50
15,927,FeatureAgent,50,50
15,928,FeatureAgent,50,50
15,929,FeatureAgent,50,50
15,930,FeatureAgent,50,50
15,931,FeatureAgent,50,50
15,932,FeatureAgent,50,50
15,933,FeatureAgent,50,-1
15,934,FeatureAgent,50,50
15,935,FeatureAgent,50,50
15,936,FeatureAgent,50,50
15,937,FeatureAgent,50,50
15,938,FeatureAgent,50,50
15,939,FeatureAgent,50,50
15,940,FeatureAgent,50,50
15,941,FeatureAgent,50,50
15,942,FeatureAgent,50,50
15,943,FeatureAgent,50,50
15,944,FeatureAgent,50,50
15,945,FeatureAgent,50,50
15,946,FeatureAgent,50,50
15,947,FeatureAgent,50,50
15,948,FeatureAgent,50,50
15,949,FeatureAgent,50,50
15,950,FeatureAgent,50,50
15,951,FeatureAgent,50,50
15,952,FeatureAgent,50,50
15,953,FeatureAgent,50,50
15,954,FeatureAgent,50,50
15,955,FeatureAgent,50,50
15,956,FeatureAgent,50,50
15,957,FeatureAgent,50,50
15,958,FeatureAgent,50,50
15,959,FeatureAgent,50,50
15,960,FeatureAgent,50,50
15,961,FeatureAgent,50,50
15,962,FeatureAgent,50,50
15,963,FeatureAgent,50,50
15,964,FeatureAgent,50,50
15,965,FeatureAgent,50,50
15,966,FeatureAgent,50,50
15,967,FeatureAgent,50,50
15,968,FeatureAgent,50,50
15,969,FeatureAgent,50,50
15,970,FeatureAgent,50,50
15,971,FeatureAgent,50,50
15,972,FeatureAgent,50,50
15,973,FeatureAgent,50,50
15,974,FeatureAgent,50,50
15,975,FeatureAgent,50,50
15,976,FeatureAgent,50,50
15,977,FeatureAgent,50,50
15,978,FeatureAgent,50,50
15,979,FeatureAgent,50,50
15,980,FeatureAgent,50,50
15,981,FeatureAgent,50,50
15,982,FeatureAgent,50,50
15,983,FeatureAgent,50,50
15,984,FeatureAgent,50,50
15,985,FeatureAgent,50,50
15,986,FeatureAgent,50,50
15,987,FeatureAgent,50,50
15,988,FeatureAgent,50,50
15,989,FeatureAgent,50,50
15,990,FeatureAgent,50,50
15,991,FeatureAgent,50,50
15,992,FeatureAgent,50,50
15,993,FeatureAgent,50,50
15,994,FeatureAgent,50,50
15,995,FeatureAgent,50,50
15,996,FeatureAgent,50,50
15,997,FeatureAgent,50,50
15,998,FeatureAgent,50,50
15,999,FeatureAgent,50,50
15,1000,FeatureAgent,50,50
16,1,FeatureAgent,2,2
16,2,FeatureAgent,36,-15
16,3,FeatureAgent,1,1
16,4,FeatureAgent,11,11
16,5,FeatureAgent,1,1
16,6,FeatureAgent,1,1
16,7,FeatureAgent,23,23
16,8,FeatureAgent,1,1
16,9,FeatureAgent,5,5
16,10,FeatureAgent,2,2
16,11,FeatureAgent,20,20
16,12,FeatureAgent,12,12
16,13,FeatureAgent,9,9
16,14,FeatureAgent,4,4
16,15,FeatureAgent,1,1
16,16,FeatureAgent,5,5
16,17,FeatureAgent,13,13
16,18,FeatureAgent,8,8
16,19,FeatureAgent,2,2
16,20,FeatureAgent,3,3
16,21,FeatureAgent,1,1
16,22,FeatureAgent,1,1
16,23,FeatureAgent,11,11
16,24,FeatureAgent,6,6
16,25,FeatureAgent,13,13
16,26,FeatureAgent,1,1
16,27,FeatureAgent,27,27
16,28,FeatureAgent,16,16
16,29,FeatureAgent,15,15
16,30,FeatureAgent,3,3
16,31,FeatureAgent,50,50
16,32,FeatureAgent,50,50
16,33,FeatureAgent,50,50
16,34,FeatureAgent,50,50
16,35,FeatureAgent,50,50
16,36,FeatureAgent,50,50
16,37,FeatureAgent,50,50
16,38,FeatureAgent,50,50
16,39,FeatureAgent,50,50
16,40,FeatureAgent,14,-37
16,41,FeatureAgent,1,1
16,42,FeatureAgent,1,1
16,43,FeatureAgent,2,2
16,44,FeatureAgent,1,1
16,45,FeatureAgent,1,1
16,46,FeatureAgent,1,1
16,47,FeatureAgent,1,1
16,48,FeatureAgent,1,1
16,49,FeatureAgent,1,1
16,50,FeatureAgent,1,1
16,51,FeatureAgent,1,1
16,52,FeatureAgent,1,1
16,53,FeatureAgent,3,3
16,54,FeatureAgent,3,3
16,55,FeatureAgent,6,6
16,56,FeatureAgent,7,7
16,57,FeatureAgent,9,9
16,58,FeatureAgent,50,50
16,59,FeatureAgent,50,50
16,60,FeatureAgent,50,50
16,61,FeatureAgent,50,50
16,62,FeatureAgent,50,50
16,63,FeatureAgent,50,50
16,64,FeatureAgent,50,50
16,65,FeatureAgent,50,50
16,66,FeatureAgent,50,50
16,67,FeatureAgent,50,50
16,68,FeatureAgent,50,50
16,69,FeatureAgent,50,50
16,70,FeatureAgent,50,50
16,71,FeatureAgent,22,-29
16,72,FeatureAgent,3,3
16,73,FeatureAgent,1,1
16,74,FeatureAgent,1,1
16,75,FeatureAgent,2,2
16,76,FeatureAgent,1,1
16,77,FeatureAgent,1,1
16,78,FeatureAgent,34,34
16,79,FeatureAgent,4,4
16,80,FeatureAgent,6,6
16,81,FeatureAgent,16,16
16,82,FeatureAgent,46,46
16,83,FeatureAgent,1,1
16,84,FeatureAgent,1,1
16,85,FeatureAgent,50,50
16,86,FeatureAgent,50,50
16,87,FeatureAgent,50,50
16,88,FeatureAgent,50,50
16,89,FeatureAgent,50,50
16,90,FeatureAgent,3,-48
16,91,FeatureAgent,1,1
16,92,FeatureAgent,2,2
16,93,FeatureAgent,1,1
16,94,FeatureAgent,1,1
16,95,FeatureAgent,1,1
16,96,FeatureAgent,2,2
16,97,FeatureAgent,5,5
16,98,FeatureAgent,7,7
16,99,FeatureAgent,1,1
16,100,FeatureAgent,45,45
16,101,FeatureAgent,2,2
16,102,FeatureAgent,19,19
16,103,FeatureAgent,50,50
16,104,FeatureAgent,45,-6
16,105,FeatureAgent,2,2
16,106,FeatureAgent,1,1
16,107,FeatureAgent,1,1
16,108,FeatureAgent,1,1
16,109,FeatureAgent,1,1
16,110,FeatureAgent,1,1
16,111,FeatureAgent,1,1
16,112,FeatureAgent,3,3
16,113,FeatureAgent,1,1
16,114,FeatureAgent,1,1
16,115,FeatureAgent,5,5
16,116,FeatureAgent,8,8
16,117,FeatureAgent,50,50
16,118,FeatureAgent,50,50
16,119,FeatureAgent,50,50
16,120,FeatureAgent,47,-4
16,121,FeatureAgent,1,1
16,122,FeatureAgent,1,1
16,123,FeatureAgent,1,1
16,124,FeatureAgent,3,3
16,125,FeatureAgent,3,3
16,126,FeatureAgent,7,7
16,127,FeatureAgent,4,4
16,128,FeatureAgent,4,4
16,129,FeatureAgent,2,2
16,130,FeatureAgent,4,4
16,131,FeatureAgent,50,50
16,132,FeatureAgent,35,35
16,133,FeatureAgent,50,50
16,134,FeatureAgent,50,50
16,135,FeatureAgent,50,50
16,136,FeatureAgent,50,50
16,137,FeatureAgent,50,50
16,138,FeatureAgent,50,50
16,139,FeatureAgent,35,-16
16,140,FeatureAgent,3,3
16,141,FeatureAgent,9,9
16,142,FeatureAgent,4,4
16,143,FeatureAgent,2,2
16,144,FeatureAgent,2,2
16,145,FeatureAgent,19,19
16,146,FeatureAgent,3,3
16,147,FeatureAgent,50,50
16,148,FeatureAgent,22,-29
16,149,FeatureAgent,50,50
16,150,FeatureAgent,50,50
16,151,FeatureAgent,50,50
16,152,FeatureAgent,50,50
16,153,FeatureAgent,50,50
16,154,FeatureAgent,50,50
16,155,FeatureAgent,50,50
16,156,FeatureAgent,50,50
16,157,FeatureAgent,50,50
16,158,FeatureAgent,50,50
16,159,FeatureAgent,50,50
16,160,FeatureAgent,50,50
16,161,FeatureAgent,50,50
16,162,FeatureAgent,50,50
16,163,FeatureAgent,50,50
16,164,FeatureAgent,50,50
16,165,FeatureAgent,35,-16
16,166,FeatureAgent,6,6
16,167,FeatureAgent,23,23
16,168,FeatureAgent,6,6
16,169,FeatureAgent,3,3
16,170,FeatureAgent,26,26
16,171,FeatureAgent,2,2
16,172,FeatureAgent,41,-10
16,173,FeatureAgent,50,50
16,174,FeatureAgent,50,50
16,175,FeatureAgent,50,50
16,176,FeatureAgent,50,50
16,177,FeatureAgent,50,50
16,178,FeatureAgent,50,50
16,179,FeatureAgent,50,50
16,180,FeatureAgent,50,50
16,181,FeatureAgent,50,50
16,182,FeatureAgent,50,50
16,183,FeatureAgent,50,50
16,184,FeatureAgent,50,50
16,185,FeatureAgent,50,50
16,186,FeatureAgent,50,50
16,187,FeatureAgent,50,50
16,188,FeatureAgent,50,50
16,189,FeatureAgent,50,50
16,190,FeatureAgent,50,50
16,191,FeatureAgent,50,50
16,192,FeatureAgent,50,50
16,193,FeatureAgent,50,50
16,194,FeatureAgent,50,50
16,195,FeatureAgent,50,50
16,196,FeatureAgent,50,50
16,197,FeatureAgent,50,50
16,198,FeatureAgent,50,50
16,199,FeatureAgent,50,50
16,200,FeatureAgent,50,50
16,201,FeatureAgent,50,50
16,202,FeatureAgent,50,50
16,203,FeatureAgent,50,50
16,204,FeatureAgent,50,50
16,205,FeatureAgent,50,50
16,206,FeatureAgent,50,50
16,207,FeatureAgent,50,50
16,208,FeatureAgent,50,50
16,209,FeatureAgent,50,50
16,210,FeatureAgent,50,50
16,211,FeatureAgent,50,50
16,212,FeatureAgent,50,50
16,213,FeatureAgent,50,50
16,214,FeatureAgent,50,50
16,215,FeatureAgent,50,50
16,216,FeatureAgent,50,50
16,217,FeatureAgent,50,50
16,218,FeatureAgent,50,50
16,219,FeatureAgent,50,50
16,220,FeatureAgent,44,-7
16,221,FeatureAgent,1,1
16,222,FeatureAgent,1,1
16,223,FeatureAgent,50,50
16,224,FeatureAgent,50,50
16,225,FeatureAgent,47,-4
16,226,FeatureAgent,50,50
16,227,FeatureAgent,50,50
16,228,FeatureAgent,50,50
16,229,FeatureAgent,50,50
16,230,FeatureAgent,50,50
16,231,FeatureAgent,50,50
16,232,FeatureAgent,50,50
16,233,FeatureAgent,50,50
16,234,FeatureAgent,50,50
16,235,FeatureAgent,50,50
16,236,FeatureAgent,50,50
16,237,FeatureAgent,50,50
16,238,FeatureAgent,50,50
16,239,FeatureAgent,50,50
16,240,FeatureAgent,50,50
16,241,FeatureAgent,50,50
16,242,FeatureAgent,50,50
16,243,FeatureAgent,50,50
16,244,FeatureAgent,50,50
16,245,FeatureAgent,50,50
16,246,FeatureAgent,50,50
16,247,FeatureAgent,50,50
16,248,FeatureAgent,50,50
16,249,FeatureAgent,50,50
16,250,FeatureAgent,50,50
16,251,FeatureAgent,50,50
16,252,FeatureAgent,50,50
16,253,FeatureAgent,50,50
16,254,FeatureAgent,50,50
16,255,FeatureAgent,50,50
16,256,FeatureAgent,50,50
16,257,FeatureAgent,50,50
16,258,FeatureAgent,50,50
16,259,FeatureAgent,50,50
16,260,FeatureAgent,50,50
16,261,FeatureAgent,50,50
16,262,FeatureAgent,50,50
16,263,FeatureAgent,50,50
16,264,FeatureAgent,50,50
16,265,FeatureAgent,50,50
16,266,FeatureAgent,50,50
16,267,FeatureAgent,50,50
16,268,FeatureAgent,50,50
16,269,FeatureAgent,50,50
16,270,FeatureAgent,50,50
16,271,FeatureAgent,50,50
16,272,FeatureAgent,50,50
16,273,FeatureAgent,50,50
16,274,FeatureAgent,50,50
16,275,FeatureAgent,50,50
16,276,FeatureAgent,50,50
16,277,FeatureAgent,50,50
16,278,FeatureAgent,50,50
16,279,FeatureAgent,50,50
16,280,FeatureAgent,50,50
16,281,FeatureAgent,50,50
16,282,FeatureAgent,50,50
16,283,FeatureAgent,50,50
16,284,FeatureAgent,50,50
16,285,FeatureAgent,50,50
16,286,FeatureAgent,50,50
16,287,FeatureAgent,50,50
16,288,FeatureAgent,50,50
16,289,FeatureAgent,50,50
16,290,FeatureAgent,50,50
16,291,FeatureAgent,50,50
16,292,FeatureAgent,50,50
16,293,FeatureAgent,50,50
16,294,FeatureAgent,50,50
16,295,FeatureAgent,50,50
16,296,FeatureAgent,50,50
16,297,FeatureAgent,24,-27
16,298,FeatureAgent,24,24
16,299,FeatureAgent,50,50
16,300,FeatureAgent,50,50
16,301,FeatureAgent,50,50
16,302,FeatureAgent,50,50
16,303,FeatureAgent,50,50
16,304,FeatureAgent,50,50
16,305,FeatureAgent,50,50
16,306,FeatureAgent,50,50
16,307,FeatureAgent,50,50
16,308,FeatureAgent,50,50
16,309,FeatureAgent,50,50
16,310,FeatureAgent,50,50
16,311,FeatureAgent,50,50
16,312,FeatureAgent,25,-26
16,313,FeatureAgent,50,50
16,314,FeatureAgent,50,50
16,315,FeatureAgent,50,50
16,316,FeatureAgent,50,50
16,317,FeatureAgent,50,50
16,318,FeatureAgent,50,50
16,319,FeatureAgent,50,50
16,320,FeatureAgent,50,50
16,321,FeatureAgent,50,50
16,322,FeatureAgent,50,50
16,323,FeatureAgent,50,50
16,324,FeatureAgent,50,50
16,325,FeatureAgent,50,-1
16,326,FeatureAgent,16,-35
16,327,FeatureAgent,13,13
16,328,FeatureAgent,31,31
16,329,FeatureAgent,50,50
16,330,FeatureAgent,50,50
16,331,FeatureAgent,50,50
16,332,FeatureAgent,50,50
16,333,FeatureAgent,50,50
16,334,FeatureAgent,50,50
16,335,FeatureAgent,50,50
16,336,FeatureAgent,50,50
16,337,FeatureAgent,50,50
16,338,FeatureAgent,50,50
16,339,FeatureAgent,50,50
16,340,FeatureAgent,50,50
16,341,FeatureAgent,50,50
16,342,FeatureAgent,50,50
16,343,FeatureAgent,50,50
16,344,FeatureAgent,50,50
16,345,FeatureAgent,50,50
16,346,FeatureAgent,50,50
16,347,FeatureAgent,50,50
16,348,FeatureAgent,50,50
16,349,FeatureAgent,50,50
16,350,FeatureAgent,50,50
16,351,FeatureAgent,50,50
16,352,FeatureAgent,50,50
16,353,FeatureAgent,50,50
16,354,FeatureAgent,50,50
16,355,FeatureAgent,50,50
16,356,FeatureAgent,50,50
16,357,FeatureAgent,50,50
16,358,FeatureAgent,50,50
16,359,FeatureAgent,50,50
16,360,FeatureAgent,50,50
16,361,FeatureAgent,50,50
16,362,FeatureAgent,50,50
16,363,FeatureAgent,50,50
16,364,FeatureAgent,50,50
16,365,FeatureAgent,50,50
16,366,FeatureAgent,50,50
16,367,FeatureAgent,50,50
16,368,FeatureAgent,50,50
16,369,FeatureAgent,50,50
16,370,FeatureAgent,50,50
16,371,FeatureAgent,50,50
16,372,FeatureAgent,50,-1
16,373,FeatureAgent,50,50
16,374,FeatureAgent,50,50
16,375,FeatureAgent,50,50
16,376,FeatureAgent,50,50
16,377,FeatureAgent,50,50
16,378,FeatureAgent,50,-1
16,379,FeatureAgent,50,50
16,380,FeatureAgent,50,50
16,381,FeatureAgent,50,50
16,382,FeatureAgent,50,50
16,383,FeatureAgent,50,50
16,384,FeatureAgent,50,50
16,385,FeatureAgent,50,50
16,386,FeatureAgent,50,50
16,387,FeatureAgent,50,50
16,388,FeatureAgent,50,50
16,389,FeatureAgent,50,50
16,390,FeatureAgent,50,50
16,391,FeatureAgent,50,50
16,392,FeatureAgent,50,50
16,393,FeatureAgent,50,50
16,394,FeatureAgent,50,50
16,395,FeatureAgent,50,50
16,396,FeatureAgent,50,-1
16,397,FeatureAgent,50,50
16,398,FeatureAgent,50,50
16,399,FeatureAgent,50,50
16,400,FeatureAgent,50,50
16,401,FeatureAgent,50,50
16,402,FeatureAgent,50,50
16,403,FeatureAgent,50,50
16,404,FeatureAgent,50,50
16,405,FeatureAgent,50,50
16,406,FeatureAgent,50,50
16,407,FeatureAgent,26,-25
16,408,FeatureAgent,50,50
16,409,FeatureAgent,50,50
16,410,FeatureAgent,50,50
16,411,FeatureAgent,50,50
16,412,FeatureAgent,50,50
16,413,FeatureAgent,50,50
16,414,FeatureAgent,50,50
16,415,FeatureAgent,50,50
16,416,FeatureAgent,50,50
16,417,FeatureAgent,36,-15
16,418,FeatureAgent,50,50
16,419,FeatureAgent,50,50
16,420,FeatureAgent,50,50
16,421,FeatureAgent,50,50
16,422,FeatureAgent,50,50
16,423,FeatureAgent,50,50
16,424,FeatureAgent,50,50
16,425,FeatureAgent,50,50
16,426,FeatureAgent,50,50
16,427,FeatureAgent,50,50
16,428,FeatureAgent,50,50
16,429,FeatureAgent,50,50
16,430,FeatureAgent,50,50
16,431,FeatureAgent,50,50
16,432,FeatureAgent,50,50
16,433,FeatureAgent,50,50
16,434,FeatureAgent,50,50
16,435,FeatureAgent,50,50
16,436,FeatureAgent,50,50
16,437,FeatureAgent,23,-28
16,438,FeatureAgent,50,50
16,439,FeatureAgent,50,50
16,440,FeatureAgent,50,50
16,441,FeatureAgent,50,50
16,442,FeatureAgent,50,50
16,443,FeatureAgent,50,50
16,444,FeatureAgent,50,-1
16,445,FeatureAgent,46,-5
16,446,FeatureAgent,1,1
16,447,FeatureAgent,18,18
16,448,FeatureAgent,50,50
16,449,FeatureAgent,50,50
16,450,FeatureAgent,50,50
16,451,FeatureAgent,50,50
16,452,FeatureAgent,50,50
16,453,FeatureAgent,50,50
16,454,FeatureAgent,50,50
16,455,FeatureAgent,50,50
16,456,FeatureAgent,50,50
16,457,FeatureAgent,50,50
16,458,FeatureAgent,50,50
16,459,FeatureAgent,50,50
16,460,FeatureAgent,50,50
16,461,FeatureAgent,50,50
16,462,FeatureAgent,50,50
16,463,FeatureAgent,50,50
16,464,FeatureAgent,50,50
16,465,FeatureAgent,50,50
16,466,FeatureAgent,50,50
16,467,FeatureAgent,50,50
16,468,FeatureAgent,50,50
16,469,FeatureAgent,50,50
16,470,FeatureAgent,50,50
16,471,FeatureAgent,50,50
16,472,FeatureAgent,50,50
16,473,FeatureAgent,50,50
16,474,FeatureAgent,50,50
16,475,FeatureAgent,50,50
16,476,FeatureAgent,50,50
16,477,FeatureAgent,50,50
16,478,FeatureAgent,50,50
16,479,FeatureAgent,50,50
16,480,FeatureAgent,50,50
16,481,FeatureAgent,50,50
16,482,FeatureAgent,50,50
16,483,FeatureAgent,50,50
16,484,FeatureAgent,50,50
16,485,FeatureAgent,50,50
16,486,FeatureAgent,50,50
16,487,FeatureAgent,50,50
16,488,FeatureAgent,50,50
16,489,FeatureAgent,50,50
16,490,FeatureAgent,50,50
16,491,FeatureAgent,50,50
16,492,FeatureAgent,50,50
16,493,FeatureAgent,50,50
16,494,FeatureAgent,50,50
16,495,FeatureAgent,50,50
16,496,FeatureAgent,50,50
16,497,FeatureAgent,50,50
16,498,FeatureAgent,50,50
16,499,FeatureAgent,50,50
16,500,FeatureAgent,50,50
16,501,FeatureAgent,50,50
16,502,FeatureAgent,50,50
16,503,FeatureAgent,50,-1
16,504,FeatureAgent,50,50
16,505,FeatureAgent,50,50
16,506,FeatureAgent,50,50
16,507,FeatureAgent,50,50
16,508,FeatureAgent,50,50
16,509,FeatureAgent,50,50
16,510,FeatureAgent,50,50
16,511,FeatureAgent,50,50
16,512,FeatureAgent,50,50
16,513,FeatureAgent,50,50
16,514,FeatureAgent,50,50
16,515,FeatureAgent,50,50
16,516,FeatureAgent,50,50
16,517,FeatureAgent,50,50
16,518,FeatureAgent,50,50
16,519,FeatureAgent,50,50
16,520,FeatureAgent,50,50
16,521,FeatureAgent,50,50
16,522,FeatureAgent,50,50
16,523,FeatureAgent,50,50
16,524,FeatureAgent,50,50
16,525,FeatureAgent,50,50
16,526,FeatureAgent,50,50
16,527,FeatureAgent,50,50
16,528,FeatureAgent,50,50
16,529,FeatureAgent,50,50
16,530,FeatureAgent,50,50
16,531,FeatureAgent,50,50
16,532,FeatureAgent,50,50
16,533,FeatureAgent,50,50
16,534,FeatureAgent,50,50
16,535,FeatureAgent,50,50
16,536,FeatureAgent,50,50
16,537,FeatureAgent,50,50
16,538,FeatureAgent,50,50
16,539,FeatureAgent,50,50
16,540,FeatureAgent,50,50
16,541,FeatureAgent,50,50
16,542,FeatureAgent,50,50
16,543,FeatureAgent,50,50
16,544,FeatureAgent,50,50
16,545,FeatureAgent,50,50
16,546,FeatureAgent,50,50
16,547,FeatureAgent,50,50
16,548,FeatureAgent,50,50
16,549,FeatureAgent,50,50
16,550,FeatureAgent,50,50
16,551,FeatureAgent,50,50
16,552,FeatureAgent,50,50
16,553,FeatureAgent,50,50
16,554,FeatureAgent,20,-31
16,555,FeatureAgent,14,14
16,556,FeatureAgent,50,50
16,557,FeatureAgent,50,50
16,558,FeatureAgent,50,50
16,559,FeatureAgent,50,50
16,560,FeatureAgent,50,50
16,561,FeatureAgent,50,50
16,562,FeatureAgent,50,50
16,563,FeatureAgent,50,50
16,564,FeatureAgent,50,50
16,565,FeatureAgent,50,50
16,566,FeatureAgent,50,50
16,567,FeatureAgent,50,50
16,568,FeatureAgent,50,50
16,569,FeatureAgent,50,50
16,570,FeatureAgent,50,50
16,571,FeatureAgent,50,50
16,572,FeatureAgent,50,50
16,573,FeatureAgent,50,50
16,574,FeatureAgent,50,50
16,575,FeatureAgent,50,50
16,576,FeatureAgent,50,50
16,577,FeatureAgent,50,50
16,578,FeatureAgent,50,50
16,579,FeatureAgent,50,50
16,580,FeatureAgent,50,50
16,581,FeatureAgent,50,50
16,582,FeatureAgent,50,50
16,583,FeatureAgent,50,50
16,584,FeatureAgent,50,50
16,585,FeatureAgent,50,50
16,586,FeatureAgent,50,50
16,587,FeatureAgent,50,50
16,588,FeatureAgent,50,50
16,589,FeatureAgent,50,50
16,590,FeatureAgent,50,50
16,591,FeatureAgent,50,50
16,592,FeatureAgent,50,50
16,593,FeatureAgent,50,-1
16,594,FeatureAgent,31,-20
16,595,FeatureAgent,12,12
16,596,FeatureAgent,50,50
16,597,FeatureAgent,50,50
16,598,FeatureAgent,50,50
16,599,FeatureAgent,50,50
16,600,FeatureAgent,50,50
16,601,FeatureAgent,50,50
16,602,FeatureAgent,50,50
16,603,FeatureAgent,50,50
16,604,FeatureAgent,50,50
16,605,FeatureAgent,50,50
16,606,FeatureAgent,50,50
16,607,FeatureAgent,50,50
16,608,FeatureAgent,50,50
16,609,FeatureAgent,50,50
16,610,FeatureAgent,50,50
16,611,FeatureAgent,50,50
16,612,FeatureAgent,50,50
16,613,FeatureAgent,50,50
16,614,FeatureAgent,50,50
16,615,FeatureAgent,50,50
16,616,FeatureAgent,50,50
16,617,FeatureAgent,50,50
16,618,FeatureAgent,50,-1
16,619,FeatureAgent,50,50
16,620,FeatureAgent,50,50
16,621,FeatureAgent,50,50
16,622,FeatureAgent,50,50
16,623,FeatureAgent,50,50
16,624,FeatureAgent,50,50
16,625,FeatureAgent,50,50
16,626,FeatureAgent,50,-1
16,627,FeatureAgent,50,50
16,628,FeatureAgent,50,50
16,629,FeatureAgent,50,50
16,630,FeatureAgent,50,50
16,631,FeatureAgent,50,50
16,632,FeatureAgent,50,50
16,633,FeatureAgent,50,-1
16,634,FeatureAgent,48,48
16,635,FeatureAgent,50,50
16,636,FeatureAgent,50,50
16,637,FeatureAgent,50,50
16,638,FeatureAgent,50,50
16,639,FeatureAgent,50,50
16,640,FeatureAgent,50,50
16,641,FeatureAgent,50,50
16,642,FeatureAgent,50,50
16,643,FeatureAgent,50,50
16,644,FeatureAgent,50,50
16,645,FeatureAgent,50,50
16,646,FeatureAgent,50,50
16,647,FeatureAgent,50,50
16,648,FeatureAgent,50,50
16,649,FeatureAgent,50,50
16,650,FeatureAgent,50,50
16,651,FeatureAgent,50,50
16,652,FeatureAgent,50,50
16,653,FeatureAgent,50,50
16,654,FeatureAgent,50,50
16,655,FeatureAgent,50,-1
16,656,FeatureAgent,50,50
16,657,FeatureAgent,50,50
16,658,FeatureAgent,50,50
16,659,FeatureAgent,50,50
16,660,FeatureAgent,50,50
16,661,FeatureAgent,50,50
16,662,FeatureAgent,50,50
16,663,FeatureAgent,50,50
16,664,FeatureAgent,50,50
16,665,FeatureAgent,50,50
16,666,FeatureAgent,50,50
16,667,FeatureAgent,50,50
16,668,FeatureAgent,50,50
16,669,FeatureAgent,50,50
16,670,FeatureAgent,50,50
16,671,FeatureAgent,50,50
16,672,FeatureAgent,50,50
16,673,FeatureAgent,50,50
16,674,FeatureAgent,50,50
16,675,FeatureAgent,50,50
16,676,FeatureAgent,50,50
16,677,FeatureAgent,50,50
16,678,FeatureAgent,50,50
16,679,FeatureAgent,50,50
16,680,FeatureAgent,50,50
16,681,FeatureAgent,50,50
16,682,FeatureAgent,50,50
16,683,FeatureAgent,50,50
16,684,FeatureAgent,50,50
16,685,FeatureAgent,50,50
16,686,FeatureAgent,50,50
16,687,FeatureAgent,50,50
16,688,FeatureAgent,50,50
16,689,FeatureAgent,50,50
16,690,FeatureAgent,50,50
16,691,FeatureAgent,50,50
16,692,FeatureAgent,50,50
16,693,FeatureAgent,50,50
16,694,FeatureAgent,50,50
16,695,FeatureAgent,50,50
16,696,FeatureAgent,50,50
16,697,FeatureAgent,50,50
16,698,FeatureAgent,50,50
16,699,FeatureAgent,50,50
16,700,FeatureAgent,50,50
16,701,FeatureAgent,50,50
16,702,FeatureAgent,50,50
16,703,FeatureAgent,50,50
16,704,FeatureAgent,50,50
16,705,FeatureAgent,50,50
16,706,FeatureAgent,50,50
16,707,FeatureAgent,50,50
16,708,FeatureAgent,50,50
16,709,FeatureAgent,50,50
16,710,FeatureAgent,50,50
16,711,FeatureAgent,50,50
16,712,FeatureAgent,50,50
16,713,FeatureAgent,50,50
16,714,FeatureAgent,50,50
16,715,FeatureAgent,50,50
16,716,FeatureAgent,50,50
16,717,FeatureAgent,50,50
16,718,FeatureAgent,50,50
16,719,FeatureAgent,50,50
16,720,FeatureAgent,50,50
16,721,FeatureAgent,50,50
16,722,FeatureAgent,50,50
16,723,FeatureAgent,50,50
16,724,FeatureAgent,50,50
16,725,FeatureAgent,50,50
16,726,FeatureAgent,50,50
16,727,FeatureAgent,50,50
16,728,FeatureAgent,50,50
16,729,FeatureAgent,50,50
16,730,FeatureAgent,50,50
16,731,FeatureAgent,50,50
16,732,FeatureAgent,50,50
16,733,FeatureAgent,50,50
16,734,FeatureAgent,50,50
16,735,FeatureAgent,50,50
16,736,FeatureAgent,50,50
16,737,FeatureAgent,50,50
16,738,FeatureAgent,50,50
16,739,FeatureAgent,50,50
16,740,FeatureAgent,50,50
16,741,FeatureAgent,50,50
16,742,FeatureAgent,50,-1
16,743,FeatureAgent,50,50
16,744,FeatureAgent,38,-13
16,745,FeatureAgent,41,41
16,746,FeatureAgent,34,34
16,747,FeatureAgent,36,36
16,748,FeatureAgent,50,50
16,749,FeatureAgent,50,50
16,750,FeatureAgent,50,50
16,751,FeatureAgent,50,50
16,752,FeatureAgent,50,50
16,753,FeatureAgent,50,50
16,754,FeatureAgent,50,50
16,755,FeatureAgent,50,50
16,756,FeatureAgent,50,50
16,757,FeatureAgent,50,50
16,758,FeatureAgent,50,50
16,759,FeatureAgent,50,50
16,760,FeatureAgent,50,50
16,761,FeatureAgent,50,50
16,762,FeatureAgent,50,50
16,763,FeatureAgent,50,50
16,764,FeatureAgent,50,50
16,765,FeatureAgent,50,50
16,766,FeatureAgent,50,50
16,767,FeatureAgent,50,50
16,768,FeatureAgent,50,50
16,769,FeatureAgent,50,50
16,770,FeatureAgent,50,50
16,771,FeatureAgent,50,50
16,772,FeatureAgent,50,50
16,773,FeatureAgent,50,50
16,774,FeatureAgent,50,50
16,775,FeatureAgent,50,50
16,776,FeatureAgent,50,50
16,777,FeatureAgent,50,50
16,778,FeatureAgent,50,50
16,779,FeatureAgent,50,50
16,780,FeatureAgent,50,50
16,781,FeatureAgent,50,50
16,782,FeatureAgent,50,50
16,783,FeatureAgent,50,-1
16,784,FeatureAgent,50,50
16,785,FeatureAgent,50,50
16,786,FeatureAgent,50,50
16,787,FeatureAgent,50,50
16,788,FeatureAgent,50,50
16,789,FeatureAgent,50,50
16,790,FeatureAgent,50,50
16,791,FeatureAgent,50,50
16,792,FeatureAgent,50,50
16,793,FeatureAgent,50,50
16,794,FeatureAgent,50,50
16,795,FeatureAgent,50,50
16,796,FeatureAgent,50,50
16,797,FeatureAgent,50,50
16,798,FeatureAgent,50,50
16,799,FeatureAgent,50,50
16,800,FeatureAgent,50,50
16,801,FeatureAgent,50,50
16,802,FeatureAgent,50,50
16,803,FeatureAgent,50,50
16,804,FeatureAgent,50,50
16,805,FeatureAgent,50,50
16,806,FeatureAgent,50,50
16,807,FeatureAgent,50,50
16,808,FeatureAgent,50,50
16,809,FeatureAgent,50,50
16,810,FeatureAgent,50,50
16,811,FeatureAgent,50,50
16,812,FeatureAgent,50,50
16,813,FeatureAgent,50,50
16,814,FeatureAgent,50,50
16,815,FeatureAgent,50,50
16,816,FeatureAgent,50,50
16,817,FeatureAgent,50,50
16,818,FeatureAgent,50,50
16,819,FeatureAgent,50,50
16,820,FeatureAgent,50,50
16,821,FeatureAgent,50,50
16,822,FeatureAgent,50,50
16,823,FeatureAgent,50,50
16,824,FeatureAgent,50,50
16,825,FeatureAgent,50,50
16,826,FeatureAgent,50,50
16,827,FeatureAgent,50,50
16,828,FeatureAgent,50,50
16,829,FeatureAgent,50,50
16,830,FeatureAgent,50,50
16,831,FeatureAgent,50,50
16,832,FeatureAgent,50,50
16,833,FeatureAgent,50,50
16,834,FeatureAgent,50,50
16,835,FeatureAgent,50,50
16,836,FeatureAgent,50,50
16,837,FeatureAgent,50,50
16,838,FeatureAgent,23,-28
16,839,FeatureAgent,50,50
16,840,FeatureAgent,50,50
16,841,FeatureAgent,50,50
16,842,FeatureAgent,50,50
16,843,FeatureAgent,50,50
16,844,FeatureAgent,50,50
16,845,FeatureAgent,50,50
16,846,FeatureAgent,50,50
16,847,FeatureAgent,50,50
16,848,FeatureAgent,50,50
16,849,FeatureAgent,50,50
16,850,FeatureAgent,50,50
16,851,FeatureAgent,50,50
16,852,FeatureAgent,50,50
16,853,FeatureAgent,50,50
16,854,FeatureAgent,50,50
16,855,FeatureAgent,50,50
16,856,FeatureAgent,50,50
16,857,FeatureAgent,50,50
16,858,FeatureAgent,50,50
16,859,FeatureAgent,50,50
16,860,FeatureAgent,50,50
16,861,FeatureAgent,50,50
16,862,FeatureAgent,50,-1
16,863,FeatureAgent,50,50
16,864,FeatureAgent,50,50
16,865,FeatureAgent,50,50
16,866,FeatureAgent,50,50
16,867,FeatureAgent,50,50
16,868,FeatureAgent,50,50
16,869,FeatureAgent,50,50
16,870,FeatureAgent,50,50
16,871,FeatureAgent,50,50
16,872,FeatureAgent,50,50
16,873,FeatureAgent,50,50
16,874,FeatureAgent,50,50
16,875,FeatureAgent,50,-1
16,876,FeatureAgent,50,50
16,877,FeatureAgent,50,50
16,878,FeatureAgent,50,50
16,879,FeatureAgent,50,50
16,880,FeatureAgent,50,50
16,881,FeatureAgent,50,50
16,882,FeatureAgent,50,50
16,883,FeatureAgent,50,50
16,884,FeatureAgent,50,50
16,885,FeatureAgent,50,-1
16,886,FeatureAgent,50,50
16,887,FeatureAgent,50,50
16,888,FeatureAgent,50,50
16,889,FeatureAgent,50,50
16,890,FeatureAgent,50,50
16,891,FeatureAgent,50,50
16,892,FeatureAgent,50,50
16,893,FeatureAgent,50,50
16,894,FeatureAgent,50,50
16,895,FeatureAgent,50,50
16,896,FeatureAgent,50,50
16,897,FeatureAgent,50,50
16,898,FeatureAgent,50,50
16,899,FeatureAgent,50,50
16,900,FeatureAgent,50,50
16,901,FeatureAgent,50,50
16,902,FeatureAgent,50,50
16,903,FeatureAgent,50,50
16,904,FeatureAgent,50,50
16,905,FeatureAgent,50,50
16,906,FeatureAgent,50,50
16,907,FeatureAgent,50,50
16,908,FeatureAgent,50,50
16,909,FeatureAgent,50,50
16,910,FeatureAgent,50,50
16,911,FeatureAgent,50,50
16,912,FeatureAgent,50,50
16,913,FeatureAgent,50,50
16,914,FeatureAgent,50,50
16,915,FeatureAgent,50,50
16,916,FeatureAgent,50,50
16,917,FeatureAgent,50,50
16,918,FeatureAgent,50,50
16,919,FeatureAgent,50,50
16,920,FeatureAgent,50,50
16,921,FeatureAgent,50,50
16,922,FeatureAgent,50,50
16,923,FeatureAgent,50,50
16,924,FeatureAgent,50,50
16,925,FeatureAgent,50,50
16,926,FeatureAgent,50,50
16,927,FeatureAgent,50,50
16,928,FeatureAgent,50,50
16,929,FeatureAgent,50,50
16,930,FeatureAgent,50,50
16,931,FeatureAgent,50,50
16,932,FeatureAgent,50,50
16,933,FeatureAgent,50,50
16,934,FeatureAgent,50,50
16,935,FeatureAgent,50,50
16,936,FeatureAgent,50,50
16,937,FeatureAgent,50,50
16,938,FeatureAgent,50,50
16,939,FeatureAgent,50,50
16,940,FeatureAgent,50,50
16,941,FeatureAgent,50,50
16,942,FeatureAgent,50,50
16,943,FeatureAgent,50,50
16,944,FeatureAgent,50,50
16,945,FeatureAgent,50,50
16,946,FeatureAgent,50,50
16,947,FeatureAgent,50,50
16,948,FeatureAgent,50,50
16,949,FeatureAgent,50,50
16,950,FeatureAgent,50,50
16,951,FeatureAgent,50,50
16,952,FeatureAgent,50,50
16,953,FeatureAgent,50,50
16,954,FeatureAgent,50,50
16,955,FeatureAgent,50,50
16,956,FeatureAgent,50,50
16,957,FeatureAgent,50,50
16,958,FeatureAgent,50,50
16,959,FeatureAgent,50,50
16,960,FeatureAgent,50,50
16,961,FeatureAgent,50,50
16,962,FeatureAgent,50,50
16,963,FeatureAgent,50,50
16,964,FeatureAgent,50,50
16,965,FeatureAgent,50,50
16,966,FeatureAgent,50,50
16,967,FeatureAgent,50,50
16,968,FeatureAgent,50,50
16,969,FeatureAgent,50,50
16,970,FeatureAgent,50,50
16,971,FeatureAgent,50,50
16,972,FeatureAgent,50,50
16,973,FeatureAgent,50,50
16,974,FeatureAgent,50,50
16,975,FeatureAgent,50,50
16,976,FeatureAgent,50,50
16,977,FeatureAgent,50,50
16,978,FeatureAgent,50,-1
16,979,FeatureAgent,50,50
16,980,FeatureAgent,50,50
16,981,FeatureAgent,50,50
16,982,FeatureAgent,10,-41
16,983,FeatureAgent,50,50
16,984,FeatureAgent,50,50
16,985,FeatureAgent,50,50
16,986,FeatureAgent,50,50
16,987,FeatureAgent,50,50
16,988,FeatureAgent,50,50
16,989,FeatureAgent,50,50
16,990,FeatureAgent,50,50
16,991,FeatureAgent,50,50
16,992,FeatureAgent,50,50
16,993,FeatureAgent,50,-1
16,994,FeatureAgent,50,50
16,995,FeatureAgent,50,50
16,996,FeatureAgent,50,50
16,997,FeatureAgent,50,50
16,998,FeatureAgent,50,50
16,999,FeatureAgent,50,50
16,1000,FeatureAgent,50,50
17,1,FeatureAgent,1,1
17,2,FeatureAgent,1,1
17,3,FeatureAgent,1,1
17,4,FeatureAgent,2,2
17,5,FeatureAgent,4,4
17,6,FeatureAgent,50,50
17,7,FeatureAgent,50,50
17,8,FeatureAgent,50,50
17,9,FeatureAgent,50,50
17,10,FeatureAgent,50,50
17,11,FeatureAgent,50,50
17,12,FeatureAgent,50,50
17,13,FeatureAgent,50,50
17,14,FeatureAgent,50,50
17,15,FeatureAgent,50,-1
17,16,FeatureAgent,3,3
17,17,FeatureAgent,7,7
17,18,FeatureAgent,6,6
17,19,FeatureAgent,1,1
17,20,FeatureAgent,1,1
17,21,FeatureAgent,1,1
17,22,FeatureAgent,1,1
17,23,FeatureAgent,1,1
17,24,FeatureAgent,1,1
17,25,FeatureAgent,3,3
17,26,FeatureAgent,1,1
17,27,FeatureAgent,1,1
17,28,FeatureAgent,1,1
17,29,FeatureAgent,1,1
17,30,FeatureAgent,1,1
17,31,FeatureAgent,1,1
17,32,FeatureAgent,1,1
17,33,FeatureAgent,2,2
17,34,FeatureAgent,4,4
17,35,FeatureAgent,1,1
17,36,FeatureAgent,1,1
17,37,FeatureAgent,1,1
17,38,FeatureAgent,2,2
17,39,FeatureAgent,6,6
17,40,FeatureAgent,50,50
17,41,FeatureAgent,50,50
17,42,FeatureAgent,50,50
17,43,FeatureAgent,50,50
17,44,FeatureAgent,50,50
17,45,FeatureAgent,50,50
17,46,FeatureAgent,50,50
17,47,FeatureAgent,50,50
17,48,FeatureAgent,50,50
17,49,FeatureAgent,50,50
17,50,FeatureAgent,21,-30
17,51,FeatureAgent,3,3
17,52,FeatureAgent,1,1
17,53,FeatureAgent,1,1
17,54,FeatureAgent,1,1
17,55,FeatureAgent,1,1
17,56,FeatureAgent,1,1
17,57,FeatureAgent,4,4
17,58,FeatureAgent,2,2
17,59,FeatureAgent,1,1
17,60,FeatureAgent,1,1
17,61,FeatureAgent,1,1
17,62,FeatureAgent,2,2
17,63,FeatureAgent,3,3
17,64,FeatureAgent,1,1
17,65,FeatureAgent,2,2
17,66,FeatureAgent,1,1
17,67,FeatureAgent,3,3
17,68,FeatureAgent,4,4
17,69,FeatureAgent,1,1
17,70,FeatureAgent,1,1
17,71,FeatureAgent,1,1
17,72,FeatureAgent,50,50
17,73,FeatureAgent,50,50
17,74,FeatureAgent,50,50
17,75,FeatureAgent,50,50
17,76,FeatureAgent,50,50
17,77,FeatureAgent,50,50
17,78,FeatureAgent,50,50
17,79,FeatureAgent,25,-26
17,80,FeatureAgent,1,1
17,81,FeatureAgent,1,1
17,82,FeatureAgent,2,2
17,83,FeatureAgent,1,1
17,84,FeatureAgent,1,1
17,85,FeatureAgent,1,1
17,86,FeatureAgent,1,1
17,87,FeatureAgent,4,4
17,88,FeatureAgent,1,1
17,89,FeatureAgent,1,1
17,90,FeatureAgent,4,4
17,91,FeatureAgent,2,2
17,92,FeatureAgent,1,1
17,93,FeatureAgent,1,1
17,94,FeatureAgent,3,3
17,95,FeatureAgent,5,5
17,96,FeatureAgent,1,1
17,97,FeatureAgent,3,3
17,98,FeatureAgent,50,50
17,99,FeatureAgent,50,50
17,100,FeatureAgent,50,50
17,101,FeatureAgent,50,50
17,102,FeatureAgent,50,50
17,103,FeatureAgent,50,50
17,104,FeatureAgent,50,50
17,105,FeatureAgent,50,50
17,106,FeatureAgent,50,50
17,107,FeatureAgent,50,50
17,108,FeatureAgent,50,50
17,109,FeatureAgent,50,50
17,110,FeatureAgent,50,50
17,111,FeatureAgent,50,50
17,112,FeatureAgent,50,50
17,113,FeatureAgent,50,50
17,114,FeatureAgent,50,50
17,115,FeatureAgent,50,50
17,116,FeatureAgent,50,50
17,117,FeatureAgent,50,50
17,118,FeatureAgent,50,50
17,119,FeatureAgent,50,50
17,120,FeatureAgent,50,50
17,121,FeatureAgent,50,50
17,122,FeatureAgent,50,50
17,123,FeatureAgent,50,50
17,124,FeatureAgent,50,50
17,125,FeatureAgent,50,50
17,126,FeatureAgent,50,50
17,127,FeatureAgent,50,50
17,128,FeatureAgent,50,50
17,129,FeatureAgent,50,50
17,130,FeatureAgent,50,50
17,131,FeatureAgent,50,50
17,132,FeatureAgent,50,50
17,133,FeatureAgent,50,50
17,134,FeatureAgent,50,50
17,135,FeatureAgent,50,50
17,136,FeatureAgent,50,50
17,137,FeatureAgent,50,50
17,138,FeatureAgent,50,50
17,139,FeatureAgent,50,50
17,140,FeatureAgent,50,50
17,141,FeatureAgent,50,50
17,142,FeatureAgent,50,50
17,143,FeatureAgent,50,50
17,144,FeatureAgent,50,50
17,145,FeatureAgent,50,50
17,146,FeatureAgent,50,50
17,147,FeatureAgent,50,50
17,148,FeatureAgent,50,50
17,149,FeatureAgent,50,50
17,150,FeatureAgent,50,50
17,151,FeatureAgent,50,50
17,152,FeatureAgent,50,50
17,153,FeatureAgent,50,50
17,154,FeatureAgent,50,50
17,155,FeatureAgent,50,50
17,156,FeatureAgent,50,50
17,157,FeatureAgent,50,50
17,158,FeatureAgent,50,50
17,159,FeatureAgent,50,50
17,160,FeatureAgent,50,50
17,161,FeatureAgent,50,50
17,162,FeatureAgent,50,50
17,163,FeatureAgent,39,-12
17,164,FeatureAgent,13,13
17,165,FeatureAgent,27,27
17,166,FeatureAgent,6,6
17,167,FeatureAgent,50,50
17,168,FeatureAgent,50,50
17,169,FeatureAgent,50,50
17,170,FeatureAgent,50,50
17,171,FeatureAgent,50,50
17,172,FeatureAgent,50,50
17,173,FeatureAgent,50,50
17,174,FeatureAgent,50,50
17,175,FeatureAgent,50,50
17,176,FeatureAgent,50,50
17,177,FeatureAgent,50,50
17,178,FeatureAgent,50,50
17,179,FeatureAgent,50,50
17,180,FeatureAgent,50,50
17,181,FeatureAgent,50,50
17,182,FeatureAgent,50,50
17,183,FeatureAgent,50,50
17,184,FeatureAgent,50,50
17,185,FeatureAgent,50,50
17,186,FeatureAgent,50,50
17,187,FeatureAgent,50,50
17,188,FeatureAgent,50,50
17,189,FeatureAgent,50,50
17,190,FeatureAgent,50,50
17,191,FeatureAgent,50,50
17,192,FeatureAgent,50,50
17,193,FeatureAgent,50,50
17,194,FeatureAgent,50,50
17,195,FeatureAgent,50,50
17,196,FeatureAgent,50,50
17,197,FeatureAgent,50,50
17,198,FeatureAgent,50,50
17,199,FeatureAgent,50,50
17,200,FeatureAgent,50,50
17,201,FeatureAgent,50,50
17,202,FeatureAgent,50,50
17,203,FeatureAgent,50,50
17,204,FeatureAgent,50,50
17,205,FeatureAgent,13,-38
17,206,FeatureAgent,3,3
17,207,FeatureAgent,50,50
17,208,FeatureAgent,50,50
17,209,FeatureAgent,50,50
17,210,FeatureAgent,50,50
17,211,FeatureAgent,50,50
17,212,FeatureAgent,50,50
17,213,FeatureAgent,50,50
17,214,FeatureAgent,50,50
17,215,FeatureAgent,50,50
17,216,FeatureAgent,50,50
17,217,FeatureAgent,50,50
17,218,FeatureAgent,50,50
17,219,FeatureAgent,50,50
17,220,FeatureAgent,50,50
17,221,FeatureAgent,50,50
17,222,FeatureAgent,50,50
17,223,FeatureAgent,50,50
17,224,FeatureAgent,50,50
17,225,FeatureAgent,50,50
17,226,FeatureAgent,50,50
17,227,FeatureAgent,50,50
17,228,FeatureAgent,50,50
17,229,FeatureAgent,50,50
17,230,FeatureAgent,50,50
17,231,FeatureAgent,50,50
17,232,FeatureAgent,50,50
17,233,FeatureAgent,50,50
17,234,FeatureAgent,50,50
17,235,FeatureAgent,50,50
17,236,FeatureAgent,50,50
17,237,FeatureAgent,50,50
17,238,FeatureAgent,50,50
17,239,FeatureAgent,50,50
17,240,FeatureAgent,50,50
17,241,FeatureAgent,50,50
17,242,FeatureAgent,50,50
17,243,FeatureAgent,50,50
17,244,FeatureAgent,50,50
17,245,FeatureAgent,50,50
17,246,FeatureAgent,50,50
17,247,FeatureAgent,50,50
17,248,FeatureAgent,50,50
17,249,FeatureAgent,50,50
17,250,FeatureAgent,50,50
17,251,FeatureAgent,50,50
17,252,FeatureAgent,50,50
17,253,FeatureAgent,50,50
17,254,FeatureAgent,50,50
17,255,FeatureAgent,50,50
17,256,FeatureAgent,50,50
17,257,FeatureAgent,50,50
17,258,FeatureAgent,50,50
17,259,FeatureAgent,50,50
17,260,FeatureAgent,50,50
17,261,FeatureAgent,50,50
17,262,FeatureAgent,50,50
17,263,FeatureAgent,50,50
17,264,FeatureAgent,50,50
17,265,FeatureAgent,50,50
17,266,FeatureAgent,50,50
17,267,FeatureAgent,50,50
17,268,FeatureAgent,50,50
17,269,FeatureAgent,7,-44
17,270,FeatureAgent,4,4
17,271,FeatureAgent,3,3
17,272,FeatureAgent,50,50
17,273,FeatureAgent,50,50
17,274,FeatureAgent,50,50
17,275,FeatureAgent,50,50
17,276,FeatureAgent,50,50
17,277,FeatureAgent,50,50
17,278,FeatureAgent,50,50
17,279,FeatureAgent,50,50
17,280,FeatureAgent,50,50
17,281,FeatureAgent,50,50
17,282,FeatureAgent,50,50
17,283,FeatureAgent,50,50
17,284,FeatureAgent,50,50
17,285,FeatureAgent,50,50
17,286,FeatureAgent,50,50
17,287,FeatureAgent,50,50
17,288,FeatureAgent,50,50
17,289,FeatureAgent,50,50
17,290,FeatureAgent,50,50
17,291,FeatureAgent,50,50
17,292,FeatureAgent,50,50
17,293,FeatureAgent,50,50
17,294,FeatureAgent,50,50
17,295,FeatureAgent,50,50
17,296,FeatureAgent,50,50
17,297,FeatureAgent,50,50
17,298,FeatureAgent,50,50
17,299,FeatureAgent,50,50
17,300,FeatureAgent,50,50
17,301,FeatureAgent,50,50
17,302,FeatureAgent,50,50
17,303,FeatureAgent,50,50
17,304,FeatureAgent,50,50
17,305,FeatureAgent,50,50
17,306,FeatureAgent,50,50
17,307,FeatureAgent,50,50
17,308,FeatureAgent,50,50
17,309,FeatureAgent,50,50
17,310,FeatureAgent,50,50
17,311,FeatureAgent,50,50
17,312,FeatureAgent,50,50
17,313,FeatureAgent,50,50
17,314,FeatureAgent,50,50
17,315,FeatureAgent,50,50
17,316,FeatureAgent,50,50
17,317,FeatureAgent,50,50
17,318,FeatureAgent,50,50
17,319,FeatureAgent,50,50
17,320,FeatureAgent,50,50
17,321,FeatureAgent,50,50
17,322,FeatureAgent,50,50
17,323,FeatureAgent,50,50
17,324,FeatureAgent,50,50
17,325,FeatureAgent,50,50
17,326,FeatureAgent,50,50
17,327,FeatureAgent,50,50
17,328,FeatureAgent,50,50
17,329,FeatureAgent,50,50
17,330,FeatureAgent,50,50
17,331,FeatureAgent,50,50
17,332,FeatureAgent,50,50
17,333,FeatureAgent,50,50
17,334,FeatureAgent,50,50
17,335,FeatureAgent,50,50
17,336,FeatureAgent,50,50
17,337,FeatureAgent,50,50
17,338,FeatureAgent,50,50
17,339,FeatureAgent,50,50
17,340,FeatureAgent,50,50
17,341,FeatureAgent,50,50
17,342,FeatureAgent,50,50
17,343,FeatureAgent,50,50
17,344,FeatureAgent,50,50
17,345,FeatureAgent,50,50
17,346,FeatureAgent,50,50
17,347,FeatureAgent,50,50
17,348,FeatureAgent,50,50
17,349,FeatureAgent,50,50
17,350,FeatureAgent,50,-1
17,351,FeatureAgent,50,50
17,352,FeatureAgent,50,50
17,353,FeatureAgent,50,50
17,354,FeatureAgent,50,50
17,355,FeatureAgent,50,50
17,356,FeatureAgent,50,50
17,357,FeatureAgent,50,50
17,358,FeatureAgent,50,50
17,359,FeatureAgent,50,50
17,360,FeatureAgent,50,50
17,361,FeatureAgent,50,50
17,362,FeatureAgent,50,50
17,363,FeatureAgent,50,50
17,364,FeatureAgent,50,50
17,365,FeatureAgent,50,50
17,366,FeatureAgent,50,50
17,367,FeatureAgent,50,50
17,368,FeatureAgent,50,50
17,369,FeatureAgent,50,50
17,370,FeatureAgent,50,50
17,371,FeatureAgent,50,50
17,372,FeatureAgent,50,50
17,373,FeatureAgent,50,50
17,374,FeatureAgent,50,50
17,375,FeatureAgent,50,50
17,376,FeatureAgent,50,50
17,377,FeatureAgent,50,50
17,378,FeatureAgent,50,50
17,379,FeatureAgent,50,50
17,380,FeatureAgent,50,50
17,381,FeatureAgent,50,50
17,382,FeatureAgent,50,50
17,383,FeatureAgent,50,50
17,384,FeatureAgent,50,50
17,385,FeatureAgent,50,50
17,386,FeatureAgent,50,50
17,387,FeatureAgent,50,50
17,388,FeatureAgent,50,50
17,389,FeatureAgent,50,50
17,390,FeatureAgent,2,-49
17,391,FeatureAgent,4,4
17,392,FeatureAgent,5,5
17,393,FeatureAgent,50,50
17,394,FeatureAgent,50,50
17,395,FeatureAgent,50,50
17,396,FeatureAgent,50,50
17,397,FeatureAgent,50,50
17,398,FeatureAgent,50,50
17,399,FeatureAgent,50,50
17,400,FeatureAgent,50,50
17,401,FeatureAgent,50,-1
17,402,FeatureAgent,50,50
17,403,FeatureAgent,50,50
17,404,FeatureAgent,50,50
17,405,FeatureAgent,50,50
17,406,FeatureAgent,50,50
17,407,FeatureAgent,50,50
17,408,FeatureAgent,50,50
17,409,FeatureAgent,50,50
17,410,FeatureAgent,50,50
17,411,FeatureAgent,50,50
17,412,FeatureAgent,50,50
17,413,FeatureAgent,50,50
17,414,FeatureAgent,50,50
17,415,FeatureAgent,50,50
17,416,FeatureAgent,50,50
17,417,FeatureAgent,50,50
17,418,FeatureAgent,50,50
17,419,FeatureAgent,50,50
17,420,FeatureAgent,50,50
17,421,FeatureAgent,50,50
17,422,FeatureAgent,50,50
17,423,FeatureAgent,50,50
17,424,FeatureAgent,50,50
17,425,FeatureAgent,50,50
17,426,FeatureAgent,50,50
17,427,FeatureAgent,50,50
17,428,FeatureAgent,50,50
17,429,FeatureAgent,50,50
17,430,FeatureAgent,50,50
17,431,FeatureAgent,50,50
17,432,FeatureAgent,50,50
17,433,FeatureAgent,50,50
17,434,FeatureAgent,50,50
17,435,FeatureAgent,50,50
17,436,FeatureAgent,50,50
17,437,FeatureAgent,50,50
17,438,FeatureAgent,50,50
17,439,FeatureAgent,50,50
17,440,FeatureAgent,50,50
17,441,FeatureAgent,50,50
17,442,FeatureAgent,50,50
17,443,FeatureAgent,50,50
17,444,FeatureAgent,50,50
17,445,FeatureAgent,50,50
17,446,FeatureAgent,50,50
17,447,FeatureAgent,50,50
17,448,FeatureAgent,50,-1
17,449,FeatureAgent,50,50
17,450,FeatureAgent,50,50
17,451,FeatureAgent,50,50
17,452,FeatureAgent,50,50
17,453,FeatureAgent,50,50
17,454,FeatureAgent,50,50
17,455,FeatureAgent,50,50
17,456,FeatureAgent,50,50
17,457,FeatureAgent,50,50
17,458,FeatureAgent,50,50
17,459,FeatureAgent,50,50
17,460,FeatureAgent,50,50
17,461,FeatureAgent,50,50
17,462,FeatureAgent,50,50
17,463,FeatureAgent,50,50
17,464,FeatureAgent,50,50
17,465,FeatureAgent,50,50
17,466,FeatureAgent,50,50
17,467,FeatureAgent,50,50
17,468,FeatureAgent,50,50
17,469,FeatureAgent,50,50
17,470,FeatureAgent,50,-1
17,471,FeatureAgent,3,-48
17,472,FeatureAgent,50,50
17,473,FeatureAgent,50,50
17,474,FeatureAgent,50,50
17,475,FeatureAgent,50,-1
17,476,FeatureAgent,50,50
17,477,FeatureAgent,50,50
17,478,FeatureAgent,50,50
17,479,FeatureAgent,50,50
17,480,FeatureAgent,36,-15
17,481,FeatureAgent,11,11
17,482,FeatureAgent,18,18
17,483,FeatureAgent,24,24
17,484,FeatureAgent,50,50
17,485,FeatureAgent,50,50
17,486,FeatureAgent,50,50
17,487,FeatureAgent,50,50
17,488,FeatureAgent,50,50
17,489,FeatureAgent,50,50
17,490,FeatureAgent,50,50
17,491,FeatureAgent,50,50
17,492,FeatureAgent,50,50
17,493,FeatureAgent,50,50
17,494,FeatureAgent,50,50
17,495,FeatureAgent,50,50
17,496,FeatureAgent,50,50
17,497,FeatureAgent,50,50
17,498,FeatureAgent,50,50
17,499,FeatureAgent,50,50
17,500,FeatureAgent,50,50
17,501,FeatureAgent,50,50
17,502,FeatureAgent,50,50
17,503,FeatureAgent,50,50
17,504,FeatureAgent,50,50
17,505,FeatureAgent,50,50
17,506,FeatureAgent,50,50
17,507,FeatureAgent,10,-41
17,508,FeatureAgent,50,50
17,509,FeatureAgent,50,50
17,510,FeatureAgent,50,50
17,511,FeatureAgent,50,50
17,512,FeatureAgent,50,50
17,513,FeatureAgent,50,50
17,514,FeatureAgent,50,50
17,515,FeatureAgent,50,50
17,516,FeatureAgent,50,50
17,517,FeatureAgent,50,50
17,518,FeatureAgent,50,50
17,519,FeatureAgent,50,50
17,520,FeatureAgent,50,50
17,521,FeatureAgent,50,50
17,522,FeatureAgent,50,50
17,523,FeatureAgent,50,50
17,524,FeatureAgent,50,50
17,525,FeatureAgent,28,-23
17,526,FeatureAgent,50,50
17,527,FeatureAgent,50,50
17,528,FeatureAgent,50,50
17,529,FeatureAgent,50,50
17,530,FeatureAgent,50,50
17,531,FeatureAgent,50,50
17,532,FeatureAgent,50,50
17,533,FeatureAgent,50,50
17,534,FeatureAgent,50,50
17,535,FeatureAgent,50,50
17,536,FeatureAgent,50,50
17,537,FeatureAgent,50,50
17,538,FeatureAgent,50,50
17,539,FeatureAgent,50,50
17,540,FeatureAgent,50,-1
17,541,FeatureAgent,50,50
17,542,FeatureAgent,50,50
17,543,FeatureAgent,50,50
17,544,FeatureAgent,50,50
17,545,FeatureAgent,50,50
17,546,FeatureAgent,50,50
17,547,FeatureAgent,50,50
17,548,FeatureAgent,50,50
17,549,FeatureAgent,50,-1
17,550,FeatureAgent,50,50
17,551,FeatureAgent,50,50
17,552,FeatureAgent,50,50
17,553,FeatureAgent,50,50
17,554,FeatureAgent,50,50
17,555,FeatureAgent,50,50
17,556,FeatureAgent,50,50
17,557,FeatureAgent,50,50
17,558,FeatureAgent,50,50
17,559,FeatureAgent,50,50
17,560,FeatureAgent,50,50
17,561,FeatureAgent,50,50
17,562,FeatureAgent,50,50
17,563,FeatureAgent,50,50
17,564,FeatureAgent,50,50
17,565,FeatureAgent,50,50
17,566,FeatureAgent,50,50
17,567,FeatureAgent,50,50
17,568,FeatureAgent,50,50
17,569,FeatureAgent,50,50
17,570,FeatureAgent,50,50
17,571,FeatureAgent,50,50
17,572,FeatureAgent,50,-1
17,573,FeatureAgent,50,50
17,574,FeatureAgent,50,50
17,575,FeatureAgent,50,50
17,576,FeatureAgent,50,50
17,577,FeatureAgent,50,50
17,578,FeatureAgent,50,50
17,579,FeatureAgent,50,50
17,580,FeatureAgent,50,50
17,581,FeatureAgent,50,50
17,582,FeatureAgent,50,50
17,583,FeatureAgent,50,50
17,584,FeatureAgent,50,50
17,585,FeatureAgent,50,50
17,586,FeatureAgent,50,50
17,587,FeatureAgent,50,50
17,588,FeatureAgent,50,50
17,589,FeatureAgent,50,50
17,590,FeatureAgent,50,50
17,591,FeatureAgent,50,50
17,592,FeatureAgent,50,50
17,593,FeatureAgent,50,50
17,594,FeatureAgent,50,50
17,595,FeatureAgent,50,50
17,596,FeatureAgent,50,50
17,597,FeatureAgent,50,50
17,598,FeatureAgent,50,50
17,599,FeatureAgent,50,-1
17,600,FeatureAgent,50,50
17,601,FeatureAgent,50,50
17,602,FeatureAgent,50,50
17,603,FeatureAgent,50,50
17,604,FeatureAgent,50,50
17,605,FeatureAgent,50,50
17,606,FeatureAgent,50,50
17,607,FeatureAgent,50,50
17,608,FeatureAgent,50,50
17,609,FeatureAgent,50,50
17,610,FeatureAgent,50,50
17,611,FeatureAgent,50,50
17,612,FeatureAgent,50,50
17,613,FeatureAgent,50,50
17,614,FeatureAgent,50,50
17,615,FeatureAgent,50,50
17,616,FeatureAgent,50,50
17,617,FeatureAgent,50,50
17,618,FeatureAgent,50,50
17,619,FeatureAgent,50,50
17,620,FeatureAgent,50,50
17,621,FeatureAgent,50,50
17,622,FeatureAgent,50,50
17,623,FeatureAgent,50,50
17,624,FeatureAgent,50,50
17,625,FeatureAgent,50,50
17,626,FeatureAgent,50,50
17,627,FeatureAgent,50,50
17,628,FeatureAgent,50,50
17,629,FeatureAgent,50,50
17,630,FeatureAgent,50,50
17,631,FeatureAgent,50,50
17,632,FeatureAgent,50,50
17,633,FeatureAgent,50,50
17,634,FeatureAgent,50,50
17,635,FeatureAgent,50,50
17,636,FeatureAgent,50,50
17,637,FeatureAgent,50,50
17,638,FeatureAgent,50,50
17,639,FeatureAgent,50,50
17,640,FeatureAgent,50,50
17,641,FeatureAgent,50,50
17,642,FeatureAgent,50,50
17,643,FeatureAgent,50,50
17,644,FeatureAgent,50,50
17,645,FeatureAgent,50,50
17,646,FeatureAgent,46,-5
17,647,FeatureAgent,50,50
17,648,FeatureAgent,50,50
17,649,FeatureAgent,50,50
17,650,FeatureAgent,50,50
17,651,FeatureAgent,50,50
17,652,FeatureAgent,50,50
17,653,FeatureAgent,50,50
17,654,FeatureAgent,50,50
17,655,FeatureAgent,50,50
17,656,FeatureAgent,50,50
17,657,FeatureAgent,50,50
17,658,FeatureAgent,50,-1
17,659,FeatureAgent,50,50
17,660,FeatureAgent,50,50
17,661,FeatureAgent,50,50
17,662,FeatureAgent,50,50
17,663,FeatureAgent,50,50
17,664,FeatureAgent,50,50
17,665,FeatureAgent,50,50
17,666,FeatureAgent,50,50
17,667,FeatureAgent,50,50
17,668,FeatureAgent,50,50
17,669,FeatureAgent,50,50
17,670,FeatureAgent,50,50
17,671,FeatureAgent,50,50
17,672,FeatureAgent,50,50
17,673,FeatureAgent,50,50
17,674,FeatureAgent,50,50
17,675,FeatureAgent,50,50
17,676,FeatureAgent,50,50
17,677,FeatureAgent,50,50
17,678,FeatureAgent,50,50
17,679,FeatureAgent,50,50
17,680,FeatureAgent,50,50
17,681,FeatureAgent,50,50
17,682,FeatureAgent,50,50
17,683,FeatureAgent,50,50
17,684,FeatureAgent,50,50
17,685,FeatureAgent,50,50
17,686,FeatureAgent,50,50
17,687,FeatureAgent,50,50
17,688,FeatureAgent,50,50
17,689,FeatureAgent,50,50
17,690,FeatureAgent,50,50
17,691,FeatureAgent,50,50
17,692,FeatureAgent,50,50
17,693,FeatureAgent,50,50
17,694,FeatureAgent,50,50
17,695,FeatureAgent,18,-33
17,696,FeatureAgent,8,8
17,697,FeatureAgent,16,16
17,698,FeatureAgent,50,50
17,699,FeatureAgent,50,50
17,700,FeatureAgent,50,50
17,701,FeatureAgent,50,50
17,702,FeatureAgent,50,50
17,703,FeatureAgent,50,50
17,704,FeatureAgent,50,50
17,705,FeatureAgent,50,-1
17,706,FeatureAgent,50,50
17,707,FeatureAgent,50,50
17,708,FeatureAgent,50,50
17,709,FeatureAgent,50,50
17,710,FeatureAgent,50,50
17,711,FeatureAgent,50,50
17,712,FeatureAgent,50,50
17,713,FeatureAgent,50,50
17,714,FeatureAgent,50,50
17,715,FeatureAgent,11,-40
17,716,FeatureAgent,50,50
17,717,FeatureAgent,50,50
17,718,FeatureAgent,50,50
17,719,FeatureAgent,50,50
17,720,FeatureAgent,50,50
17,721,FeatureAgent,50,50
17,722,FeatureAgent,50,50
17,723,FeatureAgent,50,50
17,724,FeatureAgent,50,50
17,725,FeatureAgent,50,50
17,726,FeatureAgent,50,50
17,727,FeatureAgent,50,50
17,728,FeatureAgent,50,50
17,729,FeatureAgent,50,50
17,730,FeatureAgent,50,50
17,731,FeatureAgent,50,50
17,732,FeatureAgent,50,50
17,733,FeatureAgent,50,50
17,734,FeatureAgent,50,50
17,735,FeatureAgent,50,50
17,736,FeatureAgent,50,50
17,737,FeatureAgent,50,-1
17,738,FeatureAgent,50,50
17,739,FeatureAgent,50,50
17,740,FeatureAgent,50,50
17,741,FeatureAgent,50,50
17,742,FeatureAgent,50,50
17,743,FeatureAgent,50,50
17,744,FeatureAgent,50,50
17,745,FeatureAgent,50,50
17,746,FeatureAgent,50,50
17,747,FeatureAgent,50,50
17,748,FeatureAgent,50,50
17,749,FeatureAgent,50,50
17,750,FeatureAgent,50,-1
17,751,FeatureAgent,50,50
17,752,FeatureAgent,50,50
17,753,FeatureAgent,50,50
17,754,FeatureAgent,50,50
17,755,FeatureAgent,50,50
17,756,FeatureAgent,50,50
17,757,FeatureAgent,50,50
17,758,FeatureAgent,50,50
17,759,FeatureAgent,50,50
17,760,FeatureAgent,50,-1
17,761,FeatureAgent,50,50
17,762,FeatureAgent,50,50
17,763,FeatureAgent,50,50
17,764,FeatureAgent,50,50
17,765,FeatureAgent,50,50
17,766,FeatureAgent,50,50
17,767,FeatureAgent,50,50
17,768,FeatureAgent,50,50
17,769,FeatureAgent,50,50
17,770,FeatureAgent,50,50
17,771,FeatureAgent,50,50
17,772,FeatureAgent,50,-1
17,773,FeatureAgent,50,50
17,774,FeatureAgent,50,50
17,775,FeatureAgent,50,50
17,776,FeatureAgent,50,50
17,777,FeatureAgent,50,50
17,778,FeatureAgent,50,50
17,779,FeatureAgent,50,50
17,780,FeatureAgent,50,-1
17,781,FeatureAgent,50,50
17,782,FeatureAgent,50,50
17,783,FeatureAgent,50,50
17,784,FeatureAgent,50,50
17,785,FeatureAgent,50,50
17,786,FeatureAgent,50,50
17,787,FeatureAgent,50,50
17,788,FeatureAgent,50,50
17,789,FeatureAgent,50,50
17,790,FeatureAgent,50,50
17,791,FeatureAgent,50,50
17,792,FeatureAgent,50,50
17,793,FeatureAgent,50,50
17,794,FeatureAgent,50,-1
17,795,FeatureAgent,50,50
17,796,FeatureAgent,50,50
17,797,FeatureAgent,50,50
17,798,FeatureAgent,50,50
17,799,FeatureAgent,50,-1
17,800,FeatureAgent,50,50
17,801,FeatureAgent,50,50
17,802,FeatureAgent,50,50
17,803,FeatureAgent,50,50
17,804,FeatureAgent,50,50
17,805,FeatureAgent,50,50
17,806,FeatureAgent,50,50
17,807,FeatureAgent,50,50
17,808,FeatureAgent,50,50
17,809,FeatureAgent,50,50
17,810,FeatureAgent,50,50
17,811,FeatureAgent,50,50
17,812,FeatureAgent,50,50
17,813,FeatureAgent,50,50
17,814,FeatureAgent,50,50
17,815,FeatureAgent,50,50
17,816,FeatureAgent,50,50
17,817,FeatureAgent,50,50
17,818,FeatureAgent,50,-1
17,819,FeatureAgent,50,50
17,820,FeatureAgent,50,50
17,821,FeatureAgent,50,50
17,822,FeatureAgent,50,50
17,823,FeatureAgent,50,50
17,824,FeatureAgent,50,50
17,825,FeatureAgent,50,50
17,826,FeatureAgent,50,50
17,827,FeatureAgent,50,50
17,828,FeatureAgent,50,50
17,829,FeatureAgent,50,50
17,830,FeatureAgent,50,50
17,831,FeatureAgent,50,50
17,832,FeatureAgent,50,50
17,833,FeatureAgent,50,50
17,834,FeatureAgent,50,50
17,835,FeatureAgent,50,50
17,836,FeatureAgent,50,50
17,837,FeatureAgent,50,50
17,838,FeatureAgent,50,50
17,839,FeatureAgent,50,50
17,840,FeatureAgent,50,50
17,841,FeatureAgent,50,50
17,842,FeatureAgent,50,50
17,843,FeatureAgent,50,50
17,844,FeatureAgent,50,50
17,845,FeatureAgent,50,50
17,846,FeatureAgent,50,50
17,847,FeatureAgent,50,50
17,848,FeatureAgent,50,-1
17,849,FeatureAgent,50,50
17,850,FeatureAgent,50,50
17,851,FeatureAgent,50,50
17,852,FeatureAgent,50,-1
17,853,FeatureAgent,50,50
17,854,FeatureAgent,50,50
17,855,FeatureAgent,50,50
17,856,FeatureAgent,50,50
17,857,FeatureAgent,50,50
17,858,FeatureAgent,50,-1
17,859,FeatureAgent,50,50
17,860,FeatureAgent,50,50
17,861,FeatureAgent,50,50
17,862,FeatureAgent,50,50
17,863,FeatureAgent,50,50
17,864,FeatureAgent,50,50
17,865,FeatureAgent,50,50
17,866,FeatureAgent,50,50
17,867,FeatureAgent,50,50
17,868,FeatureAgent,50,50
17,869,FeatureAgent,50,50
17,870,FeatureAgent,50,50
17,871,FeatureAgent,50,50
17,872,FeatureAgent,34,-17
17,873,FeatureAgent,50,50
17,874,FeatureAgent,50,50
17,875,FeatureAgent,50,50
17,876,FeatureAgent,50,50
17,877,FeatureAgent,50,50
17,878,FeatureAgent,50,50
17,879,FeatureAgent,50,50
17,880,FeatureAgent,50,50
17,881,FeatureAgent,50,50
17,882,FeatureAgent,50,50
17,883,FeatureAgent,50,50
17,884,FeatureAgent,50,50
17,885,FeatureAgent,50,50
17,886,FeatureAgent,50,50
17,887,FeatureAgent,50,50
17,888,FeatureAgent,50,50
17,889,FeatureAgent,50,50
17,890,FeatureAgent,50,50
17,891,FeatureAgent,50,50
17,892,FeatureAgent,50,50
17,893,FeatureAgent,50,50
17,894,FeatureAgent,50,50
17,895,FeatureAgent,50,50
17,896,FeatureAgent,50,50
17,897,FeatureAgent,50,50
17,898,FeatureAgent,50,50
17,899,FeatureAgent,50,50
17,900,FeatureAgent,50,50
17,901,FeatureAgent,50,50
17,902,FeatureAgent,50,50
17,903,FeatureAgent,50,50
17,904,FeatureAgent,50,50
17,905,FeatureAgent,50,50
17,906,FeatureAgent,50,50
17,907,FeatureAgent,50,50
17,908,FeatureAgent,50,50
17,909,FeatureAgent,10,-41
17,910,FeatureAgent,50,50
17,911,FeatureAgent,50,50
17,912,FeatureAgent,50,50
17,913,FeatureAgent,50,50
17,914,FeatureAgent,50,50
17,915,FeatureAgent,7,-44
17,916,FeatureAgent,2,2
17,917,FeatureAgent,9,9
17,918,FeatureAgent,50,50
17,919,FeatureAgent,50,50
17,920,FeatureAgent,50,50
17,921,FeatureAgent,50,50
17,922,FeatureAgent,50,50
17,923,FeatureAgent,50,50
17,924,FeatureAgent,50,50
17,925,FeatureAgent,50,50
17,926,FeatureAgent,50,50
17,927,FeatureAgent,50,50
17,928,FeatureAgent,50,50
17,929,FeatureAgent,50,50
17,930,FeatureAgent,50,50
17,931,FeatureAgent,50,50
17,932,FeatureAgent,50,50
17,933,FeatureAgent,50,50
17,934,FeatureAgent,50,50
17,935,FeatureAgent,50,50
17,936,FeatureAgent,50,50
17,937,FeatureAgent,50,50
17,938,FeatureAgent,50,50
17,939,FeatureAgent,50,50
17,940,FeatureAgent,50,50
17,941,FeatureAgent,50,50
17,942,FeatureAgent,50,50
17,943,FeatureAgent,50,50
17,944,FeatureAgent,50,50
17,945,FeatureAgent,50,50
17,946,FeatureAgent,50,50
17,947,FeatureAgent,50,50
17,948,FeatureAgent,50,50
17,949,FeatureAgent,50,50
17,950,FeatureAgent,50,50
17,951,FeatureAgent,50,50
17,952,FeatureAgent,50,50
17,953,FeatureAgent,50,50
17,954,FeatureAgent,50,50
17,955,FeatureAgent,50,50
17,956,FeatureAgent,50,50
17,957,FeatureAgent,50,50
17,958,FeatureAgent,50,50
17,959,FeatureAgent,50,50
17,960,FeatureAgent,50,50
17,961,FeatureAgent,50,50
17,962,FeatureAgent,50,50
17,963,FeatureAgent,50,-1
17,964,FeatureAgent,50,50
17,965,FeatureAgent,50,50
17,966,FeatureAgent,50,50
17,967,FeatureAgent,50,50
17,968,FeatureAgent,50,50
17,969,FeatureAgent,50,50
17,970,FeatureAgent,50,50
17,971,FeatureAgent,50,50
17,972,FeatureAgent,50,-1
17,973,FeatureAgent,50,50
17,974,FeatureAgent,50,50
17,975,FeatureAgent,50,50
17,976,FeatureAgent,50,50
17,977,FeatureAgent,50,50
17,978,FeatureAgent,50,50
17,979,FeatureAgent,50,50
17,980,FeatureAgent,50,50
17,981,FeatureAgent,50,50
17,982,FeatureAgent,50,50
17,983,FeatureAgent,50,50
17,984,FeatureAgent,50,50
17,985,FeatureAgent,50,50
17,986,FeatureAgent,50,50
17,987,FeatureAgent,50,50
17,988,FeatureAgent,50,50
17,989,FeatureAgent,50,50
17,990,FeatureAgent,50,50
17,991,FeatureAgent,50,50
17,992,FeatureAgent,50,50
17,993,FeatureAgent,50,50
17,994,FeatureAgent,50,50
17,995,FeatureAgent,50,50
17,996,FeatureAgent,50,50
17,997,FeatureAgent,50,50
17,998,FeatureAgent,50,-1
17,999,FeatureAgent,50,50
17,1000,FeatureAgent,50,50
18,1,FeatureAgent,1,1
18,2,FeatureAgent,6,6
18,3,FeatureAgent,12,12
18,4,FeatureAgent,6,6
18,5,FeatureAgent,3,3
18,6,FeatureAgent,3,-48
18,7,FeatureAgent,6,6
18,8,FeatureAgent,2,2
18,9,FeatureAgent,1,1
18,10,FeatureAgent,1,1
18,11,FeatureAgent,3,3
18,12,FeatureAgent,1,1
18,13,FeatureAgent,2,2
18,14,FeatureAgent,15,15
18,15,FeatureAgent,8,8
18,16,FeatureAgent,24,24
18,17,FeatureAgent,10,10
18,18,FeatureAgent,5,5
18,19,FeatureAgent,8,8
18,20,FeatureAgent,16,16
18,21,FeatureAgent,50,50
18,22,FeatureAgent,15,15
18,23,FeatureAgent,50,50
18,24,FeatureAgent,50,50
18,25,FeatureAgent,50,50
18,26,FeatureAgent,50,50
18,27,FeatureAgent,50,50
18,28,FeatureAgent,50,50
18,29,FeatureAgent,50,50
18,30,FeatureAgent,50,50
18,31,FeatureAgent,50,50
18,32,FeatureAgent,50,50
18,33,FeatureAgent,50,50
18,34,FeatureAgent,14,-37
18,35,FeatureAgent,6,6
18,36,FeatureAgent,3,3
18,37,FeatureAgent,4,4
18,38,FeatureAgent,2,2
18,39,FeatureAgent,9,9
18,40,FeatureAgent,1,1
18,41,FeatureAgent,15,15
18,42,FeatureAgent,5,5
18,43,FeatureAgent,50,50
18,44,FeatureAgent,50,50
18,45,FeatureAgent,50,50
18,46,FeatureAgent,50,50
18,47,FeatureAgent,11,-40
18,48,FeatureAgent,1,1
18,49,FeatureAgent,2,2
18,50,FeatureAgent,2,2
18,51,FeatureAgent,7,7
18,52,FeatureAgent,1,1
18,53,FeatureAgent,6,6
18,54,FeatureAgent,2,2
18,55,FeatureAgent,8,8
18,56,FeatureAgent,13,13
18,57,FeatureAgent,2,2
18,58,FeatureAgent,2,2
18,59,FeatureAgent,2,2
18,60,FeatureAgent,3,3
18,61,FeatureAgent,17,17
18,62,FeatureAgent,50,50
18,63,FeatureAgent,50,50
18,64,FeatureAgent,50,50
18,65,FeatureAgent,50,50
18,66,FeatureAgent,50,-1
18,67,FeatureAgent,2,2
18,68,FeatureAgent,1,1
18,69,FeatureAgent,3,3
18,70,FeatureAgent,1,1
18,71,FeatureAgent,1,1
18,72,FeatureAgent,1,1
18,73,FeatureAgent,1,1
18,74,FeatureAgent,2,2
18,75,FeatureAgent,1,1
18,76,FeatureAgent,2,2
18,77,FeatureAgent,1,1
18,78,FeatureAgent,1,1
18,79,FeatureAgent,2,2
18,80,FeatureAgent,1,1
18,81,FeatureAgent,6,6
18,82,FeatureAgent,3,3
18,83,FeatureAgent,6,6
18,84,FeatureAgent,50,50
18,85,FeatureAgent,50,50
18,86,FeatureAgent,50,50
18,87,FeatureAgent,50,50
18,88,FeatureAgent,50,50
18,89,FeatureAgent,50,50
18,90,FeatureAgent,50,50
18,91,FeatureAgent,50,50
18,92,FeatureAgent,50,50
18,93,FeatureAgent,50,50
18,94,FeatureAgent,50,50
18,95,FeatureAgent,50,50
18,96,FeatureAgent,50,50
18,97,FeatureAgent,50,50
18,98,FeatureAgent,50,50
18,99,FeatureAgent,50,50
18,100,FeatureAgent,50,50
18,101,FeatureAgent,50,50
18,102,FeatureAgent,50,50
18,103,FeatureAgent,50,50
18,104,FeatureAgent,50,50
18,105,FeatureAgent,50,50
18,106,FeatureAgent,50,50
18,107,FeatureAgent,50,50
18,108,FeatureAgent,50,50
18,109,FeatureAgent,50,50
18,110,FeatureAgent,50,50
18,111,FeatureAgent,50,50
18,112,FeatureAgent,50,50
18,113,FeatureAgent,50,50
18,114,FeatureAgent,50,50
18,115,FeatureAgent,50,50
18,116,FeatureAgent,50,50
18,117,FeatureAgent,50,50
18,118,FeatureAgent,50,50
18,119,FeatureAgent,50,50
18,120,FeatureAgent,50,50
18,121,FeatureAgent,50,50
18,122,FeatureAgent,27,-24
18,123,FeatureAgent,5,5
18,124,FeatureAgent,50,50
18,125,FeatureAgent,1,1
18,126,FeatureAgent,50,50
18,127,FeatureAgent,50,50
18,128,FeatureAgent,50,50
18,129,FeatureAgent,50,50
18,130,FeatureAgent,50,50
18,131,FeatureAgent,50,50
18,132,FeatureAgent,50,50
18,133,FeatureAgent,50,50
18,134,FeatureAgent,50,50
18,135,FeatureAgent,50,-1
18,136,FeatureAgent,50,50
18,137,FeatureAgent,50,50
18,138,FeatureAgent,3,3
18,139,FeatureAgent,50,50
18,140,FeatureAgent,50,50
18,141,FeatureAgent,50,50
18,142,FeatureAgent,43,-8
18,143,FeatureAgent,3,3
18,144,FeatureAgent,24,24
18,145,FeatureAgent,21,21
18,146,FeatureAgent,50,50
18,147,FeatureAgent,4,4
18,148,FeatureAgent,50,50
18,149,FeatureAgent,50,50
18,150,FeatureAgent,50,50
18,151,FeatureAgent,50,50
18,152,FeatureAgent,50,50
18,153,FeatureAgent,17,-34
18,154,FeatureAgent,13,13
18,155,FeatureAgent,2,2
18,156,FeatureAgent,10,10
18,157,FeatureAgent,6,6
18,158,FeatureAgent,9,9
18,159,FeatureAgent,17,17
18,160,FeatureAgent,50,50
18,161,FeatureAgent,50,50
18,162,FeatureAgent,50,50
18,163,FeatureAgent,50,50
18,164,FeatureAgent,50,50
18,165,FeatureAgent,50,50
18,166,FeatureAgent,50,50
18,167,FeatureAgent,50,50
18,168,FeatureAgent,50,50
18,169,FeatureAgent,50,50
18,170,FeatureAgent,50,50
18,171,FeatureAgent,50,50
18,172,FeatureAgent,50,50
18,173,FeatureAgent,50,50
18,174,FeatureAgent,50,50
18,175,FeatureAgent,50,50
18,176,FeatureAgent,50,50
18,177,FeatureAgent,50,50
18,178,FeatureAgent,50,50
18,179,FeatureAgent,50,50
18,180,FeatureAgent,50,50
18,181,FeatureAgent,50,50
18,182,FeatureAgent,50,50
18,183,FeatureAgent,50,50
18,184,FeatureAgent,50,50
18,185,FeatureAgent,19,-32
18,186,FeatureAgent,8,8
18,187,FeatureAgent,1,1
18,188,FeatureAgent,18,18
18,189,FeatureAgent,2,2
18,190,FeatureAgent,1,1
18,191,FeatureAgent,2,2
18,192,FeatureAgent,7,7
18,193,FeatureAgent,18,18
18,194,FeatureAgent,50,50
18,195,FeatureAgent,50,50
18,196,FeatureAgent,50,50
18,197,FeatureAgent,50,50
18,198,FeatureAgent,50,50
18,199,FeatureAgent,50,50
18,200,FeatureAgent,50,50
18,201,FeatureAgent,50,50
18,202,FeatureAgent,50,50
18,203,FeatureAgent,50,50
18,204,FeatureAgent,50,50
18,205,FeatureAgent,50,50
18,206,FeatureAgent,50,50
18,207,FeatureAgent,50,50
18,208,FeatureAgent,50,50
18,209,FeatureAgent,50,50
18,210,FeatureAgent,50,50
18,211,FeatureAgent,50,50
18,212,FeatureAgent,50,50
18,213,FeatureAgent,50,50
18,214,FeatureAgent,50,50
18,215,FeatureAgent,50,50
18,216,FeatureAgent,50,50
18,217,FeatureAgent,50,50
18,218,FeatureAgent,50,50
18,219,FeatureAgent,50,50
18,220,FeatureAgent,50,50
18,221,FeatureAgent,50,50
18,222,FeatureAgent,50,50
18,223,FeatureAgent,50,50
18,224,FeatureAgent,50,50
18,225,FeatureAgent,50,50
18,226,FeatureAgent,50,50
18,227,FeatureAgent,50,50
18,228,FeatureAgent,50,50
18,229,FeatureAgent,50,50
18,230,FeatureAgent,50,50
18,231,FeatureAgent,50,50
18,232,FeatureAgent,50,50
18,233,FeatureAgent,50,50
18,234,FeatureAgent,50,50
18,235,FeatureAgent,50,50
18,236,FeatureAgent,50,50
18,237,FeatureAgent,50,50
18,238,FeatureAgent,50,50
18,239,FeatureAgent,50,50
18,240,FeatureAgent,50,50
18,241,FeatureAgent,50,50
18,242,FeatureAgent,50,50
18,243,FeatureAgent,50,50
18,244,FeatureAgent,50,50
18,245,FeatureAgent,50,50
18,246,FeatureAgent,50,50
18,247,FeatureAgent,50,50
18,248,FeatureAgent,50,50
18,249,FeatureAgent,50,50
18,250,FeatureAgent,50,50
18,251,FeatureAgent,50,50
18,252,FeatureAgent,50,50
18,253,FeatureAgent,38,-13
18,254,FeatureAgent,6,6
18,255,FeatureAgent,5,5
18,256,FeatureAgent,12,12
18,257,FeatureAgent,50,50
18,258,FeatureAgent,50,50
18,259,FeatureAgent,50,50
18,260,FeatureAgent,50,50
18,261,FeatureAgent,50,50
18,262,FeatureAgent,50,50
18,263,FeatureAgent,50,50
18,264,FeatureAgent,50,50
18,265,FeatureAgent,50,50
18,266,FeatureAgent,50,50
18,267,FeatureAgent,50,50
18,268,FeatureAgent,8,-43
18,269,FeatureAgent,1,1
18,270,FeatureAgent,3,3
18,271,FeatureAgent,50,50
18,272,FeatureAgent,46,46
18,273,FeatureAgent,50,50
18,274,FeatureAgent,50,50
18,275,FeatureAgent,50,50
18,276,FeatureAgent,50,50
18,277,FeatureAgent,50,50
18,278,FeatureAgent,50,50
18,279,FeatureAgent,50,50
18,280,FeatureAgent,28,-23
18,281,FeatureAgent,19,19
18,282,FeatureAgent,1,1
18,283,FeatureAgent,50,50
18,284,FeatureAgent,50,50
18,285,FeatureAgent,50,50
18,286,FeatureAgent,50,50
18,287,FeatureAgent,50,50
18,288,FeatureAgent,50,50
18,289,FeatureAgent,50,50
18,290,FeatureAgent,50,50
18,291,FeatureAgent,50,50
18,292,FeatureAgent,50,50
18,293,FeatureAgent,50,50
18,294,FeatureAgent,50,50
18,295,FeatureAgent,50,50
18,296,FeatureAgent,50,50
18,297,FeatureAgent,50,50
18,298,FeatureAgent,50,50
18,299,FeatureAgent,50,50
18,300,FeatureAgent,50,50
18,301,FeatureAgent,50,50
18,302,FeatureAgent,50,50
18,303,FeatureAgent,50,50
18,304,FeatureAgent,50,50
18,305,FeatureAgent,50,50
18,306,FeatureAgent,50,50
18,307,FeatureAgent,45,-6
18,308,FeatureAgent,22,22
18,309,FeatureAgent,28,28
18,310,FeatureAgent,50,50
18,311,FeatureAgent,50,50
18,312,FeatureAgent,50,50
18,313,FeatureAgent,50,50
18,314,FeatureAgent,50,50
18,315,FeatureAgent,50,50
18,316,FeatureAgent,50,50
18,317,FeatureAgent,50,50
18,318,FeatureAgent,50,50
18,319,FeatureAgent,50,50
18,320,FeatureAgent,50,50
18,321,FeatureAgent,50,50
18,322,FeatureAgent,22,-29
18,323,FeatureAgent,12,12
18,324,FeatureAgent,2,2
18,325,FeatureAgent,50,50
18,326,FeatureAgent,50,50
18,327,FeatureAgent,50,50
18,328,FeatureAgent,50,50
18,329,FeatureAgent,50,50
18,330,FeatureAgent,50,50
18,331,FeatureAgent,5,-46
18,332,FeatureAgent,1,1
18,333,FeatureAgent,6,6
18,334,FeatureAgent,8,8
18,335,FeatureAgent,50,50
18,336,FeatureAgent,50,50
18,337,FeatureAgent,50,50
18,338,FeatureAgent,50,50
18,339,FeatureAgent,50,50
18,340,FeatureAgent,43,-8
18,341,FeatureAgent,5,5
18,342,FeatureAgent,50,50
18,343,FeatureAgent,50,50
18,344,FeatureAgent,50,50
18,345,FeatureAgent,50,50
18,346,FeatureAgent,50,50
18,347,FeatureAgent,50,50
18,348,FeatureAgent,50,50
18,349,FeatureAgent,50,50
18,350,FeatureAgent,50,50
18,351,FeatureAgent,50,50
18,352,FeatureAgent,50,50
18,353,FeatureAgent,50,50
18,354,FeatureAgent,50,50
18,355,FeatureAgent,50,50
18,356,FeatureAgent,50,50
18,357,FeatureAgent,12,-39
18,358,FeatureAgent,20,20
18,359,FeatureAgent,1,1
18,360,FeatureAgent,12,12
18,361,FeatureAgent,50,50
18,362,FeatureAgent,50,50
18,363,FeatureAgent,50,50
18,364,FeatureAgent,50,50
18,365,FeatureAgent,50,50
18,366,FeatureAgent,50,50
18,367,FeatureAgent,50,50
18,368,FeatureAgent,50,50
18,369,FeatureAgent,50,50
18,370,FeatureAgent,50,50
18,371,FeatureAgent,50,50
18,372,FeatureAgent,50,50
18,373,FeatureAgent,50,50
18,374,FeatureAgent,50,50
18,375,FeatureAgent,50,50
18,376,FeatureAgent,50,50
18,377,FeatureAgent,50,50
18,378,FeatureAgent,50,50
18,379,FeatureAgent,50,50
18,380,FeatureAgent,50,50
18,381,FeatureAgent,50,50
18,382,FeatureAgent,50,50
18,383,FeatureAgent,50,50
18,384,FeatureAgent,50,50
18,385,FeatureAgent,50,50
18,386,FeatureAgent,50,50
18,387,FeatureAgent,50,50
18,388,FeatureAgent,50,50
18,389,FeatureAgent,50,50
18,390,FeatureAgent,50,50
18,391,FeatureAgent,50,50
18,392,FeatureAgent,50,50
18,393,FeatureAgent,50,50
18,394,FeatureAgent,50,50
18,395,FeatureAgent,9,-42
18,396,FeatureAgent,4,4
18,397,FeatureAgent,9,9
18,398,FeatureAgent,7,7
18,399,FeatureAgent,2,2
18,400,FeatureAgent,3,3
18,401,FeatureAgent,12,12
18,402,FeatureAgent,2,2
18,403,FeatureAgent,50,50
18,404,FeatureAgent,50,50
18,405,FeatureAgent,50,50
18,406,FeatureAgent,50,50
18,407,FeatureAgent,50,50
18,408,FeatureAgent,50,50
18,409,FeatureAgent,50,50
18,410,FeatureAgent,50,50
18,411,FeatureAgent,50,50
18,412,FeatureAgent,50,50
18,413,FeatureAgent,50,50
18,414,FeatureAgent,50,50
18,415,FeatureAgent,50,50
18,416,FeatureAgent,50,50
18,417,FeatureAgent,50,50
18,418,FeatureAgent,50,50
18,419,FeatureAgent,50,50
18,420,FeatureAgent,50,50
18,421,FeatureAgent,50,50
18,422,FeatureAgent,50,50
18,423,FeatureAgent,50,50
18,424,FeatureAgent,50,50
18,425,FeatureAgent,50,50
18,426,FeatureAgent,50,50
18,427,FeatureAgent,50,50
18,428,FeatureAgent,50,50
18,429,FeatureAgent,50,50
18,430,FeatureAgent,50,50
18,431,FeatureAgent,50,50
18,432,FeatureAgent,50,50
18,433,FeatureAgent,50,50
18,434,FeatureAgent,50,50
18,435,FeatureAgent,50,50
18,436,FeatureAgent,50,50
18,437,FeatureAgent,50,50
18,438,FeatureAgent,50,50
18,439,FeatureAgent,50,50
18,440,FeatureAgent,50,50
18,441,FeatureAgent,50,50
18,442,FeatureAgent,50,50
18,443,FeatureAgent,50,50
18,444,FeatureAgent,50,50
18,445,FeatureAgent,50,50
18,446,FeatureAgent,50,50
18,447,FeatureAgent,18,-33
18,448,FeatureAgent,3,3
18,449,FeatureAgent,50,50
18,450,FeatureAgent,50,50
18,451,FeatureAgent,50,50
18,452,FeatureAgent,50,50
18,453,FeatureAgent,50,50
18,454,FeatureAgent,50,50
18,455,FeatureAgent,50,50
18,456,FeatureAgent,50,50
18,457,FeatureAgent,50,50
18,458,FeatureAgent,50,50
18,459,FeatureAgent,50,50
18,460,FeatureAgent,50,50
18,461,FeatureAgent,50,50
18,462,FeatureAgent,50,50
18,463,FeatureAgent,50,50
18,464,FeatureAgent,50,50
18,465,FeatureAgent,50,50
18,466,FeatureAgent,50,50
18,467,FeatureAgent,50,50
18,468,FeatureAgent,50,50
18,469,FeatureAgent,50,50
18,470,FeatureAgent,50,50
18,471,FeatureAgent,50,50
18,472,FeatureAgent,50,50
18,473,FeatureAgent,50,50
18,474,FeatureAgent,50,50
18,475,FeatureAgent,8,-43
18,476,FeatureAgent,10,10
18,477,FeatureAgent,50,50
18,478,FeatureAgent,50,50
18,479,FeatureAgent,50,50
18,480,FeatureAgent,50,50
18,481,FeatureAgent,50,50
18,482,FeatureAgent,50,50
18,483,FeatureAgent,50,50
18,484,FeatureAgent,50,50
18,485,FeatureAgent,50,50
18,486,FeatureAgent,50,50
18,487,FeatureAgent,38,-13
18,488,FeatureAgent,30,30
18,489,FeatureAgent,50,50
18,490,FeatureAgent,50,50
18,491,FeatureAgent,50,50
18,492,FeatureAgent,50,50
18,493,FeatureAgent,50,50
18,494,FeatureAgent,50,50
18,495,FeatureAgent,50,50
18,496,FeatureAgent,50,50
18,497,FeatureAgent,50,50
18,498,FeatureAgent,50,50
18,499,FeatureAgent,50,50
18,500,FeatureAgent,50,50
18,501,FeatureAgent,50,50
18,502,FeatureAgent,50,50
18,503,FeatureAgent,50,50
18,504,FeatureAgent,50,50
18,505,FeatureAgent,50,50
18,506,FeatureAgent,50,50
18,507,FeatureAgent,50,50
18,508,FeatureAgent,50,50
18,509,FeatureAgent,50,50
18,510,FeatureAgent,50,50
18,511,FeatureAgent,50,50
18,512,FeatureAgent,50,50
18,513,FeatureAgent,50,50
18,514,FeatureAgent,50,50
18,515,FeatureAgent,50,50
18,516,FeatureAgent,50,50
18,517,FeatureAgent,50,50
18,518,FeatureAgent,50,50
18,519,FeatureAgent,50,50
18,520,FeatureAgent,50,50
18,521,FeatureAgent,50,50
18,522,FeatureAgent,50,50
18,523,FeatureAgent,50,50
18,524,FeatureAgent,50,50
18,525,FeatureAgent,50,50
18,526,FeatureAgent,50,50
18,527,FeatureAgent,50,50
18,528,FeatureAgent,50,50
18,529,FeatureAgent,50,50
18,530,FeatureAgent,50,50
18,531,FeatureAgent,32,-19
18,532,FeatureAgent,1,1
18,533,FeatureAgent,12,12
18,534,FeatureAgent,50,50
18,535,FeatureAgent,50,50
18,536,FeatureAgent,50,50
18,537,FeatureAgent,50,50
18,538,FeatureAgent,50,50
18,539,FeatureAgent,50,50
18,540,FeatureAgent,50,50
18,541,FeatureAgent,50,50
18,542,FeatureAgent,50,50
18,543,FeatureAgent,50,50
18,544,FeatureAgent,50,50
18,545,FeatureAgent,50,50
18,546,FeatureAgent,50,50
18,547,FeatureAgent,50,50
18,548,FeatureAgent,50,50
18,549,FeatureAgent,50,50
18,550,FeatureAgent,50,50
18,551,FeatureAgent,50,50
18,552,FeatureAgent,50,50
18,553,FeatureAgent,50,50
18,554,FeatureAgent,50,50
18,555,FeatureAgent,50,50
18,556,FeatureAgent,50,50
18,557,FeatureAgent,50,50
18,558,FeatureAgent,50,50
18,559,FeatureAgent,50,50
18,560,FeatureAgent,50,50
18,561,FeatureAgent,50,50
18,562,FeatureAgent,50,50
18,563,FeatureAgent,50,50
18,564,FeatureAgent,50,50
18,565,FeatureAgent,50,50
18,566,FeatureAgent,50,50
18,567,FeatureAgent,50,50
18,568,FeatureAgent,50,50
18,569,FeatureAgent,50,50
18,570,FeatureAgent,4,-47
18,571,FeatureAgent,3,3
18,572,FeatureAgent,50,50
18,573,FeatureAgent,50,50
18,574,FeatureAgent,50,50
18,575,FeatureAgent,50,50
18,576,FeatureAgent,50,50
18,577,FeatureAgent,50,50
18,578,FeatureAgent,50,50
18,579,FeatureAgent,50,50
18,580,FeatureAgent,9,-42
18,581,FeatureAgent,50,50
18,582,FeatureAgent,50,50
18,583,FeatureAgent,50,50
18,584,FeatureAgent,50,50
18,585,FeatureAgent,50,50
18,586,FeatureAgent,50,50
18,587,FeatureAgent,50,50
18,588,FeatureAgent,23,-28
18,589,FeatureAgent,10,10
18,590,FeatureAgent,19,-32
18,591,FeatureAgent,50,50
18,592,FeatureAgent,26,-25
18,593,FeatureAgent,3,3
18,594,FeatureAgent,5,5
18,595,FeatureAgent,5,5
18,596,FeatureAgent,1,1
18,597,FeatureAgent,12,12
18,598,FeatureAgent,50,50
18,599,FeatureAgent,50,50
18,600,FeatureAgent,50,50
18,601,FeatureAgent,50,50
18,602,FeatureAgent,50,50
18,603,FeatureAgent,6,-45
18,604,FeatureAgent,32,32
18,605,FeatureAgent,50,50
18,606,FeatureAgent,50,50
18,607,FeatureAgent,50,50
18,608,FeatureAgent,50,50
18,609,FeatureAgent,50,50
18,610,FeatureAgent,50,50
18,611,FeatureAgent,50,50
18,612,FeatureAgent,50,50
18,613,FeatureAgent,50,50
18,614,FeatureAgent,50,50
18,615,FeatureAgent,50,50
18,616,FeatureAgent,50,50
18,617,FeatureAgent,50,50
18,618,FeatureAgent,29,-22
18,619,FeatureAgent,24,24
18,620,FeatureAgent,15,15
18,621,FeatureAgent,50,50
18,622,FeatureAgent,50,50
18,623,FeatureAgent,50,50
18,624,FeatureAgent,10,-41
18,625,FeatureAgent,18,18
18,626,FeatureAgent,1,1
18,627,FeatureAgent,42,42
18,628,FeatureAgent,50,50
18,629,FeatureAgent,50,50
18,630,FeatureAgent,50,-1
18,631,FeatureAgent,50,50
18,632,FeatureAgent,50,50
18,633,FeatureAgent,50,50
18,634,FeatureAgent,50,50
18,635,FeatureAgent,50,50
18,636,FeatureAgent,50,50
18,637,FeatureAgent,50,50
18,638,FeatureAgent,42,-9
18,639,FeatureAgent,50,50
18,640,FeatureAgent,50,50
18,641,FeatureAgent,50,50
18,642,FeatureAgent,50,50
18,643,FeatureAgent,50,50
18,644,FeatureAgent,50,50
18,645,FeatureAgent,50,50
18,646,FeatureAgent,50,50
18,647,FeatureAgent,50,50
18,648,FeatureAgent,50,50
18,649,FeatureAgent,50,50
18,650,FeatureAgent,50,50
18,651,FeatureAgent,50,50
18,652,FeatureAgent,4,-47
18,653,FeatureAgent,2,2
18,654,FeatureAgent,50,50
18,655,FeatureAgent,50,50
18,656,FeatureAgent,50,50
18,657,FeatureAgent,50,50
18,658,FeatureAgent,50,50
18,659,FeatureAgent,50,50
18,660,FeatureAgent,50,50
18,661,FeatureAgent,50,50
18,662,FeatureAgent,50,-1
18,663,FeatureAgent,50,50
18,664,FeatureAgent,50,50
18,665,FeatureAgent,50,50
18,666,FeatureAgent,50,50
18,667,FeatureAgent,50,50
18,668,FeatureAgent,50,50
18,669,FeatureAgent,50,50
18,670,FeatureAgent,50,50
18,671,FeatureAgent,50,50
18,672,FeatureAgent,50,50
18,673,FeatureAgent,50,50
18,674,FeatureAgent,50,50
18,675,FeatureAgent,50,50
18,676,FeatureAgent,50,50
18,677,FeatureAgent,50,50
18,678,FeatureAgent,50,50
18,679,FeatureAgent,50,50
18,680,FeatureAgent,50,50
18,681,FeatureAgent,50,50
18,682,FeatureAgent,50,50
18,683,FeatureAgent,50,50
18,684,FeatureAgent,50,50
18,685,FeatureAgent,50,50
18,686,FeatureAgent,50,50
18,687,FeatureAgent,50,50
18,688,FeatureAgent,50,50
18,689,FeatureAgent,50,50
18,690,FeatureAgent,50,50
18,691,FeatureAgent,50,50
18,692,FeatureAgent,50,50
18,693,FeatureAgent,50,50
18,694,FeatureAgent,50,50
18,695,FeatureAgent,50,50
18,696,FeatureAgent,19,-32
18,697,FeatureAgent,4,4
18,698,FeatureAgent,14,14
18,699,FeatureAgent,50,50
18,700,FeatureAgent,50,50
18,701,FeatureAgent,50,50
18,702,FeatureAgent,50,50
18,703,FeatureAgent,50,50
18,704,FeatureAgent,50,50
18,705,FeatureAgent,50,50
18,706,FeatureAgent,20,-31
18,707,FeatureAgent,50,50
18,708,FeatureAgent,50,50
18,709,FeatureAgent,50,50
18,710,FeatureAgent,50,50
18,711,FeatureAgent,50,50
18,712,FeatureAgent,50,50
18,713,FeatureAgent,50,50
18,714,FeatureAgent,50,50
18,715,FeatureAgent,50,50
18,716,FeatureAgent,50,50
18,717,FeatureAgent,50,50
18,718,FeatureAgent,50,50
18,719,FeatureAgent,50,50
18,720,FeatureAgent,50,50
18,721,FeatureAgent,50,50
18,722,FeatureAgent,36,-15
18,723,FeatureAgent,50,50
18,724,FeatureAgent,50,50
18,725,FeatureAgent,50,50
18,726,FeatureAgent,50,50
18,727,FeatureAgent,50,50
18,728,FeatureAgent,50,50
18,729,FeatureAgent,50,50
18,730,FeatureAgent,50,50
18,731,FeatureAgent,50,50
18,732,FeatureAgent,50,50
18,733,FeatureAgent,50,50
18,734,FeatureAgent,50,-1
18,735,FeatureAgent,50,50
18,736,FeatureAgent,50,50
18,737,FeatureAgent,50,50
18,738,FeatureAgent,50,50
18,739,FeatureAgent,50,50
18,740,FeatureAgent,50,50
18,741,FeatureAgent,50,50
18,742,FeatureAgent,50,50
18,743,FeatureAgent,50,50
18,744,FeatureAgent,50,-1
18,745,FeatureAgent,50,50
18,746,FeatureAgent,50,50
18,747,FeatureAgent,50,50
18,748,FeatureAgent,50,50
18,749,FeatureAgent,50,50
18,750,FeatureAgent,50,50
18,751,FeatureAgent,50,-1
18,752,FeatureAgent,50,50
18,753,FeatureAgent,50,50
18,754,FeatureAgent,50,50
18,755,FeatureAgent,50,50
18,756,FeatureAgent,50,50
18,757,FeatureAgent,50,50
18,758,FeatureAgent,50,50
18,759,FeatureAgent,50,50
18,760,FeatureAgent,50,50
18,761,FeatureAgent,50,50
18,762,FeatureAgent,50,50
18,763,FeatureAgent,50,50
18,764,FeatureAgent,50,-1
18,765,FeatureAgent,50,50
18,766,FeatureAgent,50,50
18,767,FeatureAgent,50,50
18,768,FeatureAgent,50,50
18,769,FeatureAgent,50,50
18,770,FeatureAgent,50,50
18,771,FeatureAgent,50,50
18,772,FeatureAgent,50,50
18,773,FeatureAgent,50,50
18,774,FeatureAgent,50,50
18,775,FeatureAgent,50,50
18,776,FeatureAgent,14,-37
18,777,FeatureAgent,50,50
18,778,FeatureAgent,50,50
18,779,FeatureAgent,50,50
18,780,FeatureAgent,50,50
18,781,FeatureAgent,50,50
18,782,FeatureAgent,50,50
18,783,FeatureAgent,50,50
18,784,FeatureAgent,50,50
18,785,FeatureAgent,50,50
18,786,FeatureAgent,50,-1
18,787,FeatureAgent,50,50
18,788,FeatureAgent,50,50
18,789,FeatureAgent,50,50
18,790,FeatureAgent,50,50
18,791,FeatureAgent,50,50
18,792,FeatureAgent,50,50
18,793,FeatureAgent,50,50
18,794,FeatureAgent,50,50
18,795,FeatureAgent,50,50
18,796,FeatureAgent,50,50
18,797,FeatureAgent,50,50
18,798,FeatureAgent,50,50
18,799,FeatureAgent,50,50
18,800,FeatureAgent,50,50
18,801,FeatureAgent,50,50
18,802,FeatureAgent,50,50
18,803,FeatureAgent,50,50
18,804,FeatureAgent,50,50
18,805,FeatureAgent,50,50
18,806,FeatureAgent,20,-31
18,807,FeatureAgent,50,50
18,808,FeatureAgent,43,-8
18,809,FeatureAgent,1,1
18,810,FeatureAgent,1,1
18,811,FeatureAgent,1,1
18,812,FeatureAgent,2,2
18,813,FeatureAgent,2,2
18,814,FeatureAgent,1,1
18,815,FeatureAgent,1,1
18,816,FeatureAgent,1,1
18,817,FeatureAgent,1,1
18,818,FeatureAgent,2,2
18,819,FeatureAgent,4,4
18,820,FeatureAgent,50,50
18,821,FeatureAgent,50,50
18,822,FeatureAgent,50,50
18,823,FeatureAgent,50,50
18,824,FeatureAgent,50,50
18,825,FeatureAgent,50,50
18,826,FeatureAgent,50,50
18,827,FeatureAgent,50,50
18,828,FeatureAgent,50,50
18,829,FeatureAgent,50,50
18,830,FeatureAgent,50,50
18,831,FeatureAgent,50,50
18,832,FeatureAgent,50,50
18,833,FeatureAgent,50,50
18,834,FeatureAgent,50,50
18,835,FeatureAgent,50,50
18,836,FeatureAgent,50,50
18,837,FeatureAgent,50,50
18,838,FeatureAgent,50,50
18,839,FeatureAgent,50,50
18,840,FeatureAgent,50,50
18,841,FeatureAgent,50,50
18,842,FeatureAgent,50,50
18,843,FeatureAgent,50,50
18,844,FeatureAgent,50,50
18,845,FeatureAgent,50,50
18,846,FeatureAgent,50,50
18,847,FeatureAgent,50,50
18,848,FeatureAgent,50,50
18,849,FeatureAgent,50,50
18,850,FeatureAgent,50,50
18,851,FeatureAgent,50,50
18,852,FeatureAgent,50,50
18,853,FeatureAgent,50,50
18,854,FeatureAgent,50,50
18,855,FeatureAgent,50,50
18,856,FeatureAgent,50,50
18,857,FeatureAgent,50,50
18,858,FeatureAgent,35,-16
18,859,FeatureAgent,50,50
18,860,FeatureAgent,50,50
18,861,FeatureAgent,50,50
18,862,FeatureAgent,50,50
18,863,FeatureAgent,50,50
18,864,FeatureAgent,50,50
18,865,FeatureAgent,50,50
18,866,FeatureAgent,50,50
18,867,FeatureAgent,50,50
18,868,FeatureAgent,50,50
18,869,FeatureAgent,50,50
18,870,FeatureAgent,50,50
18,871,FeatureAgent,50,50
18,872,FeatureAgent,50,50
18,873,FeatureAgent,50,50
18,874,FeatureAgent,50,50
18,875,FeatureAgent,50,50
18,876,FeatureAgent,50,50
18,877,FeatureAgent,50,50
18,878,FeatureAgent,50,50
18,879,FeatureAgent,50,50
18,880,FeatureAgent,50,50
18,881,FeatureAgent,50,50
18,882,FeatureAgent,50,50
18,883,FeatureAgent,50,50
18,884,FeatureAgent,50,50
18,885,FeatureAgent,50,50
18,886,FeatureAgent,50,50
18,887,FeatureAgent,50,50
18,888,FeatureAgent,50,50
18,889,FeatureAgent,50,50
18,890,FeatureAgent,50,50
18,891,FeatureAgent,50,50
18,892,FeatureAgent,50,50
18,893,FeatureAgent,50,50
18,894,FeatureAgent,50,50
18,895,FeatureAgent,50,-1
18,896,FeatureAgent,50,50
18,897,FeatureAgent,50,50
18,898,FeatureAgent,50,50
18,899,FeatureAgent,50,50
18,900,FeatureAgent,50,50
18,901,FeatureAgent,50,50
18,902,FeatureAgent,50,50
18,903,FeatureAgent,50,50
18,904,FeatureAgent,50,50
18,905,FeatureAgent,50,50
18,906,FeatureAgent,50,50
18,907,FeatureAgent,50,50
18,908,FeatureAgent,50,50
18,909,FeatureAgent,50,50
18,910,FeatureAgent,50,50
18,911,FeatureAgent,50,50
18,912,FeatureAgent,50,50
18,913,FeatureAgent,50,50
18,914,FeatureAgent,50,50
18,915,FeatureAgent,50,50
18,916,FeatureAgent,50,50
18,917,FeatureAgent,50,50
18,918,FeatureAgent,50,50
18,919,FeatureAgent,50,50
18,920,FeatureAgent,50,50
18,921,FeatureAgent,50,50
18,922,FeatureAgent,50,50
18,923,FeatureAgent,50,50
18,924,FeatureAgent,50,50
18,925,FeatureAgent,50,50
18,926,FeatureAgent,50,50
18,927,FeatureAgent,50,50
18,928,FeatureAgent,50,50
18,929,FeatureAgent,50,50
18,930,FeatureAgent,50,50
18,931,FeatureAgent,50,50
18,932,FeatureAgent,50,50
18,933,FeatureAgent,50,50
18,934,FeatureAgent,50,50
18,935,FeatureAgent,50,50
18,936,FeatureAgent,50,50
18,937,FeatureAgent,50,50
18,938,FeatureAgent,50,50
18,939,FeatureAgent,50,50
18,940,FeatureAgent,50,50
18,941,FeatureAgent,50,50
18,942,FeatureAgent,50,50
18,943,FeatureAgent,50,50
18,944,FeatureAgent,50,50
18,945,FeatureAgent,50,50
18,946,FeatureAgent,50,50
18,947,FeatureAgent,50,50
18,948,FeatureAgent,50,50
18,949,FeatureAgent,50,50
18,950,FeatureAgent,50,50
18,951,FeatureAgent,50,50
18,952,FeatureAgent,50,50
18,953,FeatureAgent,50,50
18,954,FeatureAgent,50,50
18,955,FeatureAgent,50,50
18,956,FeatureAgent,50,50
18,957,FeatureAgent,50,50
18,958,FeatureAgent,50,50
18,959,FeatureAgent,50,50
18,960,FeatureAgent,50,50
18,961,FeatureAgent,50,50
18,962,FeatureAgent,50,50
18,963,FeatureAgent,50,50
18,964,FeatureAgent,50,50
18,965,FeatureAgent,50,50
18,966,FeatureAgent,50,50
18,967,FeatureAgent,50,50
18,968,FeatureAgent,50,50
18,969,FeatureAgent,50,50
18,970,FeatureAgent,50,50
18,971,FeatureAgent,50,50
18,972,FeatureAgent,50,50
18,973,FeatureAgent,50,50
18,974,FeatureAgent,50,50
18,975,FeatureAgent,50,50
18,976,FeatureAgent,50,-1
18,977,FeatureAgent,50,50
18,978,FeatureAgent,50,50
18,979,FeatureAgent,50,50
18,980,FeatureAgent,50,50
18,981,FeatureAgent,50,50
18,982,FeatureAgent,50,50
18,983,FeatureAgent,50,50
18,984,FeatureAgent,50,50
18,985,FeatureAgent,50,50
18,986,FeatureAgent,50,50
18,987,FeatureAgent,50,50
18,988,FeatureAgent,50,50
18,989,FeatureAgent,50,50
18,990,FeatureAgent,50,50
18,991,FeatureAgent,50,50
18,992,FeatureAgent,50,50
18,993,FeatureAgent,50,50
18,994,FeatureAgent,50,50
18,995,FeatureAgent,50,50
18,996,FeatureAgent,50,50
18,997,FeatureAgent,50,50
18,998,FeatureAgent,50,50
18,999,FeatureAgent,50,50
18,1000,FeatureAgent,50,50
19,1,FeatureAgent,24,24
19,2,FeatureAgent,13,13
19,3,FeatureAgent,5,5
19,4,FeatureAgent,4,4
19,5,FeatureAgent,22,22
19,6,FeatureAgent,50,50
19,7,FeatureAgent,50,50
19,8,FeatureAgent,50,50
19,9,FeatureAgent,50,50
19,10,FeatureAgent,50,50
19,11,FeatureAgent,13,-38
19,12,FeatureAgent,4,4
19,13,FeatureAgent,1,1
19,14,FeatureAgent,1,1
19,15,FeatureAgent,1,1
19,16,FeatureAgent,2,2
19,17,FeatureAgent,1,1
19,18,FeatureAgent,1,1
19,19,FeatureAgent,1,1
19,20,FeatureAgent,2,2
19,21,FeatureAgent,1,1
19,22,FeatureAgent,1,1
19,23,FeatureAgent,3,3
19,24,FeatureAgent,1,1
19,25,FeatureAgent,2,2
19,26,FeatureAgent,1,1
19,27,FeatureAgent,2,2
19,28,FeatureAgent,1,1
19,29,FeatureAgent,16,16
19,30,FeatureAgent,1,1
19,31,FeatureAgent,20,20
19,32,FeatureAgent,1,1
19,33,FeatureAgent,22,22
19,34,FeatureAgent,50,50
19,35,FeatureAgent,50,50
19,36,FeatureAgent,50,50
19,37,FeatureAgent,50,50
19,38,FeatureAgent,50,50
19,39,FeatureAgent,50,50
19,40,FeatureAgent,50,50
19,41,FeatureAgent,50,50
19,42,FeatureAgent,50,50
19,43,FeatureAgent,50,50
19,44,FeatureAgent,50,50
19,45,FeatureAgent,50,50
19,46,FeatureAgent,50,50
19,47,FeatureAgent,50,50
19,48,FeatureAgent,50,50
19,49,FeatureAgent,50,50
19,50,FeatureAgent,50,50
19,51,FeatureAgent,50,50
19,52,FeatureAgent,50,50
19,53,FeatureAgent,50,50
19,54,FeatureAgent,50,50
19,55,FeatureAgent,50,50
19,56,FeatureAgent,50,50
19,57,FeatureAgent,50,50
19,58,FeatureAgent,50,50
19,59,FeatureAgent,50,50
19,60,FeatureAgent,50,50
19,61,FeatureAgent,50,50
19,62,FeatureAgent,41,-10
19,63,FeatureAgent,3,3
19,64,FeatureAgent,13,13
19,65,FeatureAgent,1,1
19,66,FeatureAgent,12,12
19,67,FeatureAgent,6,6
19,68,FeatureAgent,6,6
19,69,FeatureAgent,3,3
19,70,FeatureAgent,5,5
19,71,FeatureAgent,3,3
19,72,FeatureAgent,1,1
19,73,FeatureAgent,11,11
19,74,FeatureAgent,20,20
19,75,FeatureAgent,16,16
19,76,FeatureAgent,50,50
19,77,FeatureAgent,50,50
19,78,FeatureAgent,50,50
19,79,FeatureAgent,50,50
19,80,FeatureAgent,50,50
19,81,FeatureAgent,50,50
19,82,FeatureAgent,50,50
19,83,FeatureAgent,50,50
19,84,FeatureAgent,50,50
19,85,FeatureAgent,50,50
19,86,FeatureAgent,50,50
19,87,FeatureAgent,50,50
19,88,FeatureAgent,50,50
19,89,FeatureAgent,50,50
19,90,FeatureAgent,50,50
19,91,FeatureAgent,50,50
19,92,FeatureAgent,50,50
19,93,FeatureAgent,50,50
19,94,FeatureAgent,50,50
19,95,FeatureAgent,50,50
19,96,FeatureAgent,50,50
19,97,FeatureAgent,50,50
19,98,FeatureAgent,50,50
19,99,FeatureAgent,50,50
19,100,FeatureAgent,28,-23
19,101,FeatureAgent,9,9
19,102,FeatureAgent,3,3
19,103,FeatureAgent,3,3
19,104,FeatureAgent,3,3
19,105,FeatureAgent,2,2
19,106,FeatureAgent,2,2
19,107,FeatureAgent,2,2
19,108,FeatureAgent,1,1
19,109,FeatureAgent,3,3
19,110,FeatureAgent,5,5
19,111,FeatureAgent,50,50
19,112,FeatureAgent,50,50
19,113,FeatureAgent,50,50
19,114,FeatureAgent,50,50
19,115,FeatureAgent,14,-37
19,116,FeatureAgent,2,2
19,117,FeatureAgent,1,1
19,118,FeatureAgent,5,5
19,119,FeatureAgent,9,9
19,120,FeatureAgent,3,3
19,121,FeatureAgent,9,9
19,122,FeatureAgent,7,7
19,123,FeatureAgent,2,2
19,124,FeatureAgent,50,50
19,125,FeatureAgent,50,50
19,126,FeatureAgent,50,50
19,127,FeatureAgent,50,50
19,128,FeatureAgent,50,50
19,129,FeatureAgent,50,50
19,130,FeatureAgent,50,50
19,131,FeatureAgent,50,50
19,132,FeatureAgent,50,50
19,133,FeatureAgent,50,50
19,134,FeatureAgent,50,50
19,135,FeatureAgent,50,50
19,136,FeatureAgent,50,50
19,137,FeatureAgent,50,50
19,138,FeatureAgent,50,50
19,139,FeatureAgent,50,50
19,140,FeatureAgent,50,50
19,141,FeatureAgent,50,50
19,142,FeatureAgent,50,50
19,143,FeatureAgent,50,50
19,144,FeatureAgent,50,50
19,145,FeatureAgent,50,50
19,146,FeatureAgent,50,50
19,147,FeatureAgent,50,50
19,148,FeatureAgent,50,50
19,149,FeatureAgent,50,50
19,150,FeatureAgent,50,50
19,151,FeatureAgent,50,50
19,152,FeatureAgent,50,50
19,153,FeatureAgent,7,-44
19,154,FeatureAgent,1,1
19,155,FeatureAgent,1,1
19,156,FeatureAgent,3,3
19,157,FeatureAgent,1,1
19,158,FeatureAgent,3,3
19,159,FeatureAgent,2,2
19,160,FeatureAgent,6,6
19,161,FeatureAgent,2,2
19,162,FeatureAgent,50,50
19,163,FeatureAgent,50,50
19,164,FeatureAgent,50,50
19,165,FeatureAgent,50,50
19,166,FeatureAgent,50,50
19,167,FeatureAgent,50,50
19,168,FeatureAgent,50,50
19,169,FeatureAgent,50,50
19,170,FeatureAgent,50,50
19,171,FeatureAgent,50,50
19,172,FeatureAgent,50,50
19,173,FeatureAgent,50,50
19,174,FeatureAgent,50,50
19,175,FeatureAgent,50,50
19,176,FeatureAgent,50,50
19,177,FeatureAgent,50,50
19,178,FeatureAgent,50,50
19,179,FeatureAgent,50,50
19,180,FeatureAgent,50,50
19,181,FeatureAgent,50,50
19,182,FeatureAgent,50,50
19,183,FeatureAgent,50,50
19,184,FeatureAgent,50,50
19,185,FeatureAgent,50,50
19,186,FeatureAgent,50,50
19,187,FeatureAgent,50,50
19,188,FeatureAgent,50,50
19,189,FeatureAgent,50,50
19,190,FeatureAgent,50,50
19,191,FeatureAgent,50,50
19,192,FeatureAgent,18,-33
19,193,FeatureAgent,2,2
19,194,FeatureAgent,1,1
19,195,FeatureAgent,2,2
19,196,FeatureAgent,1,1
19,197,FeatureAgent,15,15
19,198,FeatureAgent,50,50
19,199,FeatureAgent,50,50
19,200,FeatureAgent,50,50
19,201,FeatureAgent,50,50
19,202,FeatureAgent,50,50
19,203,FeatureAgent,50,50
19,204,FeatureAgent,50,50
19,205,FeatureAgent,50,50
19,206,FeatureAgent,50,50
19,207,FeatureAgent,50,50
19,208,FeatureAgent,50,50
19,209,FeatureAgent,50,50
19,210,FeatureAgent,50,50
19,211,FeatureAgent,50,50
19,212,FeatureAgent,50,50
19,213,FeatureAgent,50,50
19,214,FeatureAgent,50,50
19,215,FeatureAgent,23,-28
19,216,FeatureAgent,18,18
19,217,FeatureAgent,9,9
19,218,FeatureAgent,50,50
19,219,FeatureAgent,50,50
19,220,FeatureAgent,50,50
19,221,FeatureAgent,50,50
19,222,FeatureAgent,50,50
19,223,FeatureAgent,50,50
19,224,FeatureAgent,50,50
19,225,FeatureAgent,50,50
19,226,FeatureAgent,50,50
19,227,FeatureAgent,30,-21
19,228,FeatureAgent,12,12
19,229,FeatureAgent,8,8
19,230,FeatureAgent,7,7
19,231,FeatureAgent,47,47
19,232,FeatureAgent,50,50
19,233,FeatureAgent,50,50
19,234,FeatureAgent,50,50
19,235,FeatureAgent,50,50
19,236,FeatureAgent,50,50
19,237,FeatureAgent,50,50
19,238,FeatureAgent,50,50
19,239,FeatureAgent,50,50
19,240,FeatureAgent,50,50
19,241,FeatureAgent,50,50
19,242,FeatureAgent,50,50
19,243,FeatureAgent,50,50
19,244,FeatureAgent,50,50
19,245,FeatureAgent,50,50
19,246,FeatureAgent,50,50
19,247,FeatureAgent,50,50
19,248,FeatureAgent,50,50
19,249,FeatureAgent,50,50
19,250,FeatureAgent,50,50
19,251,FeatureAgent,50,50
19,252,FeatureAgent,50,50
19,253,FeatureAgent,50,-1
19,254,FeatureAgent,14,14
19,255,FeatureAgent,50,50
19,256,FeatureAgent,50,50
19,257,FeatureAgent,50,50
19,258,FeatureAgent,50,50
19,259,FeatureAgent,50,50
19,260,FeatureAgent,50,50
19,261,FeatureAgent,50,50
19,262,FeatureAgent,50,50
19,263,FeatureAgent,50,50
19,264,FeatureAgent,50,50
19,265,FeatureAgent,50,50
19,266,FeatureAgent,50,50
19,267,FeatureAgent,50,50
19,268,FeatureAgent,50,50
19,269,FeatureAgent,50,50
19,270,FeatureAgent,50,50
19,271,FeatureAgent,50,50
19,272,FeatureAgent,50,50
19,273,FeatureAgent,50,50
19,274,FeatureAgent,50,50
19,275,FeatureAgent,50,50
19,276,FeatureAgent,50,50
19,277,FeatureAgent,50,50
19,278,FeatureAgent,50,50
19,279,FeatureAgent,50,50
19,280,FeatureAgent,50,50
19,281,FeatureAgent,50,50
19,282,FeatureAgent,50,50
19,283,FeatureAgent,50,50
19,284,FeatureAgent,50,50
19,285,FeatureAgent,27,-24
19,286,FeatureAgent,50,50
19,287,FeatureAgent,50,50
19,288,FeatureAgent,50,50
19,289,FeatureAgent,50,50
19,290,FeatureAgent,50,50
19,291,FeatureAgent,50,50
19,292,FeatureAgent,50,50
19,293,FeatureAgent,50,50
19,294,FeatureAgent,50,50
19,295,FeatureAgent,50,50
19,296,FeatureAgent,50,50
19,297,FeatureAgent,50,50
19,298,FeatureAgent,50,50
19,299,FeatureAgent,50,50
19,300,FeatureAgent,50,50
19,301,FeatureAgent,50,50
19,302,FeatureAgent,50,50
19,303,FeatureAgent,50,50
19,304,FeatureAgent,50,50
19,305,FeatureAgent,50,50
19,306,FeatureAgent,50,50
19,307,FeatureAgent,50,50
19,308,FeatureAgent,50,50
19,309,FeatureAgent,50,50
19,310,FeatureAgent,50,50
19,311,FeatureAgent,50,50
19,312,FeatureAgent,50,50
19,313,FeatureAgent,50,50
19,314,FeatureAgent,50,50
19,315,FeatureAgent,50,50
19,316,FeatureAgent,50,50
19,317,FeatureAgent,50,50
19,318,FeatureAgent,50,50
19,319,FeatureAgent,50,50
19,320,FeatureAgent,50,50
19,321,FeatureAgent,50,50
19,322,FeatureAgent,50,50
19,323,FeatureAgent,50,50
19,324,FeatureAgent,50,50
19,325,FeatureAgent,50,50
19,326,FeatureAgent,50,50
19,327,FeatureAgent,50,50
19,328,FeatureAgent,50,50
19,329,FeatureAgent,50,50
19,330,FeatureAgent,50,50
19,331,FeatureAgent,50,50
19,332,FeatureAgent,50,50
19,333,FeatureAgent,50,50
19,334,FeatureAgent,50,50
19,335,FeatureAgent,50,50
19,336,FeatureAgent,50,50
19,337,FeatureAgent,50,50
19,338,FeatureAgent,50,50
19,339,FeatureAgent,50,50
19,340,FeatureAgent,50,50
19,341,FeatureAgent,50,50
19,342,FeatureAgent,50,50
19,343,FeatureAgent,50,50
19,344,FeatureAgent,50,50
19,345,FeatureAgent,50,-1
19,346,FeatureAgent,50,50
19,347,FeatureAgent,50,50
19,348,FeatureAgent,50,50
19,349,FeatureAgent,50,50
19,350,FeatureAgent,50,50
19,351,FeatureAgent,50,50
19,352,FeatureAgent,50,50
19,353,FeatureAgent,50,50
19,354,FeatureAgent,50,50
19,355,FeatureAgent,50,50
19,356,FeatureAgent,50,50
19,357,FeatureAgent,50,50
19,358,FeatureAgent,39,-12
19,359,FeatureAgent,16,16
19,360,FeatureAgent,50,50
19,361,FeatureAgent,50,50
19,362,FeatureAgent,50,50
19,363,FeatureAgent,50,50
19,364,FeatureAgent,50,50
19,365,FeatureAgent,50,50
19,366,FeatureAgent,50,50
19,367,FeatureAgent,50,50
19,368,FeatureAgent,50,50
19,369,FeatureAgent,50,50
19,370,FeatureAgent,50,50
19,371,FeatureAgent,50,50
19,372,FeatureAgent,50,50
19,373,FeatureAgent,50,50
19,374,FeatureAgent,50,50
19,375,FeatureAgent,50,50
19,376,FeatureAgent,50,50
19,377,FeatureAgent,50,50
19,378,FeatureAgent,50,50
19,379,FeatureAgent,50,50
19,380,FeatureAgent,50,50
19,381,FeatureAgent,50,50
19,382,FeatureAgent,50,50
19,383,FeatureAgent,50,50
19,384,FeatureAgent,50,50
19,385,FeatureAgent,50,50
19,386,FeatureAgent,50,50
19,387,FeatureAgent,50,50
19,388,FeatureAgent,50,50
19,389,FeatureAgent,50,50
19,390,FeatureAgent,50,50
19,391,FeatureAgent,50,50
19,392,FeatureAgent,50,50
19,393,FeatureAgent,50,50
19,394,FeatureAgent,50,50
19,395,FeatureAgent,50,50
19,396,FeatureAgent,50,50
19,397,FeatureAgent,50,50
19,398,FeatureAgent,50,50
19,399,FeatureAgent,50,50
19,400,FeatureAgent,50,50
19,401,FeatureAgent,50,50
19,402,FeatureAgent,50,50
19,403,FeatureAgent,50,50
19,404,FeatureAgent,50,-1
19,405,FeatureAgent,50,50
19,406,FeatureAgent,50,50
19,407,FeatureAgent,50,50
19,408,FeatureAgent,50,50
19,409,FeatureAgent,50,50
19,410,FeatureAgent,50,50
19,411,FeatureAgent,50,50
19,412,FeatureAgent,50,50
19,413,FeatureAgent,50,50
19,414,FeatureAgent,50,-1
19,415,FeatureAgent,50,50
19,416,FeatureAgent,50,50
19,417,FeatureAgent,50,50
19,418,FeatureAgent,50,50
19,419,FeatureAgent,50,50
19,420,FeatureAgent,50,50
19,421,FeatureAgent,50,50
19,422,FeatureAgent,50,50
19,423,FeatureAgent,50,50
19,424,FeatureAgent,50,50
19,425,FeatureAgent,50,50
19,426,FeatureAgent,50,50
19,427,FeatureAgent,50,50
19,428,FeatureAgent,50,50
19,429,FeatureAgent,50,50
19,430,FeatureAgent,50,50
19,431,FeatureAgent,50,50
19,432,FeatureAgent,50,50
19,433,FeatureAgent,50,50
19,434,FeatureAgent,50,50
19,435,FeatureAgent,50,50
19,436,FeatureAgent,50,50
19,437,FeatureAgent,50,50
19,438,FeatureAgent,50,50
19,439,FeatureAgent,50,50
19,440,FeatureAgent,50,50
19,441,FeatureAgent,50,50
19,442,FeatureAgent,50,50
19,443,FeatureAgent,50,50
19,444,FeatureAgent,50,50
19,445,FeatureAgent,50,50
19,446,FeatureAgent,50,50
19,447,FeatureAgent,50,50
19,448,FeatureAgent,50,50
19,449,FeatureAgent,50,50
19,450,FeatureAgent,50,50
19,451,FeatureAgent,50,50
19,452,FeatureAgent,50,-1
19,453,FeatureAgent,50,50
19,454,FeatureAgent,50,50
19,455,FeatureAgent,50,50
19,456,FeatureAgent,50,50
19,457,FeatureAgent,50,50
19,458,FeatureAgent,50,50
19,459,FeatureAgent,50,50
19,460,FeatureAgent,50,50
19,461,FeatureAgent,50,50
19,462,FeatureAgent,50,50
19,463,FeatureAgent,50,50
19,464,FeatureAgent,50,50
19,465,FeatureAgent,50,50
19,466,FeatureAgent,50,50
19,467,FeatureAgent,50,50
19,468,FeatureAgent,50,50
19,469,FeatureAgent,50,50
19,470,FeatureAgent,50,50
19,471,FeatureAgent,50,50
19,472,FeatureAgent,50,50
19,473,FeatureAgent,50,50
19,474,FeatureAgent,50,-1
19,475,FeatureAgent,50,50
19,476,FeatureAgent,50,50
19,477,FeatureAgent,50,50
19,478,FeatureAgent,50,50
19,479,FeatureAgent,50,50
19,480,FeatureAgent,50,50
19,481,FeatureAgent,50,50
19,482,FeatureAgent,50,50
19,483,FeatureAgent,50,50
19,484,FeatureAgent,50,50
19,485,FeatureAgent,50,50
19,486,FeatureAgent,50,50
19,487,FeatureAgent,50,50
19,488,FeatureAgent,50,50
19,489,FeatureAgent,50,50
19,490,FeatureAgent,50,50
19,491,FeatureAgent,50,50
19,492,FeatureAgent,50,50
19,493,FeatureAgent,50,-1
19,494,FeatureAgent,50,50
19,495,FeatureAgent,50,50
19,496,FeatureAgent,50,50
19,497,FeatureAgent,50,50
19,498,FeatureAgent,50,50
19,499,FeatureAgent,50,50
19,500,FeatureAgent,50,50
19,501,FeatureAgent,50,50
19,502,FeatureAgent,50,50
19,503,FeatureAgent,50,50
19,504,FeatureAgent,50,50
19,505,FeatureAgent,50,50
19,506,FeatureAgent,50,50
19,507,FeatureAgent,50,50
19,508,FeatureAgent,50,50
19,509,FeatureAgent,50,50
19,510,FeatureAgent,50,50
19,511,FeatureAgent,50,50
19,512,FeatureAgent,50,50
19,513,FeatureAgent,50,50
19,514,FeatureAgent,50,50
19,515,FeatureAgent,50,-1
19,516,FeatureAgent,50,50
19,517,FeatureAgent,50,50
19,518,FeatureAgent,50,50
19,519,FeatureAgent,50,50
19,520,FeatureAgent,50,50
19,521,FeatureAgent,50,50
19,522,FeatureAgent,50,50
19,523,FeatureAgent,50,50
19,524,FeatureAgent,50,50
19,525,FeatureAgent,50,50
19,526,FeatureAgent,50,50
19,527,FeatureAgent,50,50
19,528,FeatureAgent,50,50
19,529,FeatureAgent,50,50
19,530,FeatureAgent,50,50
19,531,FeatureAgent,50,50
19,532,FeatureAgent,50,50
19,533,FeatureAgent,50,50
19,534,FeatureAgent,50,50
19,535,FeatureAgent,50,50
19,536,FeatureAgent,50,50
19,537,FeatureAgent,50,50
19,538,FeatureAgent,50,50
19,539,FeatureAgent,50,50
19,540,FeatureAgent,50,-1
19,541,FeatureAgent,50,50
19,542,FeatureAgent,50,50
19,543,FeatureAgent,50,50
19,544,FeatureAgent,50,50
19,545,FeatureAgent,50,50
19,546,FeatureAgent,50,50
19,547,FeatureAgent,50,50
19,548,FeatureAgent,50,50
19,549,FeatureAgent,50,50
19,550,FeatureAgent,50,50
19,551,FeatureAgent,50,50
19,552,FeatureAgent,50,50
19,553,FeatureAgent,50,50
19,554,FeatureAgent,50,50
19,555,FeatureAgent,50,50
19,556,FeatureAgent,50,50
19,557,FeatureAgent,50,50
19,558,FeatureAgent,50,50
19,559,FeatureAgent,50,50
19,560,FeatureAgent,50,50
19,561,FeatureAgent,50,50
19,562,FeatureAgent,50,50
19,563,FeatureAgent,50,50
19,564,FeatureAgent,50,50
19,565,FeatureAgent,50,50
19,566,FeatureAgent,50,50
19,567,FeatureAgent,50,50
19,568,FeatureAgent,50,50
19,569,FeatureAgent,50,50
19,570,FeatureAgent,50,50
19,571,FeatureAgent,50,50
19,572,FeatureAgent,50,50
19,573,FeatureAgent,50,50
19,574,FeatureAgent,50,50
19,575,FeatureAgent,50,50
19,576,FeatureAgent,50,50
19,577,FeatureAgent,50,50
19,578,FeatureAgent,50,50
19,579,FeatureAgent,50,50
19,580,FeatureAgent,50,50
19,581,FeatureAgent,50,50
19,582,FeatureAgent,50,50
19,583,FeatureAgent,50,50
19,584,FeatureAgent,50,50
19,585,FeatureAgent,50,50
19,586,FeatureAgent,50,50
19,587,FeatureAgent,50,50
19,588,FeatureAgent,50,50
19,589,FeatureAgent,50,50
19,590,FeatureAgent,50,50
19,591,FeatureAgent,50,50
19,592,FeatureAgent,50,50
19,593,FeatureAgent,50,50
19,594,FeatureAgent,50,50
19,595,FeatureAgent,50,50
19,596,FeatureAgent,50,50
19,597,FeatureAgent,50,50
19,598,FeatureAgent,50,50
19,599,FeatureAgent,50,50
19,600,FeatureAgent,50,50
19,601,FeatureAgent,50,50
19,602,FeatureAgent,50,50
19,603,FeatureAgent,50,50
19,604,FeatureAgent,50,50
19,605,FeatureAgent,50,50
19,606,FeatureAgent,50,50
19,607,FeatureAgent,50,50
19,608,FeatureAgent,50,50
19,609,FeatureAgent,50,50
19,610,FeatureAgent,50,-1
19,611,FeatureAgent,7,-44
19,612,FeatureAgent,1,1
19,613,FeatureAgent,6,6
19,614,FeatureAgent,6,6
19,615,FeatureAgent,50,50
19,616,FeatureAgent,50,50
19,617,FeatureAgent,12,-39
19,618,FeatureAgent,4,4
19,619,FeatureAgent,10,10
19,620,FeatureAgent,6,6
19,621,FeatureAgent,7,7
19,622,FeatureAgent,7,7
19,623,FeatureAgent,13,13
19,624,FeatureAgent,50,50
19,625,FeatureAgent,50,50
19,626,FeatureAgent,50,50
19,627,FeatureAgent,50,50
19,628,FeatureAgent,50,50
19,629,FeatureAgent,50,50
19,630,FeatureAgent,50,50
19,631,FeatureAgent,50,50
19,632,FeatureAgent,50,50
19,633,FeatureAgent,50,50
19,634,FeatureAgent,50,50
19,635,FeatureAgent,50,50
19,636,FeatureAgent,50,50
19,637,FeatureAgent,50,50
19,638,FeatureAgent,50,50
19,639,FeatureAgent,50,50
19,640,FeatureAgent,50,50
19,641,FeatureAgent,50,50
19,642,FeatureAgent,50,50
19,643,FeatureAgent,50,50
19,644,FeatureAgent,50,50
19,645,FeatureAgent,50,50
19,646,FeatureAgent,50,50
19,647,FeatureAgent,50,50
19,648,FeatureAgent,50,50
19,649,FeatureAgent,50,50
19,650,FeatureAgent,50,50
19,651,FeatureAgent,50,50
19,652,FeatureAgent,50,50
19,653,FeatureAgent,50,50
19,654,FeatureAgent,50,50
19,655,FeatureAgent,50,50
19,656,FeatureAgent,50,50
19,657,FeatureAgent,50,50
19,658,FeatureAgent,50,50
19,659,FeatureAgent,50,50
19,660,FeatureAgent,50,50
19,661,FeatureAgent,50,50
19,662,FeatureAgent,50,50
19,663,FeatureAgent,50,50
19,664,FeatureAgent,50,50
19,665,FeatureAgent,50,50
19,666,FeatureAgent,50,50
19,667,FeatureAgent,50,50
19,668,FeatureAgent,50,50
19,669,FeatureAgent,50,50
19,670,FeatureAgent,50,50
19,671,FeatureAgent,50,50
19,672,FeatureAgent,50,50
19,673,FeatureAgent,50,50
19,674,FeatureAgent,50,50
19,675,FeatureAgent,50,50
19,676,FeatureAgent,50,50
19,677,FeatureAgent,50,50
19,678,FeatureAgent,50,50
19,679,FeatureAgent,50,50
19,680,FeatureAgent,50,-1
19,681,FeatureAgent,50,50
19,682,FeatureAgent,50,50
19,683,FeatureAgent,50,50
19,684,FeatureAgent,50,50
19,685,FeatureAgent,50,50
19,686,FeatureAgent,50,50
19,687,FeatureAgent,50,50
19,688,FeatureAgent,50,50
19,689,FeatureAgent,50,50
19,690,FeatureAgent,50,50
19,691,FeatureAgent,50,50
19,692,FeatureAgent,50,50
19,693,FeatureAgent,50,50
19,694,FeatureAgent,50,50
19,695,FeatureAgent,50,50
19,696,FeatureAgent,50,50
19,697,FeatureAgent,50,50
19,698,FeatureAgent,50,50
19,699,FeatureAgent,50,50
19,700,FeatureAgent,50,50
19,701,FeatureAgent,50,50
19,702,FeatureAgent,50,50
19,703,FeatureAgent,50,50
19,704,FeatureAgent,50,50
19,705,FeatureAgent,50,50
19,706,FeatureAgent,50,50
19,707,FeatureAgent,50,50
19,708,FeatureAgent,50,50
19,709,FeatureAgent,50,50
19,710,FeatureAgent,50,50
19,711,FeatureAgent,50,50
19,712,FeatureAgent,50,50
19,713,FeatureAgent,50,50
19,714,FeatureAgent,50,50
19,715,FeatureAgent,50,50
19,716,FeatureAgent,50,50
19,717,FeatureAgent,50,50
19,718,FeatureAgent,50,50
19,719,FeatureAgent,50,50
19,720,FeatureAgent,50,-1
19,721,FeatureAgent,50,50
19,722,FeatureAgent,50,50
19,723,FeatureAgent,50,50
19,724,FeatureAgent,50,50
19,725,FeatureAgent,50,50
19,726,FeatureAgent,50,50
19,727,FeatureAgent,50,50
19,728,FeatureAgent,50,50
19,729,FeatureAgent,50,50
19,730,FeatureAgent,50,50
19,731,FeatureAgent,50,50
19,732,FeatureAgent,50,50
19,733,FeatureAgent,50,50
19,734,FeatureAgent,50,50
19,735,FeatureAgent,50,50
19,736,FeatureAgent,50,50
19,737,FeatureAgent,50,50
19,738,FeatureAgent,50,50
19,739,FeatureAgent,50,50
19,740,FeatureAgent,50,50
19,741,FeatureAgent,50,50
19,742,FeatureAgent,50,50
19,743,FeatureAgent,50,50
19,744,FeatureAgent,50,50
19,745,FeatureAgent,50,50
19,746,FeatureAgent,50,50
19,747,FeatureAgent,50,50
19,748,FeatureAgent,50,50
19,749,FeatureAgent,50,50
19,750,FeatureAgent,50,50
19,751,FeatureAgent,50,50
19,752,FeatureAgent,50,50
19,753,FeatureAgent,50,50
19,754,FeatureAgent,50,50
19,755,FeatureAgent,50,50
19,756,FeatureAgent,50,50
19,757,FeatureAgent,50,50
19,758,FeatureAgent,50,50
19,759,FeatureAgent,50,50
19,760,FeatureAgent,50,50
19,761,FeatureAgent,50,50
19,762,FeatureAgent,50,50
19,763,FeatureAgent,50,50
19,764,FeatureAgent,50,50
19,765,FeatureAgent,50,50
19,766,FeatureAgent,50,50
19,767,FeatureAgent,50,50
19,768,FeatureAgent,50,50
19,769,FeatureAgent,50,50
19,770,FeatureAgent,50,50
19,771,FeatureAgent,50,50
19,772,FeatureAgent,50,50
19,773,FeatureAgent,50,50
19,774,FeatureAgent,50,50
19,775,FeatureAgent,50,50
19,776,FeatureAgent,50,50
19,777,FeatureAgent,50,50
19,778,FeatureAgent,50,50
19,779,FeatureAgent,50,50
19,780,FeatureAgent,50,50
19,781,FeatureAgent,50,50
19,782,FeatureAgent,50,50
19,783,FeatureAgent,50,50
19,784,FeatureAgent,50,50
19,785,FeatureAgent,50,50
19,786,FeatureAgent,50,50
19,787,FeatureAgent,50,50
19,788,FeatureAgent,50,50
19,789,FeatureAgent,50,50
19,790,FeatureAgent,50,50
19,791,FeatureAgent,50,50
19,792,FeatureAgent,50,50
19,793,FeatureAgent,50,50
19,794,FeatureAgent,50,50
19,795,FeatureAgent,50,50
19,796,FeatureAgent,50,50
19,797,FeatureAgent,50,50
19,798,FeatureAgent,50,50
19,799,FeatureAgent,50,50
19,800,FeatureAgent,50,50
19,801,FeatureAgent,50,-1
19,802,FeatureAgent,50,50
19,803,FeatureAgent,50,50
19,804,FeatureAgent,50,50
19,805,FeatureAgent,50,50
19,806,FeatureAgent,50,50
19,807,FeatureAgent,50,50
19,808,FeatureAgent,50,50
19,809,FeatureAgent,50,50
19,810,FeatureAgent,50,-1
19,811,FeatureAgent,50,50
19,812,FeatureAgent,50,50
19,813,FeatureAgent,50,50
19,814,FeatureAgent,50,50
19,815,FeatureAgent,50,50
19,816,FeatureAgent,50,50
19,817,FeatureAgent,50,50
19,818,FeatureAgent,50,50
19,819,FeatureAgent,50,50
19,820,FeatureAgent,50,50
19,821,FeatureAgent,50,50
19,822,FeatureAgent,50,50
19,823,FeatureAgent,50,50
19,824,FeatureAgent,50,50
19,825,FeatureAgent,50,50
19,826,FeatureAgent,50,50
19,827,FeatureAgent,50,50
19,828,FeatureAgent,50,50
19,829,FeatureAgent,50,50
19,830,FeatureAgent,50,50
19,831,FeatureAgent,50,50
19,832,FeatureAgent,50,50
19,833,FeatureAgent,50,50
19,834,FeatureAgent,50,50
19,835,FeatureAgent,50,50
19,836,FeatureAgent,50,50
19,837,FeatureAgent,50,50
19,838,FeatureAgent,50,50
19,839,FeatureAgent,50,50
19,840,FeatureAgent,50,-1
19,841,FeatureAgent,50,50
19,842,FeatureAgent,50,50
19,843,FeatureAgent,50,50
19,844,FeatureAgent,50,50
19,845,FeatureAgent,50,50
19,846,FeatureAgent,50,50
19,847,FeatureAgent,50,50
19,848,FeatureAgent,50,50
19,849,FeatureAgent,50,50
19,850,FeatureAgent,50,50
19,851,FeatureAgent,50,50
19,852,FeatureAgent,50,50
19,853,FeatureAgent,50,50
19,854,FeatureAgent,50,50
19,855,FeatureAgent,50,50
19,856,FeatureAgent,50,50
19,857,FeatureAgent,50,50
19,858,FeatureAgent,50,50
19,859,FeatureAgent,50,50
19,860,FeatureAgent,50,50
19,861,FeatureAgent,50,50
19,862,FeatureAgent,50,50
19,863,FeatureAgent,50,50
19,864,FeatureAgent,50,50
19,865,FeatureAgent,50,50
19,866,FeatureAgent,50,50
19,867,FeatureAgent,50,50
19,868,FeatureAgent,50,50
19,869,FeatureAgent,50,50
19,870,FeatureAgent,50,50
19,871,FeatureAgent,50,50
19,872,FeatureAgent,50,50
19,873,FeatureAgent,50,50
19,874,FeatureAgent,50,50
19,875,FeatureAgent,50,50
19,876,FeatureAgent,50,50
19,877,FeatureAgent,50,50
19,878,FeatureAgent,50,50
19,879,FeatureAgent,50,50
19,880,FeatureAgent,50,50
19,881,FeatureAgent,50,50
19,882,FeatureAgent,50,50
19,883,FeatureAgent,50,50
19,884,FeatureAgent,50,50
19,885,FeatureAgent,50,50
19,886,FeatureAgent,50,50
19,887,FeatureAgent,50,50
19,888,FeatureAgent,50,50
19,889,FeatureAgent,50,50
19,890,FeatureAgent,50,50
19,891,FeatureAgent,50,50
19,892,FeatureAgent,50,50
19,893,FeatureAgent,50,50
19,894,FeatureAgent,50,50
19,895,FeatureAgent,50,50
19,896,FeatureAgent,50,50
19,897,FeatureAgent,50,50
19,898,FeatureAgent,50,50
19,899,FeatureAgent,50,50
19,900,FeatureAgent,50,50
19,901,FeatureAgent,50,50
19,902,FeatureAgent,50,50
19,903,FeatureAgent,50,50
19,904,FeatureAgent,50,50
19,905,FeatureAgent,50,50
19,906,FeatureAgent,50,50
19,907,FeatureAgent,50,50
19,908,FeatureAgent,50,50
19,909,FeatureAgent,50,50
19,910,FeatureAgent,50,50
19,911,FeatureAgent,50,50
19,912,FeatureAgent,50,50
19,913,FeatureAgent,50,50
19,914,FeatureAgent,50,50
19,915,FeatureAgent,50,50
19,916,FeatureAgent,50,50
19,917,FeatureAgent,50,50
19,918,FeatureAgent,50,50
19,919,FeatureAgent,50,50
19,920,FeatureAgent,50,50
19,921,FeatureAgent,50,50
19,922,FeatureAgent,50,50
19,923,FeatureAgent,50,50
19,924,FeatureAgent,50,50
19,925,FeatureAgent,50,50
19,926,FeatureAgent,50,-1
19,927,FeatureAgent,50,50
19,928,FeatureAgent,50,50
19,929,FeatureAgent,50,50
19,930,FeatureAgent,50,50
19,931,FeatureAgent,50,50
19,932,FeatureAgent,50,-1
19,933,FeatureAgent,50,50
19,934,FeatureAgent,50,50
19,935,FeatureAgent,50,50
19,936,FeatureAgent,50,50
19,937,FeatureAgent,50,50
19,938,FeatureAgent,50,50
19,939,FeatureAgent,50,50
19,940,FeatureAgent,50,50
19,941,FeatureAgent,50,50
19,942,FeatureAgent,50,50
19,943,FeatureAgent,50,50
19,944,FeatureAgent,50,50
19,945,FeatureAgent,50,50
19,946,FeatureAgent,50,50
19,947,FeatureAgent,50,50
19,948,FeatureAgent,50,50
19,949,FeatureAgent,50,50
19,950,FeatureAgent,50,50
19,951,FeatureAgent,50,50
19,952,FeatureAgent,50,50
19,953,FeatureAgent,50,50
19,954,FeatureAgent,50,50
19,955,FeatureAgent,50,50
19,956,FeatureAgent,50,50
19,957,FeatureAgent,50,50
19,958,FeatureAgent,50,50
19,959,FeatureAgent,50,50
19,960,FeatureAgent,50,50
19,961,FeatureAgent,50,50
19,962,FeatureAgent,50,50
19,963,FeatureAgent,50,50
19,964,FeatureAgent,50,50
19,965,FeatureAgent,50,50
19,966,FeatureAgent,50,-1
19,967,FeatureAgent,50,50
19,968,FeatureAgent,50,50
19,969,FeatureAgent,50,50
19,970,FeatureAgent,50,50
19,971,FeatureAgent,50,-1
19,972,FeatureAgent,50,50
19,973,FeatureAgent,50,50
19,974,FeatureAgent,50,50
19,975,FeatureAgent,50,50
19,976,FeatureAgent,50,-1
19,977,FeatureAgent,50,50
19,978,FeatureAgent,50,50
19,979,FeatureAgent,50,50
19,980,FeatureAgent,50,50
19,981,FeatureAgent,50,50
19,982,FeatureAgent,50,50
19,983,FeatureAgent,50,50
19,984,FeatureAgent,50,50
19,985,FeatureAgent,50,50
19,986,FeatureAgent,50,50
19,987,FeatureAgent,50,50
19,988,FeatureAgent,50,-1
19,989,FeatureAgent,50,50
19,990,FeatureAgent,50,50
19,991,FeatureAgent,50,-1
19,992,FeatureAgent,50,50
19,993,FeatureAgent,50,50
19,994,FeatureAgent,50,50
19,995,FeatureAgent,50,50
19,996,FeatureAgent,50,50
19,997,FeatureAgent,50,50
19,998,FeatureAgent,50,50
19,999,FeatureAgent,50,50
19,1000,FeatureAgent,50,50
0,1,Agent,50,50
0,2,Agent,34,-17
0,3,Agent,1,1
0,4,Agent,1,1
0,5,Agent,1,1
0,6,Agent,1,1
0,7,Agent,1,1
0,8,Agent,1,1
0,9,Agent,1,1
0,10,Agent,1,1
0,11,Agent,1,1
0,12,Agent,1,1
0,13,Agent,1,1
0,14,Agent,1,1
0,15,Agent,1,1
0,16,Agent,1,1
0,17,Agent,1,1
0,18,Agent,1,1
0,19,Agent,1,1
0,20,Agent,1,1
0,21,Agent,1,1
0,22,Agent,1,1
0,23,Agent,1,1
0,24,Agent,1,1
0,25,Agent,1,1
0,26,Agent,1,1
0,27,Agent,1,1
0,28,Agent,1,1
0,29,Agent,1,1
0,30,Agent,1,1
0,31,Agent,1,1
0,32,Agent,1,1
0,33,Agent,2,2
0,34,Agent,1,1
0,35,Agent,1,1
0,36,Agent,1,1
0,37,Agent,1,1
0,38,Agent,1,1
0,39,Agent,50,50
0,40,Agent,50,50
0,41,Agent,50,50
0,42,Agent,50,50
0,43,Agent,50,50
0,44,Agent,37,-14
0,45,Agent,1,1
0,46,Agent,1,1
0,47,Agent,1,1
0,48,Agent,1,1
0,49,Agent,1,1
0,50,Agent,1,1
0,51,Agent,1,1
0,52,Agent,1,1
0,53,Agent,1,1
0,54,Agent,1,1
0,55,Agent,1,1
0,56,Agent,1,1
0,57,Agent,1,1
0,58,Agent,1,1
0,59,Agent,1,1
0,60,Agent,1,1
0,61,Agent,1,1
0,62,Agent,1,1
0,63,Agent,1,1
0,64,Agent,1,1
0,65,Agent,1,1
0,66,Agent,1,1
0,67,Agent,1,1
0,68,Agent,1,1
0,69,Agent,1,1
0,70,Agent,1,1
0,71,Agent,1,1
0,72,Agent,1,1
0,73,Agent,1,1
0,74,Agent,1,1
0,75,Agent,4,4
0,76,Agent,50,50
0,77,Agent,50,50
0,78,Agent,50,50
0,79,Agent,50,50
0,80,Agent,50,50
0,81,Agent,50,50
0,82,Agent,50,50
0,83,Agent,50,50
0,84,Agent,50,50
0,85,Agent,50,50
0,86,Agent,50,50
0,87,Agent,50,50
0,88,Agent,50,50
0,89,Agent,50,50
0,90,Agent,50,50
0,91,Agent,50,50
0,92,Agent,28,-23
0,93,Agent,1,1
0,94,Agent,1,1
0,95,Agent,1,1
0,96,Agent,1,1
0,97,Agent,1,1
0,98,Agent,1,1
0,99,Agent,1,1
0,100,Agent,1,1
0,101,Agent,1,1
0,102,Agent,1,1
0,103,Agent,1,1
0,104,Agent,1,1
0,105,Agent,1,1
0,106,Agent,1,1
0,107,Agent,1,1
0,108,Agent,1,1
0,109,Agent,1,1
0,110,Agent,1,1
0,111,Agent,1,1
0,112,Agent,1,1
0,113,Agent,1,1
0,114,Agent,1,1
0,115,Agent,2,2
0,116,Agent,1,1
0,117,Agent,1,1
0,118,Agent,1,1
0,119,Agent,1,1
0,120,Agent,2,2
0,121,Agent,1,1
0,122,Agent,1,1
0,123,Agent,50,50
0,124,Agent,50,50
0,125,Agent,50,50
0,126,Agent,50,50
0,127,Agent,9,-42
0,128,Agent,1,1
0,129,Agent,1,1
0,130,Agent,1,1
0,131,Agent,1,1
0,132,Agent,1,1
0,133,Agent,1,1
0,134,Agent,1,1
0,135,Agent,1,1
0,136,Agent,1,1
0,137,Agent,1,1
0,138,Agent,1,1
0,139,Agent,1,1
0,140,Agent,1,1
0,141,Agent,1,1
0,142,Agent,1,1
0,143,Agent,1,1
0,144,Agent,1,1
0,145,Agent,1,1
0,146,Agent,1,1
0,147,Agent,1,1
0,148,Agent,1,1
0,149,Agent,1,1
0,150,Agent,1,1
0,151,Agent,1,1
0,152,Agent,1,1
0,153,Agent,1,1
0,154,Agent,1,1
0,155,Agent,2,2
0,156,Agent,50,50
0,157,Agent,50,50
0,158,Agent,50,50
0,159,Agent,50,50
0,160,Agent,50,50
0,161,Agent,50,50
0,162,Agent,24,-27
0,163,Agent,1,1
0,164,Agent,1,1
0,165,Agent,1,1
0,166,Agent,1,1
0,167,Agent,1,1
0,168,Agent,1,1
0,169,Agent,1,1
0,170,Agent,1,1
0,171,Agent,1,1
0,172,Agent,1,1
0,173,Agent,1,1
0,174,Agent,1,1
0,175,Agent,1,1
0,176,Agent,1,1
0,177,Agent,1,1
0,178,Agent,1,1
0,179,Agent,1,1
0,180,Agent,1,1
0,181,Agent,1,1
0,182,Agent,1,1
0,183,Agent,1,1
0,184,Agent,1,1
0,185,Agent,1,1
0,186,Agent,1,1
0,187,Agent,1,1
0,188,Agent,1,1
0,189,Agent,1,1
0,190,Agent,1,1
0,191,Agent,1,1
0,192,Agent,1,1
0,193,Agent,1,1
0,194,Agent,2,2
0,195,Agent,2,2
0,196,Agent,1,1
0,197,Agent,2,2
0,198,Agent,50,50
0,199,Agent,50,50
0,200,Agent,50,50
0,201,Agent,50,50
0,202,Agent,50,50
0,203,Agent,50,50
0,204,Agent,50,50
0,205,Agent,50,50
0,206,Agent,50,50
0,207,Agent,50,50
0,208,Agent,50,50
0,209,Agent,50,50
0,210,Agent,50,50
0,211,Agent,50,50
0,212,Agent,50,50
0,213,Agent,50,50
0,214,Agent,50,50
0,215,Agent,50,50
0,216,Agent,18,-33
0,217,Agent,1,1
0,218,Agent,1,1
0,219,Agent,1,1
0,220,Agent,1,1
0,221,Agent,1,1
0,222,Agent,1,1
0,223,Agent,1,1
0,224,Agent,1,1
0,225,Agent,1,1
0,226,Agent,1,1
0,227,Agent,1,1
0,228,Agent,1,1
0,229,Agent,1,1
0,230,Agent,1,1
0,231,Agent,1,1
0,232,Agent,1,1
0,233,Agent,1,1
0,234,Agent,1,1
0,235,Agent,1,1
0,236,Agent,1,1
0,237,Agent,1,1
0,238,Agent,1,1
0,239,Agent,1,1
0,240,Agent,1,1
0,241,Agent,1,1
0,242,Agent,1,1
0,243,Agent,1,1
0,244,Agent,1,1
0,245,Agent,1,1
0,246,Agent,1,1
0,247,Agent,1,1
0,248,Agent,1,1
0,249,Agent,1,1
0,250,Agent,50,50
0,251,Agent,50,50
0,252,Agent,50,50
0,253,Agent,50,50
0,254,Agent,50,50
0,255,Agent,50,50
0,256,Agent,50,50
0,257,Agent,31,-20
0,258,Agent,1,1
0,259,Agent,1,1
0,260,Agent,1,1
0,261,Agent,1,1
0,262,Agent,1,1
0,263,Agent,1,1
0,264,Agent,1,1
0,265,Agent,1,1
0,266,Agent,1,1
0,267,Agent,1,1
0,268,Agent,1,1
0,269,Agent,1,1
0,270,Agent,1,1
0,271,Agent,1,1
0,272,Agent,1,1
0,273,Agent,1,1
0,274,Agent,1,1
0,275,Agent,1,1
0,276,Agent,1,1
0,277,Agent,1,1
0,278,Agent,1,1
0,279,Agent,1,1
0,280,Agent,1,1
0,281,Agent,1,1
0,282,Agent,1,1
0,283,Agent,1,1
0,284,Agent,1,1
0,285,Agent,2,2
0,286,Agent,1,1
0,287,Agent,1,1
0,288,Agent,1,1
0,289,Agent,1,1
0,290,Agent,2,2
0,291,Agent,1,1
0,292,Agent,2,2
0,293,Agent,50,50
0,294,Agent,50,50
0,295,Agent,37,-14
0,296,Agent,1,1
0,297,Agent,1,1
0,298,Agent,1,1
0,299,Agent,1,1
0,300,Agent,1,1
0,301,Agent,1,1
0,302,Agent,1,1
0,303,Agent,1,1
0,304,Agent,1,1
0,305,Agent,1,1
0,306,Agent,1,1
0,307,Agent,1,1
0,308,Agent,1,1
0,309,Agent,1,1
0,310,Agent,1,1
0,311,Agent,1,1
0,312,Agent,1,1
0,313,Agent,1,1
0,314,Agent,1,1
0,315,Agent,1,1
0,316,Agent,1,1
0,317,Agent,1,1
0,318,Agent,1,1
0,319,Agent,1,1
0,320,Agent,1,1
0,321,Agent,1,1
0,322,Agent,1,1
0,323,Agent,1,1
0,324,Agent,1,1
0,325,Agent,2,2
0,326,Agent,50,50
0,327,Agent,50,50
0,328,Agent,50,50
0,329,Agent,50,50
0,330,Agent,50,50
0,331,Agent,50,50
0,332,Agent,50,50
0,333,Agent,50,50
0,334,Agent,50,50
0,335,Agent,50,50
0,336,Agent,50,50
0,337,Agent,50,50
0,338,Agent,50,50
0,339,Agent,50,50
0,340,Agent,50,50
0,341,Agent,50,50
0,342,Agent,50,50
0,343,Agent,50,50
0,344,Agent,50,50
0,345,Agent,50,50
0,346,Agent,50,50
0,347,Agent,25,-26
0,348,Agent,1,1
0,349,Agent,1,1
0,350,Agent,1,1
0,351,Agent,1,1
0,352,Agent,1,1
0,353,Agent,1,1
0,354,Agent,1,1
0,355,Agent,1,1
0,356,Agent,1,1
0,357,Agent,1,1
0,358,Agent,1,1
0,359,Agent,1,1
0,360,Agent,1,1
0,361,Agent,1,1
0,362,Agent,1,1
0,363,Agent,1,1
0,364,Agent,1,1
0,365,Agent,1,1
0,366,Agent,1,1
0,367,Agent,1,1
0,368,Agent,1,1
0,369,Agent,1,1
0,370,Agent,1,1
0,371,Agent,1,1
0,372,Agent,1,1
0,373,Agent,1,1
0,374,Agent,1,1
0,375,Agent,1,1
0,376,Agent,1,1
0,377,Agent,1,1
0,378,Agent,1,1
0,379,Agent,1,1
0,380,Agent,1,1
0,381,Agent,2,2
0,382,Agent,1,1
0,383,Agent,50,50
0,384,Agent,50,50
0,385,Agent,50,50
0,386,Agent,50,50
0,387,Agent,50,50
0,388,Agent,50,50
0,389,Agent,50,50
0,390,Agent,50,50
0,391,Agent,50,50
0,392,Agent,50,50
0,393,Agent,50,50
0,394,Agent,50,50
0,395,Agent,50,50
0,396,Agent,50,50
0,397,Agent,50,50
0,398,Agent,50,50
0,399,Agent,50,50
0,400,Agent,50,50
0,401,Agent,50,50
0,402,Agent,50,50
0,403,Agent,50,50
0,404,Agent,50,50
0,405,Agent,50,50
0,406,Agent,50,50
0,407,Agent,50,50
0,408,Agent,50,50
0,409,Agent,50,50
0,410,Agent,50,50
0,411,Agent,50,50
0,412,Agent,50,50
0,413,Agent,50,50
0,414,Agent,50,50
0,415,Agent,50,50
0,416,Agent,50,50
0,417,Agent,50,50
0,418,Agent,50,50
0,419,Agent,50,50
0,420,Agent,50,50
0,421,Agent,50,50
0,422,Agent,50,50
0,423,Agent,50,50
0,424,Agent,50,50
0,425,Agent,50,50
0,426,Agent,50,50
0,427,Agent,50,50
0,428,Agent,50,50
0,429,Agent,50,50
0,430,Agent,50,50
0,431,Agent,50,50
0,432,Agent,50,50
0,433,Agent,50,50
0,434,Agent,50,50
0,435,Agent,50,50
0,436,Agent,50,50
0,437,Agent,50,50
0,438,Agent,50,50
0,439,Agent,50,50
0,440,Agent,50,50
0,441,Agent,50,50
0,442,Agent,50,50
0,443,Agent,50,50
0,444,Agent,50,50
0,445,Agent,50,50
0,446,Agent,50,50
0,447,Agent,50,50
0,448,Agent,50,50
0,449,Agent,50,50
0,450,Agent,50,50
0,451,Agent,50,50
0,452,Agent,50,50
0,453,Agent,50,50
0,454,Agent,50,50
0,455,Agent,50,50
0,456,Agent,50,50
0,457,Agent,50,50
0,458,Agent,50,50
0,459,Agent,50,50
0,460,Agent,50,50
0,461,Agent,50,50
0,462,Agent,50,50
0,463,Agent,50,50
0,464,Agent,50,50
0,465,Agent,50,50
0,466,Agent,50,50
0,467,Agent,50,50
0,468,Agent,50,50
0,469,Agent,50,50
0,470,Agent,50,50
0,471,Agent,50,50
0,472,Agent,50,50
0,473,Agent,50,50
0,474,Agent,50,50
0,475,Agent,50,50
0,476,Agent,50,50
0,477,Agent,50,50
0,478,Agent,50,50
0,479,Agent,50,50
0,480,Agent,50,50
0,481,Agent,50,50
0,482,Agent,50,50
0,483,Agent,50,50
0,484,Agent,50,50
0,485,Agent,50,50
0,486,Agent,50,50
0,487,Agent,50,50
0,488,Agent,50,50
0,489,Agent,50,50
0,490,Agent,50,50
0,491,Agent,50,50
0,492,Agent,47,-4
0,493,Agent,1,1
0,494,Agent,1,1
0,495,Agent,1,1
0,496,Agent,1,1
0,497,Agent,1,1
0,498,Agent,1,1
0,499,Agent,1,1
0,500,Agent,1,1
0,501,Agent,1,1
0,502,Agent,1,1
0,503,Agent,1,1
0,504,Agent,1,1
0,505,Agent,1,1
0,506,Agent,1,1
0,507,Agent,1,1
0,508,Agent,1,1
0,509,Agent,1,1
0,510,Agent,1,1
0,511,Agent,1,1
0,512,Agent,1,1
0,513,Agent,1,1
0,514,Agent,1,1
0,515,Agent,1,1
0,516,Agent,1,1
0,517,Agent,1,1
0,518,Agent,1,1
0,519,Agent,1,1
0,520,Agent,1,1
0,521,Agent,1,1
0,522,Agent,1,1
0,523,Agent,1,1
0,524,Agent,1,1
0,525,Agent,1,1
0,526,Agent,1,1
0,527,Agent,50,50
0,528,Agent,50,50
0,529,Agent,50,50
0,530,Agent,50,50
0,531,Agent,50,50
0,532,Agent,50,50
0,533,Agent,50,50
0,534,Agent,50,50
0,535,Agent,50,50
0,536,Agent,50,50
0,537,Agent,50,50
0,538,Agent,50,50
0,539,Agent,50,50
0,540,Agent,50,50
0,541,Agent,50,50
0,542,Agent,50,50
0,543,Agent,50,50
0,544,Agent,50,50
0,545,Agent,50,50
0,546,Agent,50,50
0,547,Agent,50,50
0,548,Agent,50,50
0,549,Agent,50,50
0,550,Agent,50,50
0,551,Agent,50,50
0,552,Agent,50,50
0,553,Agent,50,50
0,554,Agent,50,50
0,555,Agent,50,50
0,556,Agent,50,50
0,557,Agent,50,50
0,558,Agent,50,50
0,559,Agent,50,50
0,560,Agent,50,50
0,561,Agent,50,50
0,562,Agent,50,50
0,563,Agent,50,50
0,564,Agent,50,50
0,565,Agent,50,50
0,566,Agent,50,50
0,567,Agent,50,50
0,568,Agent,50,50
0,569,Agent,42,-9
0,570,Agent,1,1
0,571,Agent,1,1
0,572,Agent,1,1
0,573,Agent,1,1
0,574,Agent,1,1
0,575,Agent,1,1
0,576,Agent,1,1
0,577,Agent,1,1
0,578,Agent,1,1
0,579,Agent,1,1
0,580,Agent,1,1
0,581,Agent,1,1
0,582,Agent,1,1
0,583,Agent,1,1
0,584,Agent,1,1
0,585,Agent,1,1
0,586,Agent,1,1
0,587,Agent,1,1
0,588,Agent,1,1
0,589,Agent,1,1
0,590,Agent,1,1
0,591,Agent,1,1
0,592,Agent,1,1
0,593,Agent,1,1
0,594,Agent,50,50
0,595,Agent,50,50
0,596,Agent,50,50
0,597,Agent,50,50
0,598,Agent,50,50
0,599,Agent,50,50
0,600,Agent,50,50
0,601,Agent,50,50
0,602,Agent,50,-1
0,603,Agent,1,1
0,604,Agent,1,1
0,605,Agent,1,1
0,606,Agent,1,1
0,607,Agent,1,1
0,608,Agent,1,1
0,609,Agent,1,1
0,610,Agent,1,1
0,611,Agent,1,1
0,612,Agent,1,1
0,613,Agent,1,1
0,614,Agent,1,1
0,615,Agent,1,1
0,616,Agent,1,1
0,617,Agent,1,1
0,618,Agent,1,1
0,619,Agent,1,1
0,620,Agent,1,1
0,621,Agent,1,1
0,622,Agent,1,1
0,623,Agent,1,1
0,624,Agent,1,1
0,625,Agent,1,1
0,626,Agent,1,1
0,627,Agent,1,1
0,628,Agent,1,1
0,629,Agent,1,1
0,630,Agent,1,1
0,631,Agent,1,1
0,632,Agent,1,1
0,633,Agent,1,1
0,634,Agent,2,2
0,635,Agent,1,1
0,636,Agent,1,1
0,637,Agent,50,50
0,638,Agent,50,50
0,639,Agent,50,50
0,640,Agent,50,50
0,641,Agent,50,50
0,642,Agent,33,33
0,643,Agent,50,50
0,644,Agent,50,50
0,645,Agent,50,50
0,646,Agent,50,50
0,647,Agent,50,50
0,648,Agent,50,50
0,649,Agent,50,50
0,650,Agent,50,50
0,651,Agent,50,50
0,652,Agent,50,50
0,653,Agent,50,50
0,654,Agent,50,50
0,655,Agent,50,50
0,656,Agent,50,50
0,657,Agent,50,50
0,658,Agent,50,50
0,659,Agent,50,50
0,660,Agent,50,50
0,661,Agent,50,50
0,662,Agent,50,50
0,663,Agent,50,50
0,664,Agent,50,50
0,665,Agent,50,50
0,666,Agent,50,50
0,667,Agent,50,50
0,668,Agent,50,50
0,669,Agent,50,50
0,670,Agent,50,50
0,671,Agent,50,50
0,672,Agent,50,50
0,673,Agent,50,50
0,674,Agent,50,50
0,675,Agent,50,50
0,676,Agent,50,50
0,677,Agent,50,50
0,678,Agent,50,50
0,679,Agent,50,50
0,680,Agent,50,50
0,681,Agent,50,50
0,682,Agent,50,50
0,683,Agent,50,50
0,684,Agent,50,50
0,685,Agent,50,50
0,686,Agent,50,50
0,687,Agent,50,50
0,688,Agent,50,50
0,689,Agent,50,50
0,690,Agent,50,50
0,691,Agent,50,50
0,692,Agent,50,50
0,693,Agent,50,50
0,694,Agent,50,50
0,695,Agent,50,50
0,696,Agent,50,50
0,697,Agent,50,50
0,698,Agent,50,50
0,699,Agent,50,50
0,700,Agent,50,50
0,701,Agent,50,50
0,702,Agent,50,50
0,703,Agent,50,50
0,704,Agent,50,50
0,705,Agent,50,50
0,706,Agent,5,-46
0,707,Agent,1,1
0,708,Agent,1,1
0,709,Agent,1,1
0,710,Agent,1,1
0,711,Agent,1,1
0,712,Agent,1,1
0,713,Agent,1,1
0,714,Agent,1,1
0,715,Agent,1,1
0,716,Agent,1,1
0,717,Agent,1,1
0,718,Agent,1,1
0,719,Agent,1,1
0,720,Agent,1,1
0,721,Agent,1,1
0,722,Agent,1,1
0,723,Agent,1,1
0,724,Agent,1,1
0,725,Agent,1,1
0,726,Agent,1,1
0,727,Agent,1,1
0,728,Agent,1,1
0,729,Agent,1,1
0,730,Agent,1,1
0,731,Agent,1,1
0,732,Agent,1,1
0,733,Agent,1,1
0,734,Agent,1,1
0,735,Agent,2,2
0,736,Agent,43,-8
0,737,Agent,1,1
0,738,Agent,1,1
0,739,Agent,1,1
0,740,Agent,1,1
0,741,Agent,1,1
0,742,Agent,1,1
0,743,Agent,1,1
0,744,Agent,1,1
0,745,Agent,1,1
0,746,Agent,1,1
0,747,Agent,1,1
0,748,Agent,1,1
0,749,Agent,1,1
0,750,Agent,1,1
0,751,Agent,1,1
0,752,Agent,1,1
0,753,Agent,1,1
0,754,Agent,1,1
0,755,Agent,1,1
0,756,Agent,1,1
0,757,Agent,1,1
0,758,Agent,1,1
0,759,Agent,1,1
0,760,Agent,1,1
0,761,Agent,1,1
0,762,Agent,2,2
0,763,Agent,50,50
0,764,Agent,50,50
0,765,Agent,50,50
0,766,Agent,50,50
0,767,Agent,50,50
0,768,Agent,50,50
0,769,Agent,50,50
0,770,Agent,50,50
0,771,Agent,50,50
0,772,Agent,50,-1
0,773,Agent,1,1
0,774,Agent,1,1
0,775,Agent,1,1
0,776,Agent,1,1
0,777,Agent,1,1
0,778,Agent,1,1
0,779,Agent,1,1
0,780,Agent,1,1
0,781,Agent,1,1
0,782,Agent,1,1
0,783,Agent,1,1
0,784,Agent,1,1
0,785,Agent,1,1
0,786,Agent,1,1
0,787,Agent,1,1
0,788,Agent,1,1
0,789,Agent,1,1
0,790,Agent,1,1
0,791,Agent,1,1
0,792,Agent,1,1
0,793,Agent,1,1
0,794,Agent,1,1
0,795,Agent,1,1
0,796,Agent,1,1
0,797,Agent,1,1
0,798,Agent,1,1
0,799,Agent,1,1
0,800,Agent,2,2
0,801,Agent,1,1
0,802,Agent,50,50
0,803,Agent,50,50
0,804,Agent,50,50
0,805,Agent,50,50
0,806,Agent,50,50
0,807,Agent,50,50
0,808,Agent,50,50
0,809,Agent,50,50
0,810,Agent,50,50
0,811,Agent,50,50
0,812,Agent,50,50
0,813,Agent,50,50
0,814,Agent,28,-23
0,815,Agent,1,1
0,816,Agent,1,1
0,817,Agent,1,1
0,818,Agent,1,1
0,819,Agent,1,1
0,820,Agent,1,1
0,821,Agent,1,1
0,822,Agent,1,1
0,823,Agent,1,1
0,824,Agent,1,1
0,825,Agent,1,1
0,826,Agent,1,1
0,827,Agent,1,1
0,828,Agent,1,1
0,829,Agent,1,1
0,830,Agent,1,1
0,831,Agent,1,1
0,832,Agent,1,1
0,833,Agent,1,1
0,834,Agent,1,1
0,835,Agent,1,1
0,836,Agent,1,1
0,837,Agent,1,1
0,838,Agent,1,1
0,839,Agent,1,1
0,840,Agent,1,1
0,841,Agent,1,1
0,842,Agent,1,1
0,843,Agent,1,1
0,844,Agent,2,2
0,845,Agent,3,3
0,846,Agent,1,1
0,847,Agent,50,50
0,848,Agent,50,50
0,849,Agent,50,50
0,850,Agent,50,50
0,851,Agent,50,50
0,852,Agent,50,50
0,853,Agent,50,50
0,854,Agent,50,50
0,855,Agent,50,50
0,856,Agent,50,50
0,857,Agent,50,50
0,858,Agent,50,50
0,859,Agent,50,50
0,860,Agent,50,50
0,861,Agent,50,50
0,862,Agent,50,50
0,863,Agent,50,50
0,864,Agent,50,50
0,865,Agent,50,50
0,866,Agent,50,50
0,867,Agent,14,-37
0,868,Agent,1,1
0,869,Agent,1,1
0,870,Agent,1,1
0,871,Agent,1,1
0,872,Agent,1,1
0,873,Agent,1,1
0,874,Agent,1,1
0,875,Agent,1,1
0,876,Agent,1,1
0,877,Agent,1,1
0,878,Agent,1,1
0,879,Agent,1,1
0,880,Agent,1,1
0,881,Agent,1,1
0,882,Agent,1,1
0,883,Agent,1,1
0,884,Agent,1,1
0,885,Agent,1,1
0,886,Agent,1,1
0,887,Agent,1,1
0,888,Agent,1,1
0,889,Agent,1,1
0,890,Agent,1,1
0,891,Agent,1,1
0,892,Agent,1,1
0,893,Agent,1,1
0,894,Agent,1,1
0,895,Agent,1,1
0,896,Agent,1,1
0,897,Agent,2,2
0,898,Agent,1,1
0,899,Agent,1,1
0,900,Agent,1,1
0,901,Agent,1,1
0,902,Agent,1,1
0,903,Agent,1,1
0,904,Agent,1,1
0,905,Agent,1,1
0,906,Agent,1,1
0,907,Agent,2,2
0,908,Agent,50,50
0,909,Agent,50,50
0,910,Agent,50,50
0,911,Agent,50,50
0,912,Agent,50,50
0,913,Agent,50,50
0,914,Agent,50,50
0,915,Agent,50,50
0,916,Agent,50,50
0,917,Agent,50,50
0,918,Agent,50,50
0,919,Agent,50,50
0,920,Agent,50,50
0,921,Agent,50,50
0,922,Agent,50,50
0,923,Agent,50,50
0,924,Agent,50,50
0,925,Agent,50,50
0,926,Agent,50,50
0,927,Agent,50,50
0,928,Agent,50,50
0,929,Agent,28,-23
0,930,Agent,1,1
0,931,Agent,1,1
0,932,Agent,1,1
0,933,Agent,1,1
0,934,Agent,1,1
0,935,Agent,1,1
0,936,Agent,1,1
0,937,Agent,1,1
0,938,Agent,1,1
0,939,Agent,1,1
0,940,Agent,1,1
0,941,Agent,1,1
0,942,Agent,1,1
0,943,Agent,1,1
0,944,Agent,1,1
0,945,Agent,1,1
0,946,Agent,1,1
0,947,Agent,1,1
0,948,Agent,1,1
0,949,Agent,1,1
0,950,Agent,1,1
0,951,Agent,1,1
0,952,Agent,1,1
0,953,Agent,1,1
0,954,Agent,1,1
0,955,Agent,1,1
0,956,Agent,1,1
0,957,Agent,1,1
0,958,Agent,1,1
0,959,Agent,3,3
0,960,Agent,1,1
0,961,Agent,50,50
0,962,Agent,50,50
0,963,Agent,50,50
0,964,Agent,50,50
0,965,Agent,50,50
0,966,Agent,50,50
0,967,Agent,50,50
0,968,Agent,50,50
0,969,Agent,50,50
0,970,Agent,50,50
0,971,Agent,50,50
0,972,Agent,50,50
0,973,Agent,50,50
0,974,Agent,50,50
0,975,Agent,50,50
0,976,Agent,50,50
0,977,Agent,50,50
0,978,Agent,50,50
0,979,Agent,50,50
0,980,Agent,50,50
0,981,Agent,50,50
0,982,Agent,50,50
0,983,Agent,50,50
0,984,Agent,50,50
0,985,Agent,50,50
0,986,Agent,50,50
0,987,Agent,50,50
0,988,Agent,50,50
0,989,Agent,50,50
0,990,Agent,50,50
0,991,Agent,50,50
0,992,Agent,50,50
0,993,Agent,50,50
0,994,Agent,50,50
0,995,Agent,50,50
0,996,Agent,50,50
0,997,Agent,50,50
0,998,Agent,50,50
0,999,Agent,50,50
0,1000,Agent,50,50
1,1,Agent,31,-20
1,2,Agent,1,1
1,3,Agent,1,1
1,4,Agent,1,1
1,5,Agent,1,1
1,6,Agent,1,1
1,7,Agent,1,1
1,8,Agent,1,1
1,9,Agent,1,1
1,10,Agent,1,1
1,11,Agent,1,1
1,12,Agent,1,1
1,13,Agent,1,1
1,14,Agent,1,1
1,15,Agent,1,1
1,16,Agent,1,1
1,17,Agent,1,1
1,18,Agent,1,1
1,19,Agent,1,1
1,20,Agent,1,1
1,21,Agent,1,1
1,22,Agent,1,1
1,23,Agent,1,1
1,24,Agent,1,1
1,25,Agent,1,1
1,26,Agent,1,1
1,27,Agent,1,1
1,28,Agent,1,1
1,29,Agent,2,2
1,30,Agent,1,1
1,31,Agent,1,1
1,32,Agent,1,1
1,33,Agent,1,1
1,34,Agent,1,1
1,35,Agent,2,2
1,36,Agent,50,50
1,37,Agent,50,50
1,38,Agent,50,50
1,39,Agent,50,50
1,40,Agent,50,50
1,41,Agent,50,50
1,42,Agent,50,50
1,43,Agent,50,50
1,44,Agent,50,50
1,45,Agent,50,50
1,46,Agent,50,50
1,47,Agent,50,50
1,48,Agent,50,50
1,49,Agent,40,-11
1,50,Agent,1,1
1,51,Agent,1,1
1,52,Agent,1,1
1,53,Agent,1,1
1,54,Agent,1,1
1,55,Agent,1,1
1,56,Agent,1,1
1,57,Agent,1,1
1,58,Agent,1,1
1,59,Agent,1,1
1,60,Agent,1,1
1,61,Agent,1,1
1,62,Agent,1,1
1,63,Agent,1,1
1,64,Agent,1,1
1,65,Agent,1,1
1,66,Agent,1,1
1,67,Agent,1,1
1,68,Agent,1,1
1,69,Agent,1,1
1,70,Agent,1,1
1,71,Agent,1,1
1,72,Agent,1,1
1,73,Agent,1,1
1,74,Agent,1,1
1,75,Agent,1,1
1,76,Agent,1,1
1,77,Agent,1,1
1,78,Agent,1,1
1,79,Agent,1,1
1,80,Agent,1,1
1,81,Agent,1,1
1,82,Agent,1,1
1,83,Agent,4,4
1,84,Agent,50,50
1,85,Agent,50,50
1,86,Agent,50,50
1,87,Agent,50,50
1,88,Agent,50,50
1,89,Agent,50,50
1,90,Agent,50,50
1,91,Agent,50,50
1,92,Agent,50,50
1,93,Agent,50,50
1,94,Agent,50,50
1,95,Agent,50,50
1,96,Agent,50,50
1,97,Agent,8,-43
1,98,Agent,1,1
1,99,Agent,1,1
1,100,Agent,1,1
1,101,Agent,1,1
1,102,Agent,1,1
1,103,Agent,1,1
1,104,Agent,1,1
1,105,Agent,1,1
1,106,Agent,1,1
1,107,Agent,1,1
1,108,Agent,1,1
1,109,Agent,1,1
1,110,Agent,1,1
1,111,Agent,1,1
1,112,Agent,1,1
1,113,Agent,1,1
1,114,Agent,1,1
1,115,Agent,1,1
1,116,Agent,1,1
1,117,Agent,1,1
1,118,Agent,1,1
1,119,Agent,1,1
1,120,Agent,1,1
1,121,Agent,1,1
1,122,Agent,1,1
1,123,Agent,1,1
1,124,Agent,1,1
1,125,Agent,1,1
1,126,Agent,1,1
1,127,Agent,1,1
1,128,Agent,1,1
1,129,Agent,1,1
1,130,Agent,1,1
1,131,Agent,1,1
1,132,Agent,1,1
1,133,Agent,1,1
1,134,Agent,50,50
1,135,Agent,50,50
1,136,Agent,50,50
1,137,Agent,50,50
1,138,Agent,50,50
1,139,Agent,50,50
1,140,Agent,50,50
1,141,Agent,50,50
1,142,Agent,50,50
1,143,Agent,50,50
1,144,Agent,50,50
1,145,Agent,50,50
1,146,Agent,50,50
1,147,Agent,50,50
1,148,Agent,50,50
1,149,Agent,18,-33
1,150,Agent,1,1
1,151,Agent,1,1
1,152,Agent,1,1
1,153,Agent,1,1
1,154,Agent,1,1
1,155,Agent,1,1
1,156,Agent,1,1
1,157,Agent,1,1
1,158,Agent,1,1
1,159,Agent,1,1
1,160,Agent,1,1
1,161,Agent,1,1
1,162,Agent,1,1
1,163,Agent,1,1
1,164,Agent,1,1
1,165,Agent,1,1
1,166,Agent,1,1
1,167,Agent,1,1
1,168,Agent,1,1
1,169,Agent,1,1
1,170,Agent,1,1
1,171,Agent,1,1
1,172,Agent,1,1
1,173,Agent,1,1
1,174,Agent,1,1
1,175,Agent,1,1
1,176,Agent,1,1
1,177,Agent,3,3
1,178,Agent,50,50
1,179,Agent,50,50
1,180,Agent,50,50
1,181,Agent,50,50
1,182,Agent,50,50
1,183,Agent,43,-8
1,184,Agent,1,1
1,185,Agent,1,1
1,186,Agent,1,1
1,187,Agent,1,1
1,188,Agent,1,1
1,189,Agent,1,1
1,190,Agent,1,1
1,191,Agent,1,1
1,192,Agent,1,1
1,193,Agent,1,1
1,194,Agent,1,1
1,195,Agent,1,1
1,196,Agent,1,1
1,197,Agent,1,1
1,198,Agent,1,1
1,199,Agent,1,1
1,200,Agent,1,1
1,201,Agent,1,1
1,202,Agent,1,1
1,203,Agent,1,1
1,204,Agent,1,1
1,205,Agent,1,1
1,206,Agent,1,1
1,207,Agent,1,1
1,208,Agent,1,1
1,209,Agent,1,1
1,210,Agent,1,1
1,211,Agent,1,1
1,212,Agent,1,1
1,213,Agent,2,2
1,214,Agent,1,1
1,215,Agent,1,1
1,216,Agent,4,4
1,217,Agent,50,50
1,218,Agent,50,50
1,219,Agent,50,50
1,220,Agent,39,-12
1,221,Agent,1,1
1,222,Agent,1,1
1,223,Agent,1,1
1,224,Agent,1,1
1,225,Agent,1,1
1,226,Agent,1,1
1,227,Agent,1,1
1,228,Agent,1,1
1,229,Agent,1,1
1,230,Agent,1,1
1,231,Agent,1,1
1,232,Agent,1,1
1,233,Agent,1,1
1,234,Agent,1,1
1,235,Agent,1,1
1,236,Agent,1,1
1,237,Agent,1,1
1,238,Agent,1,1
1,239,Agent,2,2
1,240,Agent,1,1
1,241,Agent,1,1
1,242,Agent,1,1
1,243,Agent,1,1
1,244,Agent,1,1
1,245,Agent,1,1
1,246,Agent,1,1
1,247,Agent,1,1
1,248,Agent,1,1
1,249,Agent,1,1
1,250,Agent,1,1
1,251,Agent,1,1
1,252,Agent,1,1
1,253,Agent,1,1
1,254,Agent,1,1
1,255,Agent,1,1
1,256,Agent,2,2
1,257,Agent,50,50
1,258,Agent,50,50
1,259,Agent,50,50
1,260,Agent,50,50
1,261,Agent,50,50
1,262,Agent,50,50
1,263,Agent,50,50
1,264,Agent,50,50
1,265,Agent,50,50
1,266,Agent,50,50
1,267,Agent,50,50
1,268,Agent,50,50
1,269,Agent,50,50
1,270,Agent,50,50
1,271,Agent,50,50
1,272,Agent,50,50
1,273,Agent,50,50
1,274,Agent,50,50
1,275,Agent,50,50
1,276,Agent,50,50
1,277,Agent,50,50
1,278,Agent,50,50
1,279,Agent,50,50
1,280,Agent,50,50
1,281,Agent,50,50
1,282,Agent,50,50
1,283,Agent,50,50
1,284,Agent,50,50
1,285,Agent,50,50
1,286,Agent,50,50
1,287,Agent,50,50
1,288,Agent,50,50
1,289,Agent,10,-41
1,290,Agent,1,1
1,291,Agent,1,1
1,292,Agent,1,1
1,293,Agent,1,1
1,294,Agent,1,1
1,295,Agent,1,1
1,296,Agent,1,1
1,297,Agent,1,1
1,298,Agent,1,1
1,299,Agent,1,1
1,300,Agent,1,1
1,301,Agent,1,1
1,302,Agent,1,1
1,303,Agent,1,1
1,304,Agent,1,1
1,305,Agent,1,1
1,306,Agent,1,1
1,307,Agent,1,1
1,308,Agent,1,1
1,309,Agent,1,1
1,310,Agent,1,1
1,311,Agent,1,1
1,312,Agent,1,1
1,313,Agent,1,1
1,314,Agent,1,1
1,315,Agent,1,1
1,316,Agent,1,1
1,317,Agent,1,1
1,318,Agent,1,1
1,319,Agent,1,1
1,320,Agent,1,1
1,321,Agent,1,1
1,322,Agent,2,2
1,323,Agent,1,1
1,324,Agent,1,1
1,325,Agent,50,50
1,326,Agent,50,50
1,327,Agent,50,50
1,328,Agent,50,50
1,329,Agent,50,50
1,330,Agent,50,50
1,331,Agent,50,50
1,332,Agent,50,50
1,333,Agent,50,50
1,334,Agent,50,50
1,335,Agent,50,50
1,336,Agent,50,50
1,337,Agent,50,50
1,338,Agent,50,50
1,339,Agent,50,50
1,340,Agent,50,50
1,341,Agent,50,50
1,342,Agent,50,50
1,343,Agent,50,50
1,344,Agent,50,50
1,345,Agent,50,50
1,346,Agent,50,50
1,347,Agent,50,50
1,348,Agent,50,50
1,349,Agent,50,50
1,350,Agent,50,50
1,351,Agent,50,50
1,352,Agent,50,50
1,353,Agent,50,50
1,354,Agent,50,50
1,355,Agent,50,50
1,356,Agent,50,50
1,357,Agent,50,50
1,358,Agent,50,50
1,359,Agent,50,50
1,360,Agent,50,50
1,361,Agent,50,50
1,362,Agent,50,50
1,363,Agent,50,50
1,364,Agent,50,50
1,365,Agent,50,50
1,366,Agent,50,50
1,367,Agent,50,50
1,368,Agent,50,50
1,369,Agent,50,50
1,370,Agent,50,50
1,371,Agent,50,50
1,372,Agent,50,50
1,373,Agent,50,50
1,374,Agent,50,50
1,375,Agent,50,50
1,376,Agent,50,50
1,377,Agent,48,-3
1,378,Agent,1,1
1,379,Agent,1,1
1,380,Agent,1,1
1,381,Agent,1,1
1,382,Agent,1,1
1,383,Agent,1,1
1,384,Agent,1,1
1,385,Agent,1,1
1,386,Agent,1,1
1,387,Agent,1,1
1,388,Agent,1,1
1,389,Agent,1,1
1,390,Agent,1,1
1,391,Agent,1,1
1,392,Agent,1,1
1,393,Agent,1,1
1,394,Agent,1,1
1,395,Agent,1,1
1,396,Agent,1,1
1,397,Agent,1,1
1,398,Agent,1,1
1,399,Agent,1,1
1,400,Agent,1,1
1,401,Agent,1,1
1,402,Agent,1,1
1,403,Agent,1,1
1,404,Agent,1,1
1,405,Agent,1,1
1,406,Agent,2,2
1,407,Agent,1,1
1,408,Agent,2,2
1,409,Agent,50,50
1,410,Agent,50,50
1,411,Agent,50,50
1,412,Agent,50,50
1,413,Agent,50,50
1,414,Agent,50,50
1,415,Agent,3,3
1,416,Agent,50,50
1,417,Agent,50,50
1,418,Agent,50,50
1,419,Agent,17,-34
1,420,Agent,1,1
1,421,Agent,1,1
1,422,Agent,1,1
1,423,Agent,1,1
1,424,Agent,1,1
1,425,Agent,1,1
1,426,Agent,1,1
1,427,Agent,1,1
1,428,Agent,1,1
1,429,Agent,1,1
1,430,Agent,1,1
1,431,Agent,1,1
1,432,Agent,1,1
1,433,Agent,1,1
1,434,Agent,1,1
1,435,Agent,1,1
1,436,Agent,1,1
1,437,Agent,1,1
1,438,Agent,1,1
1,439,Agent,1,1
1,440,Agent,1,1
1,441,Agent,1,1
1,442,Agent,1,1
1,443,Agent,1,1
1,444,Agent,1,1
1,445,Agent,2,2
1,446,Agent,5,5
1,447,Agent,50,50
1,448,Agent,50,50
1,449,Agent,50,50
1,450,Agent,16,-35
1,451,Agent,1,1
1,452,Agent,1,1
1,453,Agent,1,1
1,454,Agent,1,1
1,455,Agent,1,1
1,456,Agent,1,1
1,457,Agent,1,1
1,458,Agent,1,1
1,459,Agent,1,1
1,460,Agent,1,1
1,461,Agent,1,1
1,462,Agent,1,1
1,463,Agent,1,1
1,464,Agent,1,1
1,465,Agent,1,1
1,466,Agent,1,1
1,467,Agent,1,1
1,468,Agent,1,1
1,469,Agent,1,1
1,470,Agent,1,1
1,471,Agent,1,1
1,472,Agent,1,1
1,473,Agent,2,2
1,474,Agent,1,1
1,475,Agent,1,1
1,476,Agent,1,1
1,477,Agent,3,3
1,478,Agent,50,50
1,479,Agent,50,50
1,480,Agent,50,50
1,481,Agent,50,50
1,482,Agent,50,50
1,483,Agent,50,50
1,484,Agent,50,50
1,485,Agent,50,50
1,486,Agent,50,50
1,487,Agent,50,50
1,488,Agent,50,50
1,489,Agent,50,50
1,490,Agent,50,50
1,491,Agent,50,50
1,492,Agent,50,50
1,493,Agent,50,50
1,494,Agent,50,50
1,495,Agent,50,50
1,496,Agent,50,50
1,497,Agent,50,50
1,498,Agent,50,50
1,499,Agent,50,50
1,500,Agent,50,50
1,501,Agent,50,50
1,502,Agent,50,50
1,503,Agent,50,50
1,504,Agent,24,-27
1,505,Agent,1,1
1,506,Agent,1,1
1,507,Agent,1,1
1,508,Agent,1,1
1,509,Agent,1,1
1,510,Agent,1,1
1,511,Agent,1,1
1,512,Agent,1,1
1,513,Agent,1,1
1,514,Agent,1,1
1,515,Agent,1,1
1,516,Agent,1,1
1,517,Agent,1,1
1,518,Agent,1,1
1,519,Agent,1,1
1,520,Agent,1,1
1,521,Agent,1,1
1,522,Agent,1,1
1,523,Agent,1,1
1,524,Agent,1,1
1,525,Agent,1,1
1,526,Agent,1,1
1,527,Agent,1,1
1,528,Agent,1,1
1,529,Agent,1,1
1,530,Agent,1,1
1,531,Agent,1,1
1,532,Agent,1,1
1,533,Agent,1,1
1,534,Agent,1,1
1,535,Agent,1,1
1,536,Agent,2,2
1,537,Agent,2,2
1,538,Agent,50,50
1,539,Agent,50,50
1,540,Agent,50,50
1,541,Agent,50,50
1,542,Agent,50,50
1,543,Agent,50,50
1,544,Agent,50,50
1,545,Agent,50,50
1,546,Agent,50,50
1,547,Agent,50,50
1,548,Agent,50,50
1,549,Agent,50,50
1,550,Agent,50,50
1,551,Agent,50,50
1,552,Agent,50,50
1,553,Agent,50,50
1,554,Agent,50,50
1,555,Agent,50,50
1,556,Agent,50,50
1,557,Agent,50,50
1,558,Agent,50,50
1,559,Agent,50,50
1,560,Agent,50,50
1,561,Agent,50,50
1,562,Agent,50,50
1,563,Agent,50,50
1,564,Agent,50,50
1,565,Agent,50,50
1,566,Agent,50,50
1,567,Agent,50,50
1,568,Agent,50,50
1,569,Agent,50,50
1,570,Agent,50,50
1,571,Agent,50,50
1,572,Agent,50,50
1,573,Agent,50,50
1,574,Agent,50,50
1,575,Agent,50,50
1,576,Agent,50,50
1,577,Agent,50,50
1,578,Agent,50,50
1,579,Agent,50,50
1,580,Agent,50,50
1,581,Agent,50,50
1,582,Agent,50,50
1,583,Agent,50,50
1,584,Agent,50,50
1,585,Agent,50,50
1,586,Agent,50,50
1,587,Agent,50,50
1,588,Agent,50,50
1,589,Agent,50,50
1,590,Agent,50,50
1,591,Agent,50,50
1,592,Agent,50,50
1,593,Agent,50,50
1,594,Agent,50,50
1,595,Agent,50,50
1,596,Agent,50,50
1,597,Agent,50,50
1,598,Agent,50,50
1,599,Agent,50,50
1,600,Agent,50,50
1,601,Agent,50,50
1,602,Agent,50,50
1,603,Agent,50,50
1,604,Agent,50,50
1,605,Agent,50,50
1,606,Agent,50,50
1,607,Agent,50,50
1,608,Agent,50,50
1,609,Agent,50,50
1,610,Agent,50,50
1,611,Agent,50,50
1,612,Agent,50,50
1,613,Agent,50,50
1,614,Agent,50,50
1,615,Agent,50,50
1,616,Agent,50,50
1,617,Agent,50,50
1,618,Agent,50,50
1,619,Agent,50,50
1,620,Agent,36,-15
1,621,Agent,1,1
1,622,Agent,1,1
1,623,Agent,1,1
1,624,Agent,1,1
1,625,Agent,1,1
1,626,Agent,1,1
1,627,Agent,1,1
1,628,Agent,1,1
1,629,Agent,1,1
1,630,Agent,1,1
1,631,Agent,1,1
1,632,Agent,1,1
1,633,Agent,1,1
1,634,Agent,1,1
1,635,Agent,1,1
1,636,Agent,1,1
1,637,Agent,1,1
1,638,Agent,1,1
1,639,Agent,1,1
1,640,Agent,1,1
1,641,Agent,1,1
1,642,Agent,1,1
1,643,Agent,1,1
1,644,Agent,1,1
1,645,Agent,1,1
1,646,Agent,1,1
1,647,Agent,2,2
1,648,Agent,1,1
1,649,Agent,2,2
1,650,Agent,1,1
1,651,Agent,50,50
1,652,Agent,50,50
1,653,Agent,50,50
1,654,Agent,50,50
1,655,Agent,50,50
1,656,Agent,50,50
1,657,Agent,50,50
1,658,Agent,50,50
1,659,Agent,50,50
1,660,Agent,50,50
1,661,Agent,50,50
1,662,Agent,50,50
1,663,Agent,50,50
1,664,Agent,50,50
1,665,Agent,50,50
1,666,Agent,50,50
1,667,Agent,50,50
1,668,Agent,50,50
1,669,Agent,50,50
1,670,Agent,50,50
1,671,Agent,50,50
1,672,Agent,50,50
1,673,Agent,50,50
1,674,Agent,30,-21
1,675,Agent,1,1
1,676,Agent,1,1
1,677,Agent,1,1
1,678,Agent,1,1
1,679,Agent,1,1
1,680,Agent,1,1
1,681,Agent,1,1
1,682,Agent,1,1
1,683,Agent,1,1
1,684,Agent,1,1
1,685,Agent,1,1
1,686,Agent,1,1
1,687,Agent,1,1
1,688,Agent,1,1
1,689,Agent,1,1
1,690,Agent,1,1
1,691,Agent,1,1
1,692,Agent,1,1
1,693,Agent,1,1
1,694,Agent,1,1
1,695,Agent,1,1
1,696,Agent,1,1
1,697,Agent,1,1
1,698,Agent,1,1
1,699,Agent,1,1
1,700,Agent,1,1
1,701,Agent,1,1
1,702,Agent,1,1
1,703,Agent,1,1
1,704,Agent,1,1
1,705,Agent,4,4
1,706,Agent,1,1
1,707,Agent,2,2
1,708,Agent,1,1
1,709,Agent,50,50
1,710,Agent,50,50
1,711,Agent,50,50
1,712,Agent,50,50
1,713,Agent,50,50
1,714,Agent,50,50
1,715,Agent,50,50
1,716,Agent,50,50
1,717,Agent,50,50
1,718,Agent,50,50
1,719,Agent,50,50
1,720,Agent,50,50
1,721,Agent,50,50
1,722,Agent,50,50
1,723,Agent,50,50
1,724,Agent,50,50
1,725,Agent,50,50
1,726,Agent,50,50
1,727,Agent,50,50
1,728,Agent,50,50
1,729,Agent,20,-31
1,730,Agent,1,1
1,731,Agent,1,1
1,732,Agent,1,1
1,733,Agent,1,1
1,734,Agent,1,1
1,735,Agent,1,1
1,736,Agent,1,1
1,737,Agent,1,1
1,738,Agent,1,1
1,739,Agent,1,1
1,740,Agent,1,1
1,741,Agent,1,1
1,742,Agent,1,1
1,743,Agent,1,1
1,744,Agent,1,1
1,745,Agent,1,1
1,746,Agent,1,1
1,747,Agent,1,1
1,748,Agent,1,1
1,749,Agent,1,1
1,750,Agent,1,1
1,751,Agent,1,1
1,752,Agent,1,1
1,753,Agent,1,1
1,754,Agent,1,1
1,755,Agent,1,1
1,756,Agent,1,1
1,757,Agent,1,1
1,758,Agent,1,1
1,759,Agent,2,2
1,760,Agent,50,50
1,761,Agent,50,50
1,762,Agent,50,50
1,763,Agent,50,50
1,764,Agent,50,50
1,765,Agent,50,50
1,766,Agent,50,50
1,767,Agent,50,50
1,768,Agent,50,50
1,769,Agent,50,50
1,770,Agent,50,50
1,771,Agent,50,50
1,772,Agent,50,50
1,773,Agent,50,50
1,774,Agent,50,50
1,775,Agent,50,50
1,776,Agent,50,50
1,777,Agent,50,50
1,778,Agent,50,50
1,779,Agent,50,50
1,780,Agent,50,50
1,781,Agent,50,50
1,782,Agent,50,50
1,783,Agent,50,50
1,784,Agent,50,50
1,785,Agent,50,50
1,786,Agent,50,50
1,787,Agent,50,50
1,788,Agent,50,50
1,789,Agent,50,50
1,790,Agent,50,50
1,791,Agent,50,50
1,792,Agent,50,50
1,793,Agent,50,50
1,794,Agent,50,50
1,795,Agent,17,-34
1,796,Agent,1,1
1,797,Agent,1,1
1,798,Agent,1,1
1,799,Agent,1,1
1,800,Agent,1,1
1,801,Agent,1,1
1,802,Agent,1,1
1,803,Agent,1,1
1,804,Agent,1,1
1,805,Agent,1,1
1,806,Agent,1,1
1,807,Agent,1,1
1,808,Agent,1,1
1,809,Agent,1,1
1,810,Agent,1,1
1,811,Agent,1,1
1,812,Agent,1,1
1,813,Agent,1,1
1,814,Agent,1,1
1,815,Agent,1,1
1,816,Agent,1,1
1,817,Agent,1,1
1,818,Agent,1,1
1,819,Agent,1,1
1,820,Agent,1,1
1,821,Agent,1,1
1,822,Agent,1,1
1,823,Agent,1,1
1,824,Agent,2,2
1,825,Agent,50,50
1,826,Agent,50,50
1,827,Agent,50,50
1,828,Agent,50,50
1,829,Agent,50,50
1,830,Agent,50,50
1,831,Agent,50,50
1,832,Agent,50,50
1,833,Agent,50,50
1,834,Agent,30,-21
1,835,Agent,1,1
1,836,Agent,1,1
1,837,Agent,1,1
1,838,Agent,1,1
1,839,Agent,1,1
1,840,Agent,1,1
1,841,Agent,1,1
1,842,Agent,1,1
1,843,Agent,1,1
1,844,Agent,1,1
1,845,Agent,1,1
1,846,Agent,1,1
1,847,Agent,1,1
1,848,Agent,1,1
1,849,Agent,1,1
1,850,Agent,1,1
1,851,Agent,1,1
1,852,Agent,1,1
1,853,Agent,1,1
1,854,Agent,1,1
1,855,Agent,1,1
1,856,Agent,1,1
1,857,Agent,1,1
1,858,Agent,1,1
1,859,Agent,1,1
1,860,Agent,1,1
1,861,Agent,1,1
1,862,Agent,1,1
1,863,Agent,1,1
1,864,Agent,1,1
1,865,Agent,1,1
1,866,Agent,1,1
1,867,Agent,1,1
1,868,Agent,1,1
1,869,Agent,1,1
1,870,Agent,1,1
1,871,Agent,1,1
1,872,Agent,1,1
1,873,Agent,1,1
1,874,Agent,1,1
1,875,Agent,1,1
1,876,Agent,1,1
1,877,Agent,1,1
1,878,Agent,50,50
1,879,Agent,50,50
1,880,Agent,50,50
1,881,Agent,50,50
1,882,Agent,50,50
1,883,Agent,50,50
1,884,Agent,50,50
1,885,Agent,50,50
1,886,Agent,50,50
1,887,Agent,50,50
1,888,Agent,50,50
1,889,Agent,50,50
1,890,Agent,50,50
1,891,Agent,50,50
1,892,Agent,50,50
1,893,Agent,50,50
1,894,Agent,50,50
1,895,Agent,50,50
1,896,Agent,50,50
1,897,Agent,50,50
1,898,Agent,50,50
1,899,Agent,50,50
1,900,Agent,50,50
1,901,Agent,50,50
1,902,Agent,50,50
1,903,Agent,50,50
1,904,Agent,50,50
1,905,Agent,50,50
1,906,Agent,50,50
1,907,Agent,50,50
1,908,Agent,50,50
1,909,Agent,50,50
1,910,Agent,50,50
1,911,Agent,50,50
1,912,Agent,50,50
1,913,Agent,50,50
1,914,Agent,50,50
1,915,Agent,50,50
1,916,Agent,50,50
1,917,Agent,50,50
1,918,Agent,50,50
1,919,Agent,50,50
1,920,Agent,50,50
1,921,Agent,6,6
1,922,Agent,50,50
1,923,Agent,50,50
1,924,Agent,50,50
1,925,Agent,50,50
1,926,Agent,50,50
1,927,Agent,50,50
1,928,Agent,50,50
1,929,Agent,50,50
1,930,Agent,30,-21
1,931,Agent,1,1
1,932,Agent,1,1
1,933,Agent,1,1
1,934,Agent,1,1
1,935,Agent,1,1
1,936,Agent,1,1
1,937,Agent,1,1
1,938,Agent,1,1
1,939,Agent,1,1
1,940,Agent,1,1
1,941,Agent,1,1
1,942,Agent,1,1
1,943,Agent,1,1
1,944,Agent,1,1
1,945,Agent,1,1
1,946,Agent,1,1
1,947,Agent,1,1
1,948,Agent,1,1
1,949,Agent,1,1
1,950,Agent,1,1
1,951,Agent,1,1
1,952,Agent,1,1
1,953,Agent,1,1
1,954,Agent,1,1
1,955,Agent,1,1
1,956,Agent,1,1
1,957,Agent,1,1
1,958,Agent,1,1
1,959,Agent,1,1
1,960,Agent,1,1
1,961,Agent,1,1
1,962,Agent,1,1
1,963,Agent,1,1
1,964,Agent,50,50
1,965,Agent,50,50
1,966,Agent,50,50
1,967,Agent,50,50
1,968,Agent,50,50
1,969,Agent,50,50
1,970,Agent,50,50
1,971,Agent,50,50
1,972,Agent,50,50
1,973,Agent,50,50
1,974,Agent,50,50
1,975,Agent,50,50
1,976,Agent,6,-45
1,977,Agent,1,1
1,978,Agent,1,1
1,979,Agent,1,1
1,980,Agent,1,1
1,981,Agent,1,1
1,982,Agent,1,1
1,983,Agent,1,1
1,984,Agent,1,1
1,985,Agent,1,1
1,986,Agent,1,1
1,987,Agent,1,1
1,988,Agent,1,1
1,989,Agent,1,1
1,990,Agent,1,1
1,991,Agent,1,1
1,992,Agent,1,1
1,993,Agent,1,1
1,994,Agent,1,1
1,995,Agent,1,1
1,996,Agent,1,1
1,997,Agent,1,1
1,998,Agent,1,1
1,999,Agent,1,1
1,1000,Agent,1,1
2,1,Agent,2,2
2,2,Agent,1,1
2,3,Agent,2,2
2,4,Agent,50,50
2,5,Agent,28,-23
2,6,Agent,1,1
2,7,Agent,1,1
2,8,Agent,1,1
2,9,Agent,1,1
2,10,Agent,1,1
2,11,Agent,1,1
2,12,Agent,1,1
2,13,Agent,1,1
2,14,Agent,1,1
2,15,Agent,1,1
2,16,Agent,1,1
2,17,Agent,1,1
2,18,Agent,1,1
2,19,Agent,1,1
2,20,Agent,1,1
2,21,Agent,1,1
2,22,Agent,1,1
2,23,Agent,1,1
2,24,Agent,1,1
2,25,Agent,1,1
2,26,Agent,1,1
2,27,Agent,1,1
2,28,Agent,1,1
2,29,Agent,1,1
2,30,Agent,1,1
2,31,Agent,1,1
2,32,Agent,1,1
2,33,Agent,1,1
2,34,Agent,1,1
2,35,Agent,1,1
2,36,Agent,1,1
2,37,Agent,1,1
2,38,Agent,2,2
2,39,Agent,2,2
2,40,Agent,2,2
2,41,Agent,50,50
2,42,Agent,50,50
2,43,Agent,50,50
2,44,Agent,50,50
2,45,Agent,50,50
2,46,Agent,50,50
2,47,Agent,50,50
2,48,Agent,50,50
2,49,Agent,50,50
2,50,Agent,50,50
2,51,Agent,50,50
2,52,Agent,50,50
2,53,Agent,50,50
2,54,Agent,36,-15
2,55,Agent,1,1
2,56,Agent,1,1
2,57,Agent,1,1
2,58,Agent,1,1
2,59,Agent,1,1
2,60,Agent,1,1
2,61,Agent,1,1
2,62,Agent,1,1
2,63,Agent,1,1
2,64,Agent,1,1
2,65,Agent,1,1
2,66,Agent,1,1
2,67,Agent,1,1
2,68,Agent,1,1
2,69,Agent,1,1
2,70,Agent,1,1
2,71,Agent,1,1
2,72,Agent,1,1
2,73,Agent,1,1
2,74,Agent,1,1
2,75,Agent,1,1
2,76,Agent,1,1
2,77,Agent,1,1
2,78,Agent,1,1
2,79,Agent,1,1
2,80,Agent,1,1
2,81,Agent,1,1
2,82,Agent,1,1
2,83,Agent,1,1
2,84,Agent,2,2
2,85,Agent,1,1
2,86,Agent,1,1
2,87,Agent,1,1
2,88,Agent,1,1
2,89,Agent,1,1
2,90,Agent,1,1
2,91,Agent,1,1
2,92,Agent,1,1
2,93,Agent,50,50
2,94,Agent,50,50
2,95,Agent,50,50
2,96,Agent,50,50
2,97,Agent,50,50
2,98,Agent,50,50
2,99,Agent,50,50
2,100,Agent,50,50
2,101,Agent,50,50
2,102,Agent,50,50
2,103,Agent,50,50
2,104,Agent,50,50
2,105,Agent,50,50
2,106,Agent,50,50
2,107,Agent,50,50
2,108,Agent,50,50
2,109,Agent,50,50
2,110,Agent,50,50
2,111,Agent,50,50
2,112,Agent,50,50
2,113,Agent,50,50
2,114,Agent,50,50
2,115,Agent,50,50
2,116,Agent,50,50
2,117,Agent,50,50
2,118,Agent,50,50
2,119,Agent,50,50
2,120,Agent,50,50
2,121,Agent,50,50
2,122,Agent,50,50
2,123,Agent,50,50
2,124,Agent,50,50
2,125,Agent,50,50
2,126,Agent,50,50
2,127,Agent,50,50
2,128,Agent,50,50
2,129,Agent,50,50
2,130,Agent,50,50
2,131,Agent,50,50
2,132,Agent,50,50
2,133,Agent,50,50
2,134,Agent,50,50
2,135,Agent,50,50
2,136,Agent,50,50
2,137,Agent,50,50
2,138,Agent,50,50
2,139,Agent,50,50
2,140,Agent,50,50
2,141,Agent,31,-20
2,142,Agent,1,1
2,143,Agent,1,1
2,144,Agent,1,1
2,145,Agent,1,1
2,146,Agent,1,1
2,147,Agent,1,1
2,148,Agent,1,1
2,149,Agent,1,1
2,150,Agent,1,1
2,151,Agent,1,1
2,152,Agent,1,1
2,153,Agent,1,1
2,154,Agent,1,1
2,155,Agent,1,1
2,156,Agent,1,1
2,157,Agent,1,1
2,158,Agent,1,1
2,159,Agent,1,1
2,160,Agent,1,1
2,161,Agent,1,1
2,162,Agent,1,1
2,163,Agent,1,1
2,164,Agent,1,1
2,165,Agent,1,1
2,166,Agent,1,1
2,167,Agent,1,1
2,168,Agent,1,1
2,169,Agent,1,1
2,170,Agent,1,1
2,171,Agent,1,1
2,172,Agent,1,1
2,173,Agent,1,1
2,174,Agent,1,1
2,175,Agent,50,50
2,176,Agent,50,50
2,177,Agent,50,50
2,178,Agent,50,50
2,179,Agent,50,50
2,180,Agent,50,50
2,181,Agent,50,50
2,182,Agent,50,50
2,183,Agent,40,-11
2,184,Agent,1,1
2,185,Agent,1,1
2,186,Agent,1,1
2,187,Agent,1,1
2,188,Agent,1,1
2,189,Agent,1,1
2,190,Agent,1,1
2,191,Agent,1,1
2,192,Agent,1,1
2,193,Agent,1,1
2,194,Agent,1,1
2,195,Agent,1,1
2,196,Agent,1,1
2,197,Agent,1,1
2,198,Agent,1,1
2,199,Agent,1,1
2,200,Agent,1,1
2,201,Agent,1,1
2,202,Agent,1,1
2,203,Agent,1,1
2,204,Agent,1,1
2,205,Agent,1,1
2,206,Agent,1,1
2,207,Agent,1,1
2,208,Agent,1,1
2,209,Agent,1,1
2,210,Agent,1,1
2,211,Agent,1,1
2,212,Agent,1,1
2,213,Agent,1,1
2,214,Agent,1,1
2,215,Agent,1,1
2,216,Agent,1,1
2,217,Agent,2,2
2,218,Agent,50,50
2,219,Agent,50,50
2,220,Agent,50,50
2,221,Agent,50,50
2,222,Agent,50,50
2,223,Agent,50,50
2,224,Agent,50,50
2,225,Agent,50,50
2,226,Agent,50,50
2,227,Agent,50,50
2,228,Agent,50,50
2,229,Agent,50,50
2,230,Agent,50,50
2,231,Agent,50,50
2,232,Agent,50,50
2,233,Agent,50,50
2,234,Agent,50,50
2,235,Agent,50,50
2,236,Agent,50,50
2,237,Agent,50,50
2,238,Agent,50,50
2,239,Agent,50,50
2,240,Agent,50,50
2,241,Agent,50,50
2,242,Agent,50,50
2,243,Agent,50,50
2,244,Agent,50,50
2,245,Agent,50,50
2,246,Agent,50,50
2,247,Agent,50,-1
2,248,Agent,1,1
2,249,Agent,1,1
2,250,Agent,1,1
2,251,Agent,1,1
2,252,Agent,1,1
2,253,Agent,1,1
2,254,Agent,1,1
2,255,Agent,1,1
2,256,Agent,1,1
2,257,Agent,1,1
2,258,Agent,1,1
2,259,Agent,1,1
2,260,Agent,1,1
2,261,Agent,1,1
2,262,Agent,1,1
2,263,Agent,1,1
2,264,Agent,1,1
2,265,Agent,1,1
2,266,Agent,1,1
2,267,Agent,1,1
2,268,Agent,1,1
2,269,Agent,1,1
2,270,Agent,1,1
2,271,Agent,1,1
2,272,Agent,1,1
2,273,Agent,1,1
2,274,Agent,1,1
2,275,Agent,1,1
2,276,Agent,1,1
2,277,Agent,1,1
2,278,Agent,1,1
2,279,Agent,1,1
2,280,Agent,1,1
2,281,Agent,1,1
2,282,Agent,1,1
2,283,Agent,1,1
2,284,Agent,3,3
2,285,Agent,50,50
2,286,Agent,50,50
2,287,Agent,50,50
2,288,Agent,50,50
2,289,Agent,50,50
2,290,Agent,50,50
2,291,Agent,50,50
2,292,Agent,50,50
2,293,Agent,50,50
2,294,Agent,27,-24
2,295,Agent,1,1
2,296,Agent,1,1
2,297,Agent,1,1
2,298,Agent,1,1
2,299,Agent,1,1
2,300,Agent,1,1
2,301,Agent,1,1
2,302,Agent,1,1
2,303,Agent,1,1
2,304,Agent,1,1
2,305,Agent,1,1
2,306,Agent,1,1
2,307,Agent,1,1
2,308,Agent,1,1
2,309,Agent,1,1
2,310,Agent,1,1
2,311,Agent,1,1
2,312,Agent,1,1
2,313,Agent,1,1
2,314,Agent,1,1
2,315,Agent,1,1
2,316,Agent,1,1
2,317,Agent,1,1
2,318,Agent,1,1
2,319,Agent,1,1
2,320,Agent,1,1
2,321,Agent,1,1
2,322,Agent,1,1
2,323,Agent,1,1
2,324,Agent,1,1
2,325,Agent,1,1
2,326,Agent,1,1
2,327,Agent,1,1
2,328,Agent,50,50
2,329,Agent,50,50
2,330,Agent,28,-23
2,331,Agent,1,1
2,332,Agent,1,1
2,333,Agent,1,1
2,334,Agent,1,1
2,335,Agent,1,1
2,336,Agent,1,1
2,337,Agent,1,1
2,338,Agent,1,1
2,339,Agent,1,1
2,340,Agent,1,1
2,341,Agent,1,1
2,342,Agent,1,1
2,343,Agent,1,1
2,344,Agent,1,1
2,345,Agent,1,1
2,346,Agent,1,1
2,347,Agent,1,1
2,348,Agent,1,1
2,349,Agent,1,1
2,350,Agent,1,1
2,351,Agent,1,1
2,352,Agent,1,1
2,353,Agent,1,1
2,354,Agent,1,1
2,355,Agent,1,1
2,356,Agent,1,1
2,357,Agent,1,1
2,358,Agent,1,1
2,359,Agent,1,1
2,360,Agent,1,1
2,361,Agent,1,1
2,362,Agent,1,1
2,363,Agent,1,1
2,364,Agent,1,1
2,365,Agent,1,1
2,366,Agent,1,1
2,367,Agent,1,1
2,368,Agent,50,50
2,369,Agent,50,50
2,370,Agent,50,50
2,371,Agent,50,50
2,372,Agent,50,50
2,373,Agent,50,50
2,374,Agent,50,50
2,375,Agent,50,50
2,376,Agent,50,50
2,377,Agent,50,50
2,378,Agent,50,50
2,379,Agent,50,50
2,380,Agent,50,50
2,381,Agent,50,50
2,382,Agent,50,50
2,383,Agent,50,50
2,384,Agent,50,50
2,385,Agent,50,50
2,386,Agent,50,50
2,387,Agent,50,50
2,388,Agent,50,50
2,389,Agent,50,50
2,390,Agent,50,50
2,391,Agent,50,50
2,392,Agent,50,50
2,393,Agent,50,50
2,394,Agent,50,50
2,395,Agent,50,50
2,396,Agent,50,50
2,397,Agent,50,50
2,398,Agent,50,50
2,399,Agent,50,50
2,400,Agent,50,50
2,401,Agent,50,50
2,402,Agent,50,50
2,403,Agent,50,50
2,404,Agent,50,50
2,405,Agent,50,50
2,406,Agent,50,50
2,407,Agent,50,50
2,408,Agent,50,50
2,409,Agent,50,50
2,410,Agent,50,50
2,411,Agent,50,50
2,412,Agent,50,50
2,413,Agent,50,50
2,414,Agent,50,50
2,415,Agent,50,50
2,416,Agent,50,50
2,417,Agent,50,50
2,418,Agent,50,50
2,419,Agent,50,50
2,420,Agent,50,50
2,421,Agent,50,50
2,422,Agent,50,50
2,423,Agent,50,50
2,424,Agent,50,50
2,425,Agent,50,50
2,426,Agent,50,50
2,427,Agent,50,50
2,428,Agent,50,50
2,429,Agent,50,50
2,430,Agent,50,50
2,431,Agent,50,50
2,432,Agent,50,50
2,433,Agent,50,50
2,434,Agent,50,50
2,435,Agent,50,50
2,436,Agent,50,50
2,437,Agent,50,50
2,438,Agent,50,50
2,439,Agent,29,-22
2,440,Agent,1,1
2,441,Agent,1,1
2,442,Agent,1,1
2,443,Agent,1,1
2,444,Agent,1,1
2,445,Agent,1,1
2,446,Agent,1,1
2,447,Agent,1,1
2,448,Agent,1,1
2,449,Agent,1,1
2,450,Agent,1,1
2,451,Agent,1,1
2,452,Agent,1,1
2,453,Agent,1,1
2,454,Agent,1,1
2,455,Agent,1,1
2,456,Agent,1,1
2,457,Agent,1,1
2,458,Agent,1,1
2,459,Agent,1,1
2,460,Agent,1,1
2,461,Agent,1,1
2,462,Agent,1,1
2,463,Agent,1,1
2,464,Agent,1,1
2,465,Agent,1,1
2,466,Agent,1,1
2,467,Agent,1,1
2,468,Agent,1,1
2,469,Agent,1,1
2,470,Agent,4,4
2,471,Agent,50,50
2,472,Agent,50,50
2,473,Agent,50,50
2,474,Agent,50,50
2,475,Agent,50,50
2,476,Agent,50,50
2,477,Agent,50,50
2,478,Agent,50,50
2,479,Agent,50,50
2,480,Agent,50,50
2,481,Agent,50,50
2,482,Agent,50,50
2,483,Agent,50,-1
2,484,Agent,1,1
2,485,Agent,1,1
2,486,Agent,1,1
2,487,Agent,1,1
2,488,Agent,1,1
2,489,Agent,1,1
2,490,Agent,1,1
2,491,Agent,1,1
2,492,Agent,1,1
2,493,Agent,1,1
2,494,Agent,1,1
2,495,Agent,1,1
2,496,Agent,1,1
2,497,Agent,1,1
2,498,Agent,1,1
2,499,Agent,1,1
2,500,Agent,1,1
2,501,Agent,1,1
2,502,Agent,1,1
2,503,Agent,1,1
2,504,Agent,1,1
2,505,Agent,1,1
2,506,Agent,1,1
2,507,Agent,1,1
2,508,Agent,1,1
2,509,Agent,1,1
2,510,Agent,1,1
2,511,Agent,2,2
2,512,Agent,1,1
2,513,Agent,1,1
2,514,Agent,50,50
2,515,Agent,50,50
2,516,Agent,50,50
2,517,Agent,50,50
2,518,Agent,50,50
2,519,Agent,50,50
2,520,Agent,50,50
2,521,Agent,50,50
2,522,Agent,50,50
2,523,Agent,50,50
2,524,Agent,50,50
2,525,Agent,50,50
2,526,Agent,50,50
2,527,Agent,50,50
2,528,Agent,50,50
2,529,Agent,50,50
2,530,Agent,50,50
2,531,Agent,50,50
2,532,Agent,50,50
2,533,Agent,50,50
2,534,Agent,50,50
2,535,Agent,50,50
2,536,Agent,50,50
2,537,Agent,50,50
2,538,Agent,50,50
2,539,Agent,50,50
2,540,Agent,50,50
2,541,Agent,50,50
2,542,Agent,50,50
2,543,Agent,50,50
2,544,Agent,50,50
2,545,Agent,50,50
2,546,Agent,50,50
2,547,Agent,50,50
2,548,Agent,50,50
2,549,Agent,50,50
2,550,Agent,50,50
2,551,Agent,50,50
2,552,Agent,50,50
2,553,Agent,50,50
2,554,Agent,50,50
2,555,Agent,50,50
2,556,Agent,50,50
2,557,Agent,50,50
2,558,Agent,50,50
2,559,Agent,50,50
2,560,Agent,50,50
2,561,Agent,50,50
2,562,Agent,50,50
2,563,Agent,50,50
2,564,Agent,50,50
2,565,Agent,50,50
2,566,Agent,50,50
2,567,Agent,50,50
2,568,Agent,50,50
2,569,Agent,50,50
2,570,Agent,50,50
2,571,Agent,50,50
2,572,Agent,50,50
2,573,Agent,50,50
2,574,Agent,50,50
2,575,Agent,50,50
2,576,Agent,44,-7
2,577,Agent,1,1
2,578,Agent,1,1
2,579,Agent,1,1
2,580,Agent,1,1
2,581,Agent,1,1
2,582,Agent,1,1
2,583,Agent,1,1
2,584,Agent,1,1
2,585,Agent,1,1
2,586,Agent,1,1
2,587,Agent,1,1
2,588,Agent,1,1
2,589,Agent,1,1
2,590,Agent,1,1
2,591,Agent,1,1
2,592,Agent,1,1
2,593,Agent,1,1
2,594,Agent,1,1
2,595,Agent,1,1
2,596,Agent,1,1
2,597,Agent,1,1
2,598,Agent,1,1
2,599,Agent,1,1
2,600,Agent,1,1
2,601,Agent,1,1
2,602,Agent,1,1
2,603,Agent,1,1
2,604,Agent,1,1
2,605,Agent,2,2
2,606,Agent,2,2
2,607,Agent,50,50
2,608,Agent,50,50
2,609,Agent,50,50
2,610,Agent,50,50
2,611,Agent,50,50
2,612,Agent,50,50
2,613,Agent,50,50
2,614,Agent,50,50
2,615,Agent,50,50
2,616,Agent,50,50
2,617,Agent,50,50
2,618,Agent,7,-44
2,619,Agent,1,1
2,620,Agent,1,1
2,621,Agent,1,1
2,622,Agent,1,1
2,623,Agent,1,1
2,624,Agent,1,1
2,625,Agent,1,1
2,626,Agent,1,1
2,627,Agent,1,1
2,628,Agent,1,1
2,629,Agent,1,1
2,630,Agent,1,1
2,631,Agent,1,1
2,632,Agent,1,1
2,633,Agent,1,1
2,634,Agent,1,1
2,635,Agent,1,1
2,636,Agent,1,1
2,637,Agent,1,1
2,638,Agent,1,1
2,639,Agent,1,1
2,640,Agent,1,1
2,641,Agent,1,1
2,642,Agent,1,1
2,643,Agent,2,2
2,644,Agent,1,1
2,645,Agent,1,1
2,646,Agent,1,1
2,647,Agent,1,1
2,648,Agent,2,2
2,649,Agent,4,4
2,650,Agent,1,1
2,651,Agent,50,50
2,652,Agent,50,50
2,653,Agent,50,50
2,654,Agent,50,50
2,655,Agent,50,50
2,656,Agent,50,50
2,657,Agent,50,50
2,658,Agent,50,50
2,659,Agent,50,50
2,660,Agent,50,50
2,661,Agent,50,50
2,662,Agent,50,50
2,663,Agent,50,50
2,664,Agent,50,50
2,665,Agent,50,50
2,666,Agent,50,50
2,667,Agent,50,50
2,668,Agent,50,50
2,669,Agent,50,50
2,670,Agent,50,50
2,671,Agent,50,50
2,672,Agent,50,50
2,673,Agent,50,50
2,674,Agent,50,50
2,675,Agent,50,50
2,676,Agent,50,50
2,677,Agent,50,50
2,678,Agent,50,50
2,679,Agent,50,50
2,680,Agent,17,-34
2,681,Agent,1,1
2,682,Agent,1,1
2,683,Agent,1,1
2,684,Agent,1,1
2,685,Agent,1,1
2,686,Agent,1,1
2,687,Agent,1,1
2,688,Agent,1,1
2,689,Agent,1,1
2,690,Agent,1,1
2,691,Agent,1,1
2,692,Agent,1,1
2,693,Agent,1,1
2,694,Agent,1,1
2,695,Agent,1,1
2,696,Agent,1,1
2,697,Agent,1,1
2,698,Agent,1,1
2,699,Agent,1,1
2,700,Agent,1,1
2,701,Agent,1,1
2,702,Agent,1,1
2,703,Agent,1,1
2,704,Agent,1,1
2,705,Agent,1,1
2,706,Agent,1,1
2,707,Agent,1,1
2,708,Agent,1,1
2,709,Agent,1,1
2,710,Agent,1,1
2,711,Agent,1,1
2,712,Agent,2,2
2,713,Agent,1,1
2,714,Agent,1,1
2,715,Agent,50,50
2,716,Agent,50,50
2,717,Agent,50,50
2,718,Agent,50,50
2,719,Agent,50,50
2,720,Agent,50,50
2,721,Agent,50,50
2,722,Agent,50,50
2,723,Agent,50,50
2,724,Agent,50,50
2,725,Agent,50,50
2,726,Agent,50,50
2,727,Agent,50,50
2,728,Agent,50,50
2,729,Agent,50,50
2,730,Agent,50,50
2,731,Agent,50,50
2,732,Agent,50,50
2,733,Agent,50,50
2,734,Agent,50,50
2,735,Agent,50,50
2,736,Agent,50,50
2,737,Agent,50,50
2,738,Agent,50,50
2,739,Agent,50,50
2,740,Agent,50,50
2,741,Agent,50,50
2,742,Agent,50,50
2,743,Agent,50,50
2,744,Agent,50,50
2,745,Agent,50,50
2,746,Agent,8,-43
2,747,Agent,1,1
2,748,Agent,1,1
2,749,Agent,1,1
2,750,Agent,1,1
2,751,Agent,1,1
2,752,Agent,1,1
2,753,Agent,1,1
2,754,Agent,1,1
2,755,Agent,1,1
2,756,Agent,1,1
2,757,Agent,1,1
2,758,Agent,1,1
2,759,Agent,1,1
2,760,Agent,1,1
2,761,Agent,1,1
2,762,Agent,1,1
2,763,Agent,1,1
2,764,Agent,1,1
2,765,Agent,1,1
2,766,Agent,1,1
2,767,Agent,1,1
2,768,Agent,1,1
2,769,Agent,1,1
2,770,Agent,1,1
2,771,Agent,1,1
2,772,Agent,1,1
2,773,Agent,1,1
2,774,Agent,1,1
2,775,Agent,1,1
2,776,Agent,1,1
2,777,Agent,1,1
2,778,Agent,1,1
2,779,Agent,1,1
2,780,Agent,3,3
2,781,Agent,1,1
2,782,Agent,50,50
2,783,Agent,50,50
2,784,Agent,50,50
2,785,Agent,50,50
2,786,Agent,50,50
2,787,Agent,50,50
2,788,Agent,50,50
2,789,Agent,50,50
2,790,Agent,50,50
2,791,Agent,47,-4
2,792,Agent,1,1
2,793,Agent,1,1
2,794,Agent,1,1
2,795,Agent,1,1
2,796,Agent,1,1
2,797,Agent,1,1
2,798,Agent,1,1
2,799,Agent,1,1
2,800,Agent,1,1
2,801,Agent,1,1
2,802,Agent,1,1
2,803,Agent,1,1
2,804,Agent,1,1
2,805,Agent,1,1
2,806,Agent,1,1
2,807,Agent,1,1
2,808,Agent,1,1
2,809,Agent,1,1
2,810,Agent,1,1
2,811,Agent,1,1
2,812,Agent,1,1
2,813,Agent,1,1
2,814,Agent,1,1
2,815,Agent,1,1
2,816,Agent,1,1
2,817,Agent,1,1
2,818,Agent,1,1
2,819,Agent,1,1
2,820,Agent,1,1
2,821,Agent,1,1
2,822,Agent,1,1
2,823,Agent,1,1
2,824,Agent,1,1
2,825,Agent,50,50
2,826,Agent,50,50
2,827,Agent,50,50
2,828,Agent,50,50
2,829,Agent,50,50
2,830,Agent,50,50
2,831,Agent,50,50
2,832,Agent,50,50
2,833,Agent,50,50
2,834,Agent,50,50
2,835,Agent,50,50
2,836,Agent,50,50
2,837,Agent,50,50
2,838,Agent,50,50
2,839,Agent,50,50
2,840,Agent,50,50
2,841,Agent,50,50
2,842,Agent,50,50
2,843,Agent,50,50
2,844,Agent,50,50
2,845,Agent,25,-26
2,846,Agent,1,1
2,847,Agent,1,1
2,848,Agent,1,1
2,849,Agent,1,1
2,850,Agent,1,1
2,851,Agent,1,1
2,852,Agent,1,1
2,853,Agent,1,1
2,854,Agent,1,1
2,855,Agent,1,1
2,856,Agent,1,1
2,857,Agent,1,1
2,858,Agent,1,1
2,859,Agent,1,1
2,860,Agent,1,1
2,861,Agent,1,1
2,862,Agent,1,1
2,863,Agent,1,1
2,864,Agent,1,1
2,865,Agent,1,1
2,866,Agent,1,1
2,867,Agent,1,1
2,868,Agent,1,1
2,869,Agent,1,1
2,870,Agent,1,1
2,871,Agent,1,1
2,872,Agent,1,1
2,873,Agent,1,1
2,874,Agent,1,1
2,875,Agent,2,2
2,876,Agent,1,1
2,877,Agent,1,1
2,878,Agent,2,2
2,879,Agent,2,2
2,880,Agent,50,50
2,881,Agent,50,50
2,882,Agent,50,50
2,883,Agent,50,50
2,884,Agent,50,50
2,885,Agent,50,50
2,886,Agent,50,50
2,887,Agent,50,50
2,888,Agent,50,50
2,889,Agent,50,50
2,890,Agent,50,50
2,891,Agent,50,50
2,892,Agent,50,50
2,893,Agent,50,50
2,894,Agent,50,50
2,895,Agent,50,50
2,896,Agent,50,50
2,897,Agent,50,50
2,898,Agent,50,50
2,899,Agent,50,50
2,900,Agent,50,50
2,901,Agent,50,50
2,902,Agent,50,50
2,903,Agent,50,50
2,904,Agent,50,50
2,905,Agent,50,50
2,906,Agent,50,50
2,907,Agent,50,50
2,908,Agent,50,50
2,909,Agent,50,50
2,910,Agent,50,50
2,911,Agent,50,50
2,912,Agent,50,50
2,913,Agent,50,50
2,914,Agent,50,50
2,915,Agent,50,50
2,916,Agent,50,50
2,917,Agent,50,50
2,918,Agent,50,50
2,919,Agent,50,50
2,920,Agent,50,50
2,921,Agent,50,50
2,922,Agent,50,50
2,923,Agent,50,50
2,924,Agent,50,50
2,925,Agent,50,50
2,926,Agent,50,50
2,927,Agent,50,50
2,928,Agent,50,50
2,929,Agent,50,50
2,930,Agent,50,50
2,931,Agent,50,50
2,932,Agent,50,50
2,933,Agent,50,50
2,934,Agent,50,50
2,935,Agent,50,50
2,936,Agent,50,50
2,937,Agent,50,50
2,938,Agent,50,50
2,939,Agent,50,50
2,940,Agent,50,50
2,941,Agent,50,50
2,942,Agent,50,50
2,943,Agent,50,50
2,944,Agent,50,50
2,945,Agent,50,50
2,946,Agent,50,50
2,947,Agent,50,50
2,948,Agent,50,50
2,949,Agent,50,50
2,950,Agent,50,50
2,951,Agent,42,-9
2,952,Agent,1,1
2,953,Agent,1,1
2,954,Agent,1,1
2,955,Agent,1,1
2,956,Agent,1,1
2,957,Agent,1,1
2,958,Agent,1,1
2,959,Agent,1,1
2,960,Agent,1,1
2,961,Agent,1,1
2,962,Agent,1,1
2,963,Agent,1,1
2,964,Agent,1,1
2,965,Agent,1,1
2,966,Agent,1,1
2,967,Agent,1,1
2,968,Agent,1,1
2,969,Agent,1,1
2,970,Agent,1,1
2,971,Agent,1,1
2,972,Agent,1,1
2,973,Agent,1,1
2,974,Agent,1,1
2,975,Agent,1,1
2,976,Agent,1,1
2,977,Agent,1,1
2,978,Agent,1,1
2,979,Agent,50,50
2,980,Agent,50,50
2,981,Agent,50,50
2,982,Agent,50,50
2,983,Agent,4,-47
2,984,Agent,1,1
2,985,Agent,1,1
2,986,Agent,1,1
2,987,Agent,1,1
2,988,Agent,1,1
2,989,Agent,1,1
2,990,Agent,1,1
2,991,Agent,1,1
2,992,Agent,1,1
2,993,Agent,1,1
2,994,Agent,1,1
2,995,Agent,1,1
2,996,Agent,1,1
2,997,Agent,1,1
2,998,Agent,1,1
2,999,Agent,1,1
2,1000,Agent,1,1
3,1,Agent,1,1
3,2,Agent,10,-41
3,3,Agent,1,1
3,4,Agent,1,1
3,5,Agent,1,1
3,6,Agent,1,1
3,7,Agent,1,1
3,8,Agent,1,1
3,9,Agent,1,1
3,10,Agent,1,1
3,11,Agent,1,1
3,12,Agent,1,1
3,13,Agent,1,1
3,14,Agent,1,1
3,15,Agent,1,1
3,16,Agent,1,1
3,17,Agent,1,1
3,18,Agent,1,1
3,19,Agent,1,1
3,20,Agent,1,1
3,21,Agent,1,1
3,22,Agent,1,1
3,23,Agent,1,1
3,24,Agent,1,1
3,25,Agent,1,1
3,26,Agent,1,1
3,27,Agent,1,1
3,28,Agent,1,1
3,29,Agent,1,1
3,30,Agent,1,1
3,31,Agent,1,1
3,32,Agent,2,2
3,33,Agent,1,1
3,34,Agent,50,50
3,35,Agent,50,50
3,36,Agent,50,50
3,37,Agent,50,50
3,38,Agent,4,-47
3,39,Agent,1,1
3,40,Agent,1,1
3,41,Agent,1,1
3,42,Agent,1,1
3,43,Agent,1,1
3,44,Agent,1,1
3,45,Agent,1,1
3,46,Agent,1,1
3,47,Agent,1,1
3,48,Agent,1,1
3,49,Agent,1,1
3,50,Agent,1,1
3,51,Agent,1,1
3,52,Agent,1,1
3,53,Agent,1,1
3,54,Agent,1,1
3,55,Agent,1,1
3,56,Agent,1,1
3,57,Agent,1,1
3,58,Agent,1,1
3,59,Agent,1,1
3,60,Agent,1,1
3,61,Agent,1,1
3,62,Agent,1,1
3,63,Agent,1,1
3,64,Agent,1,1
3,65,Agent,2,2
3,66,Agent,1,1
3,67,Agent,1,1
3,68,Agent,1,1
3,69,Agent,1,1
3,70,Agent,1,1
3,71,Agent,1,1
3,72,Agent,1,1
3,73,Agent,1,1
3,74,Agent,50,50
3,75,Agent,44,-7
3,76,Agent,1,1
3,77,Agent,1,1
3,78,Agent,1,1
3,79,Agent,1,1
3,80,Agent,1,1
3,81,Agent,1,1
3,82,Agent,1,1
3,83,Agent,1,1
3,84,Agent,1,1
3,85,Agent,1,1
3,86,Agent,1,1
3,87,Agent,1,1
3,88,Agent,1,1
3,89,Agent,1,1
3,90,Agent,1,1
3,91,Agent,1,1
3,92,Agent,1,1
3,93,Agent,1,1
3,94,Agent,1,1
3,95,Agent,1,1
3,96,Agent,1,1
3,97,Agent,1,1
3,98,Agent,1,1
3,99,Agent,1,1
3,100,Agent,1,1
3,101,Agent,1,1
3,102,Agent,1,1
3,103,Agent,2,2
3,104,Agent,1,1
3,105,Agent,50,50
3,106,Agent,50,50
3,107,Agent,50,50
3,108,Agent,50,50
3,109,Agent,50,50
3,110,Agent,50,50
3,111,Agent,50,50
3,112,Agent,50,50
3,113,Agent,50,50
3,114,Agent,50,50
3,115,Agent,50,50
3,116,Agent,50,50
3,117,Agent,50,50
3,118,Agent,50,50
3,119,Agent,50,50
3,120,Agent,50,50
3,121,Agent,50,50
3,122,Agent,50,50
3,123,Agent,50,50
3,124,Agent,50,50
3,125,Agent,50,50
3,126,Agent,50,50
3,127,Agent,50,50
3,128,Agent,50,50
3,129,Agent,47,-4
3,130,Agent,1,1
3,131,Agent,1,1
3,132,Agent,1,1
3,133,Agent,1,1
3,134,Agent,1,1
3,135,Agent,1,1
3,136,Agent,1,1
3,137,Agent,1,1
3,138,Agent,1,1
3,139,Agent,1,1
3,140,Agent,1,1
3,141,Agent,1,1
3,142,Agent,1,1
3,143,Agent,1,1
3,144,Agent,1,1
3,145,Agent,1,1
3,146,Agent,1,1
3,147,Agent,1,1
3,148,Agent,1,1
3,149,Agent,1,1
3,150,Agent,1,1
3,151,Agent,1,1
3,152,Agent,1,1
3,153,Agent,1,1
3,154,Agent,1,1
3,155,Agent,1,1
3,156,Agent,1,1
3,157,Agent,1,1
3,158,Agent,2,2
3,159,Agent,50,50
3,160,Agent,50,50
3,161,Agent,50,50
3,162,Agent,26,-25
3,163,Agent,1,1
3,164,Agent,1,1
3,165,Agent,1,1
3,166,Agent,1,1
3,167,Agent,1,1
3,168,Agent,1,1
3,169,Agent,1,1
3,170,Agent,1,1
3,171,Agent,1,1
3,172,Agent,1,1
3,173,Agent,1,1
3,174,Agent,1,1
3,175,Agent,1,1
3,176,Agent,1,1
3,177,Agent,1,1
3,178,Agent,1,1
3,179,Agent,1,1
3,180,Agent,1,1
3,181,Agent,1,1
3,182,Agent,1,1
3,183,Agent,1,1
3,184,Agent,1,1
3,185,Agent,1,1
3,186,Agent,1,1
3,187,Agent,1,1
3,188,Agent,1,1
3,189,Agent,1,1
3,190,Agent,1,1
3,191,Agent,1,1
3,192,Agent,50,50
3,193,Agent,50,50
3,194,Agent,50,50
3,195,Agent,50,50
3,196,Agent,15,-36
3,197,Agent,1,1
3,198,Agent,1,1
3,199,Agent,1,1
3,200,Agent,1,1
3,201,Agent,1,1
3,202,Agent,1,1
3,203,Agent,1,1
3,204,Agent,1,1
3,205,Agent,1,1
3,206,Agent,1,1
3,207,Agent,1,1
3,208,Agent,1,1
3,209,Agent,1,1
3,210,Agent,1,1
3,211,Agent,1,1
3,212,Agent,1,1
3,213,Agent,1,1
3,214,Agent,1,1
3,215,Agent,1,1
3,216,Agent,1,1
3,217,Agent,1,1
3,218,Agent,1,1
3,219,Agent,1,1
3,220,Agent,1,1
3,221,Agent,1,1
3,222,Agent,1,1
3,223,Agent,1,1
3,224,Agent,2,2
3,225,Agent,1,1
3,226,Agent,1,1
3,227,Agent,1,1
3,228,Agent,3,3
3,229,Agent,50,50
3,230,Agent,50,50
3,231,Agent,50,50
3,232,Agent,50,50
3,233,Agent,50,50
3,234,Agent,12,-39
3,235,Agent,1,1
3,236,Agent,1,1
3,237,Agent,1,1
3,238,Agent,1,1
3,239,Agent,1,1
3,240,Agent,1,1
3,241,Agent,1,1
3,242,Agent,1,1
3,243,Agent,1,1
3,244,Agent,1,1
3,245,Agent,1,1
3,246,Agent,1,1
3,247,Agent,1,1
3,248,Agent,1,1
3,249,Agent,1,1
3,250,Agent,1,1
3,251,Agent,1,1
3,252,Agent,1,1
3,253,Agent,1,1
3,254,Agent,1,1
3,255,Agent,1,1
3,256,Agent,1,1
3,257,Agent,1,1
3,258,Agent,1,1
3,259,Agent,1,1
3,260,Agent,1,1
3,261,Agent,1,1
3,262,Agent,1,1
3,263,Agent,1,1
3,264,Agent,1,1
3,265,Agent,1,1
3,266,Agent,1,1
3,267,Agent,2,2
3,268,Agent,2,2
3,269,Agent,50,50
3,270,Agent,50,50
3,271,Agent,50,50
3,272,Agent,50,50
3,273,Agent,50,50
3,274,Agent,50,50
3,275,Agent,50,50
3,276,Agent,50,50
3,277,Agent,50,50
3,278,Agent,50,50
3,279,Agent,50,50
3,280,Agent,50,50
3,281,Agent,50,50
3,282,Agent,50,50
3,283,Agent,50,50
3,284,Agent,26,-25
3,285,Agent,1,1
3,286,Agent,1,1
3,287,Agent,1,1
3,288,Agent,1,1
3,289,Agent,1,1
3,290,Agent,1,1
3,291,Agent,1,1
3,292,Agent,1,1
3,293,Agent,1,1
3,294,Agent,1,1
3,295,Agent,1,1
3,296,Agent,1,1
3,297,Agent,1,1
3,298,Agent,1,1
3,299,Agent,1,1
3,300,Agent,1,1
3,301,Agent,1,1
3,302,Agent,1,1
3,303,Agent,1,1
3,304,Agent,1,1
3,305,Agent,1,1
3,306,Agent,1,1
3,307,Agent,1,1
3,308,Agent,1,1
3,309,Agent,2,2
3,310,Agent,1,1
3,311,Agent,1,1
3,312,Agent,1,1
3,313,Agent,1,1
3,314,Agent,5,5
3,315,Agent,50,50
3,316,Agent,50,50
3,317,Agent,50,50
3,318,Agent,50,50
3,319,Agent,50,50
3,320,Agent,50,50
3,321,Agent,50,50
3,322,Agent,50,50
3,323,Agent,50,50
3,324,Agent,50,50
3,325,Agent,50,50
3,326,Agent,50,50
3,327,Agent,50,50
3,328,Agent,50,50
3,329,Agent,50,50
3,330,Agent,50,50
3,331,Agent,50,50
3,332,Agent,50,50
3,333,Agent,50,50
3,334,Agent,50,50
3,335,Agent,50,50
3,336,Agent,50,50
3,337,Agent,50,50
3,338,Agent,50,50
3,339,Agent,50,50
3,340,Agent,50,50
3,341,Agent,50,50
3,342,Agent,50,50
3,343,Agent,50,50
3,344,Agent,50,50
3,345,Agent,50,50
3,346,Agent,50,50
3,347,Agent,50,50
3,348,Agent,50,50
3,349,Agent,50,50
3,350,Agent,50,50
3,351,Agent,50,50
3,352,Agent,50,50
3,353,Agent,50,50
3,354,Agent,50,50
3,355,Agent,50,50
3,356,Agent,50,50
3,357,Agent,50,50
3,358,Agent,50,50
3,359,Agent,50,50
3,360,Agent,50,50
3,361,Agent,50,50
3,362,Agent,50,50
3,363,Agent,50,50
3,364,Agent,50,50
3,365,Agent,28,-23
3,366,Agent,1,1
3,367,Agent,1,1
3,368,Agent,1,1
3,369,Agent,1,1
3,370,Agent,1,1
3,371,Agent,1,1
3,372,Agent,1,1
3,373,Agent,1,1
3,374,Agent,1,1
3,375,Agent,1,1
3,376,Agent,1,1
3,377,Agent,1,1
3,378,Agent,1,1
3,379,Agent,1,1
3,380,Agent,1,1
3,381,Agent,1,1
3,382,Agent,1,1
3,383,Agent,1,1
3,384,Agent,1,1
3,385,Agent,1,1
3,386,Agent,1,1
3,387,Agent,1,1
3,388,Agent,1,1
3,389,Agent,2,2
3,390,Agent,1,1
3,391,Agent,1,1
3,392,Agent,1,1
3,393,Agent,1,1
3,394,Agent,1,1
3,395,Agent,1,1
3,396,Agent,1,1
3,397,Agent,1,1
3,398,Agent,1,1
3,399,Agent,50,50
3,400,Agent,50,50
3,401,Agent,50,50
3,402,Agent,47,-4
3,403,Agent,1,1
3,404,Agent,1,1
3,405,Agent,1,1
3,406,Agent,1,1
3,407,Agent,1,1
3,408,Agent,1,1
3,409,Agent,1,1
3,410,Agent,1,1
3,411,Agent,1,1
3,412,Agent,1,1
3,413,Agent,1,1
3,414,Agent,1,1
3,415,Agent,1,1
3,416,Agent,1,1
3,417,Agent,1,1
3,418,Agent,1,1
3,419,Agent,1,1
3,420,Agent,1,1
3,421,Agent,1,1
3,422,Agent,1,1
3,423,Agent,1,1
3,424,Agent,1,1
3,425,Agent,1,1
3,426,Agent,1,1
3,427,Agent,1,1
3,428,Agent,1,1
3,429,Agent,1,1
3,430,Agent,2,2
3,431,Agent,1,1
3,432,Agent,1,1
3,433,Agent,1,1
3,434,Agent,1,1
3,435,Agent,1,1
3,436,Agent,1,1
3,437,Agent,1,1
3,438,Agent,50,50
3,439,Agent,50,50
3,440,Agent,50,50
3,441,Agent,50,50
3,442,Agent,50,50
3,443,Agent,50,50
3,444,Agent,50,50
3,445,Agent,50,50
3,446,Agent,50,50
3,447,Agent,50,50
3,448,Agent,50,50
3,449,Agent,50,50
3,450,Agent,50,50
3,451,Agent,50,50
3,452,Agent,50,50
3,453,Agent,50,50
3,454,Agent,50,50
3,455,Agent,50,50
3,456,Agent,50,50
3,457,Agent,50,50
3,458,Agent,50,50
3,459,Agent,50,50
3,460,Agent,50,50
3,461,Agent,26,-25
3,462,Agent,1,1
3,463,Agent,1,1
3,464,Agent,1,1
3,465,Agent,1,1
3,466,Agent,1,1
3,467,Agent,1,1
3,468,Agent,1,1
3,469,Agent,1,1
3,470,Agent,1,1
3,471,Agent,1,1
3,472,Agent,1,1
3,473,Agent,1,1
3,474,Agent,1,1
3,475,Agent,1,1
3,476,Agent,1,1
3,477,Agent,1,1
3,478,Agent,1,1
3,479,Agent,1,1
3,480,Agent,1,1
3,481,Agent,1,1
3,482,Agent,1,1
3,483,Agent,1,1
3,484,Agent,1,1
3,485,Agent,1,1
3,486,Agent,3,3
3,487,Agent,1,1
3,488,Agent,6,6
3,489,Agent,50,50
3,490,Agent,50,50
3,491,Agent,50,50
3,492,Agent,50,50
3,493,Agent,30,-21
3,494,Agent,1,1
3,495,Agent,1,1
3,496,Agent,1,1
3,497,Agent,1,1
3,498,Agent,1,1
3,499,Agent,1,1
3,500,Agent,1,1
3,501,Agent,1,1
3,502,Agent,1,1
3,503,Agent,1,1
3,504,Agent,1,1
3,505,Agent,1,1
3,506,Agent,1,1
3,507,Agent,1,1
3,508,Agent,1,1
3,509,Agent,1,1
3,510,Agent,1,1
3,511,Agent,1,1
3,512,Agent,1,1
3,513,Agent,1,1
3,514,Agent,1,1
3,515,Agent,1,1
3,516,Agent,1,1
3,517,Agent,1,1
3,518,Agent,1,1
3,519,Agent,1,1
3,520,Agent,2,2
3,521,Agent,1,1
3,522,Agent,1,1
3,523,Agent,1,1
3,524,Agent,1,1
3,525,Agent,1,1
3,526,Agent,1,1
3,527,Agent,1,1
3,528,Agent,1,1
3,529,Agent,1,1
3,530,Agent,5,5
3,531,Agent,50,50
3,532,Agent,50,50
3,533,Agent,50,50
3,534,Agent,50,50
3,535,Agent,50,50
3,536,Agent,50,50
3,537,Agent,50,50
3,538,Agent,50,50
3,539,Agent,50,50
3,540,Agent,50,50
3,541,Agent,50,50
3,542,Agent,50,50
3,543,Agent,50,50
3,544,Agent,30,-21
3,545,Agent,1,1
3,546,Agent,1,1
3,547,Agent,1,1
3,548,Agent,1,1
3,549,Agent,1,1
3,550,Agent,1,1
3,551,Agent,1,1
3,552,Agent,1,1
3,553,Agent,1,1
3,554,Agent,1,1
3,555,Agent,1,1
3,556,Agent,1,1
3,557,Agent,1,1
3,558,Agent,1,1
3,559,Agent,1,1
3,560,Agent,1,1
3,561,Agent,1,1
3,562,Agent,1,1
3,563,Agent,1,1
3,564,Agent,1,1
3,565,Agent,1,1
3,566,Agent,1,1
3,567,Agent,1,1
3,568,Agent,1,1
3,569,Agent,1,1
3,570,Agent,1,1
3,571,Agent,1,1
3,572,Agent,1,1
3,573,Agent,2,2
3,574,Agent,1,1
3,575,Agent,2,2
3,576,Agent,1,1
3,577,Agent,1,1
3,578,Agent,2,2
3,579,Agent,1,1
3,580,Agent,50,50
3,581,Agent,50,50
3,582,Agent,50,50
3,583,Agent,50,50
3,584,Agent,50,50
3,585,Agent,50,50
3,586,Agent,50,50
3,587,Agent,50,50
3,588,Agent,50,50
3,589,Agent,50,50
3,590,Agent,50,50
3,591,Agent,50,50
3,592,Agent,50,50
3,593,Agent,50,50
3,594,Agent,50,50
3,595,Agent,50,50
3,596,Agent,50,50
3,597,Agent,50,50
3,598,Agent,50,50
3,599,Agent,50,50
3,600,Agent,50,50
3,601,Agent,50,50
3,602,Agent,50,50
3,603,Agent,50,50
3,604,Agent,50,50
3,605,Agent,26,-25
3,606,Agent,1,1
3,607,Agent,1,1
3,608,Agent,1,1
3,609,Agent,1,1
3,610,Agent,1,1
3,611,Agent,1,1
3,612,Agent,1,1
3,613,Agent,1,1
3,614,Agent,1,1
3,615,Agent,1,1
3,616,Agent,1,1
3,617,Agent,1,1
3,618,Agent,1,1
3,619,Agent,1,1
3,620,Agent,1,1
3,621,Agent,1,1
3,622,Agent,1,1
3,623,Agent,1,1
3,624,Agent,1,1
3,625,Agent,1,1
3,626,Agent,1,1
3,627,Agent,1,1
3,628,Agent,1,1
3,629,Agent,1,1
3,630,Agent,1,1
3,631,Agent,1,1
3,632,Agent,1,1
3,633,Agent,1,1
3,634,Agent,1,1
3,635,Agent,1,1
3,636,Agent,1,1
3,637,Agent,50,50
3,638,Agent,50,50
3,639,Agent,50,50
3,640,Agent,50,50
3,641,Agent,50,50
3,642,Agent,50,50
3,643,Agent,50,50
3,644,Agent,50,50
3,645,Agent,50,50
3,646,Agent,50,50
3,647,Agent,50,50
3,648,Agent,50,50
3,649,Agent,50,50
3,650,Agent,50,50
3,651,Agent,50,50
3,652,Agent,50,50
3,653,Agent,50,50
3,654,Agent,50,50
3,655,Agent,50,50
3,656,Agent,50,50
3,657,Agent,42,-9
3,658,Agent,1,1
3,659,Agent,1,1
3,660,Agent,1,1
3,661,Agent,1,1
3,662,Agent,1,1
3,663,Agent,1,1
3,664,Agent,1,1
3,665,Agent,1,1
3,666,Agent,1,1
3,667,Agent,1,1
3,668,Agent,1,1
3,669,Agent,1,1
3,670,Agent,1,1
3,671,Agent,1,1
3,672,Agent,1,1
3,673,Agent,1,1
3,674,Agent,1,1
3,675,Agent,1,1
3,676,Agent,1,1
3,677,Agent,1,1
3,678,Agent,1,1
3,679,Agent,1,1
3,680,Agent,1,1
3,681,Agent,1,1
3,682,Agent,1,1
3,683,Agent,1,1
3,684,Agent,1,1
3,685,Agent,1,1
3,686,Agent,3,3
3,687,Agent,50,50
3,688,Agent,50,50
3,689,Agent,50,50
3,690,Agent,50,50
3,691,Agent,50,50
3,692,Agent,50,50
3,693,Agent,50,50
3,694,Agent,50,50
3,695,Agent,50,50
3,696,Agent,50,50
3,697,Agent,50,50
3,698,Agent,50,50
3,699,Agent,50,50
3,700,Agent,50,50
3,701,Agent,50,50
3,702,Agent,50,50
3,703,Agent,39,-12
3,704,Agent,1,1
3,705,Agent,1,1
3,706,Agent,1,1
3,707,Agent,1,1
3,708,Agent,1,1
3,709,Agent,1,1
3,710,Agent,1,1
3,711,Agent,1,1
3,712,Agent,1,1
3,713,Agent,1,1
3,714,Agent,1,1
3,715,Agent,1,1
3,716,Agent,1,1
3,717,Agent,1,1
3,718,Agent,1,1
3,719,Agent,1,1
3,720,Agent,1,1
3,721,Agent,1,1
3,722,Agent,1,1
3,723,Agent,1,1
3,724,Agent,1,1
3,725,Agent,1,1
3,726,Agent,1,1
3,727,Agent,1,1
3,728,Agent,1,1
3,729,Agent,2,2
3,730,Agent,1,1
3,731,Agent,1,1
3,732,Agent,1,1
3,733,Agent,1,1
3,734,Agent,1,1
3,735,Agent,2,2
3,736,Agent,3,3
3,737,Agent,8,8
3,738,Agent,50,50
3,739,Agent,50,50
3,740,Agent,50,50
3,741,Agent,50,50
3,742,Agent,50,50
3,743,Agent,50,50
3,744,Agent,50,50
3,745,Agent,50,50
3,746,Agent,50,50
3,747,Agent,50,50
3,748,Agent,50,50
3,749,Agent,50,50
3,750,Agent,50,50
3,751,Agent,50,50
3,752,Agent,50,50
3,753,Agent,50,50
3,754,Agent,50,50
3,755,Agent,50,50
3,756,Agent,50,50
3,757,Agent,50,50
3,758,Agent,32,-19
3,759,Agent,1,1
3,760,Agent,1,1
3,761,Agent,1,1
3,762,Agent,1,1
3,763,Agent,1,1
3,764,Agent,1,1
3,765,Agent,1,1
3,766,Agent,1,1
3,767,Agent,1,1
3,768,Agent,1,1
3,769,Agent,1,1
3,770,Agent,1,1
3,771,Agent,1,1
3,772,Agent,1,1
3,773,Agent,1,1
3,774,Agent,1,1
3,775,Agent,1,1
3,776,Agent,1,1
3,777,Agent,1,1
3,778,Agent,1,1
3,779,Agent,1,1
3,780,Agent,1,1
3,781,Agent,1,1
3,782,Agent,1,1
3,783,Agent,1,1
3,784,Agent,1,1
3,785,Agent,1,1
3,786,Agent,1,1
3,787,Agent,3,3
3,788,Agent,1,1
3,789,Agent,50,50
3,790,Agent,50,50
3,791,Agent,50,50
3,792,Agent,50,50
3,793,Agent,50,50
3,794,Agent,50,50
3,795,Agent,50,50
3,796,Agent,50,50
3,797,Agent,50,50
3,798,Agent,50,50
3,799,Agent,50,50
3,800,Agent,50,50
3,801,Agent,50,50
3,802,Agent,48,-3
3,803,Agent,1,1
3,804,Agent,1,1
3,805,Agent,1,1
3,806,Agent,1,1
3,807,Agent,1,1
3,808,Agent,1,1
3,809,Agent,1,1
3,810,Agent,1,1
3,811,Agent,1,1
3,812,Agent,1,1
3,813,Agent,1,1
3,814,Agent,1,1
3,815,Agent,1,1
3,816,Agent,1,1
3,817,Agent,1,1
3,818,Agent,1,1
3,819,Agent,1,1
3,820,Agent,1,1
3,821,Agent,1,1
3,822,Agent,1,1
3,823,Agent,1,1
3,824,Agent,1,1
3,825,Agent,1,1
3,826,Agent,1,1
3,827,Agent,1,1
3,828,Agent,1,1
3,829,Agent,1,1
3,830,Agent,1,1
3,831,Agent,1,1
3,832,Agent,1,1
3,833,Agent,1,1
3,834,Agent,1,1
3,835,Agent,1,1
3,836,Agent,3,3
3,837,Agent,50,50
3,838,Agent,50,50
3,839,Agent,50,50
3,840,Agent,50,50
3,841,Agent,50,50
3,842,Agent,50,50
3,843,Agent,50,50
3,844,Agent,50,50
3,845,Agent,50,50
3,846,Agent,50,50
3,847,Agent,50,50
3,848,Agent,50,50
3,849,Agent,50,50
3,850,Agent,50,50
3,851,Agent,50,50
3,852,Agent,50,50
3,853,Agent,50,50
3,854,Agent,50,50
3,855,Agent,50,50
3,856,Agent,50,50
3,857,Agent,50,50
3,858,Agent,50,50
3,859,Agent,50,50
3,860,Agent,50,50
3,861,Agent,50,50
3,862,Agent,50,50
3,863,Agent,50,50
3,864,Agent,50,50
3,865,Agent,50,50
3,866,Agent,50,50
3,867,Agent,50,50
3,868,Agent,50,50
3,869,Agent,50,50
3,870,Agent,50,50
3,871,Agent,50,50
3,872,Agent,50,50
3,873,Agent,50,50
3,874,Agent,50,50
3,875,Agent,50,50
3,876,Agent,50,50
3,877,Agent,50,50
3,878,Agent,50,50
3,879,Agent,50,50
3,880,Agent,50,50
3,881,Agent,50,50
3,882,Agent,50,50
3,883,Agent,50,50
3,884,Agent,50,50
3,885,Agent,50,50
3,886,Agent,50,50
3,887,Agent,50,50
3,888,Agent,50,50
3,889,Agent,50,50
3,890,Agent,50,50
3,891,Agent,50,50
3,892,Agent,50,50
3,893,Agent,50,50
3,894,Agent,50,50
3,895,Agent,50,50
3,896,Agent,50,50
3,897,Agent,5,-46
3,898,Agent,1,1
3,899,Agent,1,1
3,900,Agent,1,1
3,901,Agent,1,1
3,902,Agent,1,1
3,903,Agent,1,1
3,904,Agent,1,1
3,905,Agent,1,1
3,906,Agent,1,1
3,907,Agent,1,1
3,908,Agent,1,1
3,909,Agent,1,1
3,910,Agent,1,1
3,911,Agent,1,1
3,912,Agent,1,1
3,913,Agent,1,1
3,914,Agent,1,1
3,915,Agent,1,1
3,916,Agent,1,1
3,917,Agent,1,1
3,918,Agent,1,1
3,919,Agent,1,1
3,920,Agent,1,1
3,921,Agent,1,1
3,922,Agent,1,1
3,923,Agent,1,1
3,924,Agent,1,1
3,925,Agent,1,1
3,926,Agent,1,1
3,927,Agent,1,1
3,928,Agent,1,1
3,929,Agent,1,1
3,930,Agent,4,4
3,931,Agent,50,50
3,932,Agent,50,50
3,933,Agent,50,50
3,934,Agent,50,50
3,935,Agent,50,50
3,936,Agent,50,50
3,937,Agent,50,50
3,938,Agent,50,50
3,939,Agent,50,50
3,940,Agent,50,50
3,941,Agent,50,50
3,942,Agent,50,50
3,943,Agent,50,50
3,944,Agent,50,50
3,945,Agent,50,50
3,946,Agent,50,50
3,947,Agent,50,50
3,948,Agent,50,50
3,949,Agent,50,50
3,950,Agent,50,50
3,951,Agent,50,50
3,952,Agent,50,50
3,953,Agent,50,50
3,954,Agent,50,50
3,955,Agent,50,50
3,956,Agent,50,50
3,957,Agent,50,50
3,958,Agent,50,50
3,959,Agent,50,50
3,960,Agent,50,50
3,961,Agent,50,50
3,962,Agent,50,50
3,963,Agent,50,50
3,964,Agent,50,50
3,965,Agent,50,50
3,966,Agent,50,50
3,967,Agent,50,50
3,968,Agent,50,50
3,969,Agent,50,50
3,970,Agent,50,50
3,971,Agent,50,50
3,972,Agent,50,50
3,973,Agent,50,50
3,974,Agent,22,-29
3,975,Agent,1,1
3,976,Agent,1,1
3,977,Agent,1,1
3,978,Agent,1,1
3,979,Agent,1,1
3,980,Agent,1,1
3,981,Agent,1,1
3,982,Agent,1,1
3,983,Agent,1,1
3,984,Agent,1,1
3,985,Agent,1,1
3,986,Agent,1,1
3,987,Agent,1,1
3,988,Agent,1,1
3,989,Agent,1,1
3,990,Agent,1,1
3,991,Agent,1,1
3,992,Agent,1,1
3,993,Agent,1,1
3,994,Agent,1,1
3,995,Agent,1,1
3,996,Agent,1,1
3,997,Agent,1,1
3,998,Agent,1,1
3,999,Agent,1,1
3,1000,Agent,1,1
4,1,Agent,1,-50
4,2,Agent,2,2
4,3,Agent,37,-14
4,4,Agent,1,1
4,5,Agent,1,1
4,6,Agent,1,1
4,7,Agent,1,1
4,8,Agent,1,1
4,9,Agent,1,1
4,10,Agent,1,1
4,11,Agent,1,1
4,12,Agent,1,1
4,13,Agent,1,1
4,14,Agent,1,1
4,15,Agent,1,1
4,16,Agent,1,1
4,17,Agent,1,1
4,18,Agent,1,1
4,19,Agent,1,1
4,20,Agent,1,1
4,21,Agent,1,1
4,22,Agent,1,1
4,23,Agent,1,1
4,24,Agent,1,1
4,25,Agent,1,1
4,26,Agent,1,1
4,27,Agent,1,1
4,28,Agent,1,1
4,29,Agent,1,1
4,30,Agent,1,1
4,31,Agent,1,1
4,32,Agent,1,1
4,33,Agent,50,50
4,34,Agent,50,50
4,35,Agent,50,50
4,36,Agent,50,50
4,37,Agent,5,-46
4,38,Agent,1,1
4,39,Agent,1,1
4,40,Agent,1,1
4,41,Agent,1,1
4,42,Agent,1,1
4,43,Agent,1,1
4,44,Agent,1,1
4,45,Agent,1,1
4,46,Agent,1,1
4,47,Agent,1,1
4,48,Agent,1,1
4,49,Agent,1,1
4,50,Agent,1,1
4,51,Agent,1,1
4,52,Agent,1,1
4,53,Agent,1,1
4,54,Agent,1,1
4,55,Agent,1,1
4,56,Agent,1,1
4,57,Agent,1,1
4,58,Agent,1,1
4,59,Agent,1,1
4,60,Agent,1,1
4,61,Agent,1,1
4,62,Agent,1,1
4,63,Agent,1,1
4,64,Agent,1,1
4,65,Agent,1,1
4,66,Agent,1,1
4,67,Agent,1,1
4,68,Agent,4,4
4,69,Agent,2,2
4,70,Agent,10,10
4,71,Agent,50,50
4,72,Agent,50,50
4,73,Agent,50,50
4,74,Agent,50,50
4,75,Agent,50,50
4,76,Agent,50,50
4,77,Agent,50,50
4,78,Agent,50,50
4,79,Agent,50,50
4,80,Agent,50,50
4,81,Agent,50,50
4,82,Agent,50,50
4,83,Agent,50,50
4,84,Agent,50,50
4,85,Agent,50,50
4,86,Agent,50,50
4,87,Agent,50,50
4,88,Agent,50,50
4,89,Agent,50,50
4,90,Agent,50,50
4,91,Agent,50,50
4,92,Agent,50,50
4,93,Agent,50,50
4,94,Agent,50,50
4,95,Agent,50,50
4,96,Agent,50,50
4,97,Agent,50,50
4,98,Agent,50,50
4,99,Agent,50,50
4,100,Agent,50,50
4,101,Agent,50,50
4,102,Agent,50,50
4,103,Agent,50,50
4,104,Agent,50,50
4,105,Agent,50,50
4,106,Agent,50,50
4,107,Agent,50,50
4,108,Agent,50,50
4,109,Agent,50,50
4,110,Agent,50,50
4,111,Agent,50,50
4,112,Agent,50,50
4,113,Agent,50,50
4,114,Agent,26,-25
4,115,Agent,1,1
4,116,Agent,1,1
4,117,Agent,1,1
4,118,Agent,1,1
4,119,Agent,1,1
4,120,Agent,1,1
4,121,Agent,1,1
4,122,Agent,1,1
4,123,Agent,1,1
4,124,Agent,1,1
4,125,Agent,1,1
4,126,Agent,1,1
4,127,Agent,1,1
4,128,Agent,1,1
4,129,Agent,1,1
4,130,Agent,1,1
4,131,Agent,1,1
4,132,Agent,1,1
4,133,Agent,1,1
4,134,Agent,1,1
4,135,Agent,1,1
4,136,Agent,1,1
4,137,Agent,1,1
4,138,Agent,1,1
4,139,Agent,1,1
4,140,Agent,1,1
4,141,Agent,1,1
4,142,Agent,1,1
4,143,Agent,1,1
4,144,Agent,1,1
4,145,Agent,1,1
4,146,Agent,1,1
4,147,Agent,1,1
4,148,Agent,1,1
4,149,Agent,1,1
4,150,Agent,1,1
4,151,Agent,50,50
4,152,Agent,50,50
4,153,Agent,50,50
4,154,Agent,50,50
4,155,Agent,50,50
4,156,Agent,50,50
4,157,Agent,50,50
4,158,Agent,50,50
4,159,Agent,50,50
4,160,Agent,50,50
4,161,Agent,50,50
4,162,Agent,50,50
4,163,Agent,50,50
4,164,Agent,50,50
4,165,Agent,50,50
4,166,Agent,50,50
4,167,Agent,50,50
4,168,Agent,50,50
4,169,Agent,50,50
4,170,Agent,50,50
4,171,Agent,50,50
4,172,Agent,50,50
4,173,Agent,50,50
4,174,Agent,50,50
4,175,Agent,50,50
4,176,Agent,50,50
4,177,Agent,50,50
4,178,Agent,50,50
4,179,Agent,10,-41
4,180,Agent,1,1
4,181,Agent,1,1
4,182,Agent,1,1
4,183,Agent,1,1
4,184,Agent,1,1
4,185,Agent,1,1
4,186,Agent,1,1
4,187,Agent,1,1
4,188,Agent,1,1
4,189,Agent,1,1
4,190,Agent,1,1
4,191,Agent,1,1
4,192,Agent,1,1
4,193,Agent,1,1
4,194,Agent,1,1
4,195,Agent,1,1
4,196,Agent,1,1
4,197,Agent,1,1
4,198,Agent,1,1
4,199,Agent,1,1
4,200,Agent,1,1
4,201,Agent,1,1
4,202,Agent,1,1
4,203,Agent,1,1
4,204,Agent,1,1
4,205,Agent,1,1
4,206,Agent,1,1
4,207,Agent,1,1
4,208,Agent,1,1
4,209,Agent,1,1
4,210,Agent,1,1
4,211,Agent,1,1
4,212,Agent,1,1
4,213,Agent,1,1
4,214,Agent,2,2
4,215,Agent,1,1
4,216,Agent,2,2
4,217,Agent,50,50
4,218,Agent,50,50
4,219,Agent,50,50
4,220,Agent,50,50
4,221,Agent,50,50
4,222,Agent,50,50
4,223,Agent,50,50
4,224,Agent,50,50
4,225,Agent,50,50
4,226,Agent,50,50
4,227,Agent,50,50
4,228,Agent,50,50
4,229,Agent,50,50
4,230,Agent,50,50
4,231,Agent,50,50
4,232,Agent,50,50
4,233,Agent,50,50
4,234,Agent,50,50
4,235,Agent,50,50
4,236,Agent,41,-10
4,237,Agent,1,1
4,238,Agent,1,1
4,239,Agent,1,1
4,240,Agent,1,1
4,241,Agent,1,1
4,242,Agent,1,1
4,243,Agent,1,1
4,244,Agent,1,1
4,245,Agent,1,1
4,246,Agent,1,1
4,247,Agent,1,1
4,248,Agent,1,1
4,249,Agent,1,1
4,250,Agent,1,1
4,251,Agent,1,1
4,252,Agent,1,1
4,253,Agent,1,1
4,254,Agent,1,1
4,255,Agent,1,1
4,256,Agent,1,1
4,257,Agent,1,1
4,258,Agent,1,1
4,259,Agent,1,1
4,260,Agent,1,1
4,261,Agent,1,1
4,262,Agent,1,1
4,263,Agent,1,1
4,264,Agent,1,1
4,265,Agent,1,1
4,266,Agent,1,1
4,267,Agent,50,50
4,268,Agent,50,50
4,269,Agent,50,50
4,270,Agent,50,50
4,271,Agent,50,50
4,272,Agent,50,50
4,273,Agent,50,50
4,274,Agent,50,50
4,275,Agent,50,50
4,276,Agent,50,50
4,277,Agent,50,50
4,278,Agent,50,50
4,279,Agent,50,50
4,280,Agent,50,50
4,281,Agent,50,50
4,282,Agent,50,50
4,283,Agent,50,50
4,284,Agent,50,50
4,285,Agent,50,50
4,286,Agent,50,50
4,287,Agent,36,-15
4,288,Agent,1,1
4,289,Agent,1,1
4,290,Agent,1,1
4,291,Agent,1,1
4,292,Agent,1,1
4,293,Agent,1,1
4,294,Agent,1,1
4,295,Agent,1,1
4,296,Agent,1,1
4,297,Agent,1,1
4,298,Agent,1,1
4,299,Agent,1,1
4,300,Agent,1,1
4,301,Agent,1,1
4,302,Agent,1,1
4,303,Agent,1,1
4,304,Agent,1,1
4,305,Agent,1,1
4,306,Agent,1,1
4,307,Agent,1,1
4,308,Agent,1,1
4,309,Agent,1,1
4,310,Agent,1,1
4,311,Agent,1,1
4,312,Agent,1,1
4,313,Agent,2,2
4,314,Agent,1,1
4,315,Agent,2,2
4,316,Agent,1,1
4,317,Agent,50,50
4,318,Agent,50,50
4,319,Agent,50,50
4,320,Agent,50,50
4,321,Agent,50,50
4,322,Agent,50,50
4,323,Agent,50,50
4,324,Agent,50,50
4,325,Agent,50,50
4,326,Agent,50,50
4,327,Agent,50,50
4,328,Agent,50,50
4,329,Agent,50,50
4,330,Agent,50,50
4,331,Agent,50,50
4,332,Agent,50,50
4,333,Agent,50,50
4,334,Agent,50,50
4,335,Agent,50,50
4,336,Agent,50,50
4,337,Agent,50,50
4,338,Agent,50,50
4,339,Agent,50,50
4,340,Agent,50,50
4,341,Agent,50,50
4,342,Agent,50,50
4,343,Agent,50,50
4,344,Agent,50,50
4,345,Agent,50,50
4,346,Agent,50,50
4,347,Agent,50,50
4,348,Agent,50,50
4,349,Agent,50,50
4,350,Agent,50,50
4,351,Agent,50,50
4,352,Agent,50,50
4,353,Agent,50,50
4,354,Agent,50,50
4,355,Agent,50,50
4,356,Agent,50,50
4,357,Agent,50,50
4,358,Agent,50,50
4,359,Agent,50,50
4,360,Agent,50,50
4,361,Agent,50,50
4,362,Agent,50,50
4,363,Agent,38,-13
4,364,Agent,1,1
4,365,Agent,1,1
4,366,Agent,1,1
4,367,Agent,1,1
4,368,Agent,1,1
4,369,Agent,1,1
4,370,Agent,1,1
4,371,Agent,1,1
4,372,Agent,1,1
4,373,Agent,1,1
4,374,Agent,1,1
4,375,Agent,1,1
4,376,Agent,1,1
4,377,Agent,1,1
4,378,Agent,1,1
4,379,Agent,1,1
4,380,Agent,1,1
4,381,Agent,1,1
4,382,Agent,1,1
4,383,Agent,1,1
4,384,Agent,1,1
4,385,Agent,1,1
4,386,Agent,1,1
4,387,Agent,1,1
4,388,Agent,1,1
4,389,Agent,1,1
4,390,Agent,1,1
4,391,Agent,1,1
4,392,Agent,1,1
4,393,Agent,1,1
4,394,Agent,2,2
4,395,Agent,1,1
4,396,Agent,3,3
4,397,Agent,1,1
4,398,Agent,1,1
4,399,Agent,50,50
4,400,Agent,50,50
4,401,Agent,50,50
4,402,Agent,50,50
4,403,Agent,50,50
4,404,Agent,50,50
4,405,Agent,50,50
4,406,Agent,50,50
4,407,Agent,50,50
4,408,Agent,50,50
4,409,Agent,50,50
4,410,Agent,50,50
4,411,Agent,50,50
4,412,Agent,50,50
4,413,Agent,50,50
4,414,Agent,50,50
4,415,Agent,50,50
4,416,Agent,50,50
4,417,Agent,50,50
4,418,Agent,50,50
4,419,Agent,50,50
4,420,Agent,50,50
4,421,Agent,50,50
4,422,Agent,50,50
4,423,Agent,50,50
4,424,Agent,50,50
4,425,Agent,50,50
4,426,Agent,50,50
4,427,Agent,50,50
4,428,Agent,50,50
4,429,Agent,50,50
4,430,Agent,50,50
4,431,Agent,50,50
4,432,Agent,50,50
4,433,Agent,50,50
4,434,Agent,50,50
4,435,Agent,50,50
4,436,Agent,50,50
4,437,Agent,50,50
4,438,Agent,50,50
4,439,Agent,50,50
4,440,Agent,50,50
4,441,Agent,50,50
4,442,Agent,50,50
4,443,Agent,50,50
4,444,Agent,50,50
4,445,Agent,50,50
4,446,Agent,50,50
4,447,Agent,50,50
4,448,Agent,50,50
4,449,Agent,50,50
4,450,Agent,50,50
4,451,Agent,50,50
4,452,Agent,50,50
4,453,Agent,50,50
4,454,Agent,50,50
4,455,Agent,50,50
4,456,Agent,50,50
4,457,Agent,50,50
4,458,Agent,50,50
4,459,Agent,50,50
4,460,Agent,50,50
4,461,Agent,50,50
4,462,Agent,50,50
4,463,Agent,50,50
4,464,Agent,50,50
4,465,Agent,50,50
4,466,Agent,50,50
4,467,Agent,50,50
4,468,Agent,50,50
4,469,Agent,50,50
4,470,Agent,50,50
4,471,Agent,50,50
4,472,Agent,50,50
4,473,Agent,50,50
4,474,Agent,50,50
4,475,Agent,50,50
4,476,Agent,50,50
4,477,Agent,50,50
4,478,Agent,50,50
4,479,Agent,50,50
4,480,Agent,50,50
4,481,Agent,50,50
4,482,Agent,50,50
4,483,Agent,50,50
4,484,Agent,50,50
4,485,Agent,50,50
4,486,Agent,50,50
4,487,Agent,50,50
4,488,Agent,50,50
4,489,Agent,50,50
4,490,Agent,50,50
4,491,Agent,50,50
4,492,Agent,50,50
4,493,Agent,50,50
4,494,Agent,50,50
4,495,Agent,50,50
4,496,Agent,50,50
4,497,Agent,33,-18
4,498,Agent,1,1
4,499,Agent,1,1
4,500,Agent,1,1
4,501,Agent,1,1
4,502,Agent,1,1
4,503,Agent,1,1
4,504,Agent,1,1
4,505,Agent,1,1
4,506,Agent,1,1
4,507,Agent,1,1
4,508,Agent,1,1
4,509,Agent,1,1
4,510,Agent,1,1
4,511,Agent,1,1
4,512,Agent,1,1
4,513,Agent,1,1
4,514,Agent,1,1
4,515,Agent,1,1
4,516,Agent,1,1
4,517,Agent,1,1
4,518,Agent,1,1
4,519,Agent,1,1
4,520,Agent,1,1
4,521,Agent,2,2
4,522,Agent,1,1
4,523,Agent,1,1
4,524,Agent,2,2
4,525,Agent,2,2
4,526,Agent,2,2
4,527,Agent,50,50
4,528,Agent,50,50
4,529,Agent,50,50
4,530,Agent,50,50
4,531,Agent,50,50
4,532,Agent,46,-5
4,533,Agent,1,1
4,534,Agent,1,1
4,535,Agent,1,1
4,536,Agent,1,1
4,537,Agent,1,1
4,538,Agent,1,1
4,539,Agent,1,1
4,540,Agent,1,1
4,541,Agent,1,1
4,542,Agent,1,1
4,543,Agent,1,1
4,544,Agent,1,1
4,545,Agent,1,1
4,546,Agent,1,1
4,547,Agent,1,1
4,548,Agent,1,1
4,549,Agent,1,1
4,550,Agent,1,1
4,551,Agent,1,1
4,552,Agent,1,1
4,553,Agent,1,1
4,554,Agent,1,1
4,555,Agent,1,1
4,556,Agent,1,1
4,557,Agent,1,1
4,558,Agent,1,1
4,559,Agent,1,1
4,560,Agent,1,1
4,561,Agent,1,1
4,562,Agent,50,50
4,563,Agent,50,50
4,564,Agent,50,50
4,565,Agent,50,50
4,566,Agent,50,50
4,567,Agent,50,50
4,568,Agent,50,50
4,569,Agent,50,50
4,570,Agent,50,50
4,571,Agent,50,50
4,572,Agent,50,50
4,573,Agent,50,50
4,574,Agent,42,-9
4,575,Agent,1,1
4,576,Agent,1,1
4,577,Agent,1,1
4,578,Agent,1,1
4,579,Agent,1,1
4,580,Agent,1,1
4,581,Agent,1,1
4,582,Agent,1,1
4,583,Agent,1,1
4,584,Agent,1,1
4,585,Agent,1,1
4,586,Agent,1,1
4,587,Agent,1,1
4,588,Agent,1,1
4,589,Agent,1,1
4,590,Agent,1,1
4,591,Agent,1,1
4,592,Agent,1,1
4,593,Agent,1,1
4,594,Agent,1,1
4,595,Agent,1,1
4,596,Agent,1,1
4,597,Agent,1,1
4,598,Agent,1,1
4,599,Agent,1,1
4,600,Agent,1,1
4,601,Agent,1,1
4,602,Agent,1,1
4,603,Agent,1,1
4,604,Agent,1,1
4,605,Agent,3,3
4,606,Agent,1,1
4,607,Agent,50,50
4,608,Agent,50,50
4,609,Agent,50,50
4,610,Agent,50,50
4,611,Agent,50,50
4,612,Agent,50,50
4,613,Agent,50,50
4,614,Agent,50,50
4,615,Agent,50,50
4,616,Agent,50,50
4,617,Agent,50,50
4,618,Agent,50,50
4,619,Agent,50,50
4,620,Agent,50,50
4,621,Agent,50,50
4,622,Agent,50,50
4,623,Agent,50,50
4,624,Agent,50,50
4,625,Agent,50,50
4,626,Agent,50,50
4,627,Agent,25,-26
4,628,Agent,1,1
4,629,Agent,1,1
4,630,Agent,1,1
4,631,Agent,1,1
4,632,Agent,1,1
4,633,Agent,1,1
4,634,Agent,1,1
4,635,Agent,1,1
4,636,Agent,1,1
4,637,Agent,1,1
4,638,Agent,1,1
4,639,Agent,1,1
4,640,Agent,1,1
4,641,Agent,1,1
4,642,Agent,1,1
4,643,Agent,1,1
4,644,Agent,1,1
4,645,Agent,1,1
4,646,Agent,1,1
4,647,Agent,1,1
4,648,Agent,1,1
4,649,Agent,1,1
4,650,Agent,1,1
4,651,Agent,1,1
4,652,Agent,1,1
4,653,Agent,1,1
4,654,Agent,1,1
4,655,Agent,1,1
4,656,Agent,2,2
4,657,Agent,1,1
4,658,Agent,1,1
4,659,Agent,1,1
4,660,Agent,2,2
4,661,Agent,5,5
4,662,Agent,50,50
4,663,Agent,50,50
4,664,Agent,50,50
4,665,Agent,50,50
4,666,Agent,50,50
4,667,Agent,50,50
4,668,Agent,50,50
4,669,Agent,3,-48
4,670,Agent,1,1
4,671,Agent,1,1
4,672,Agent,1,1
4,673,Agent,1,1
4,674,Agent,1,1
4,675,Agent,1,1
4,676,Agent,1,1
4,677,Agent,1,1
4,678,Agent,1,1
4,679,Agent,1,1
4,680,Agent,1,1
4,681,Agent,1,1
4,682,Agent,1,1
4,683,Agent,1,1
4,684,Agent,1,1
4,685,Agent,1,1
4,686,Agent,1,1
4,687,Agent,1,1
4,688,Agent,1,1
4,689,Agent,1,1
4,690,Agent,1,1
4,691,Agent,1,1
4,692,Agent,1,1
4,693,Agent,1,1
4,694,Agent,1,1
4,695,Agent,1,1
4,696,Agent,1,1
4,697,Agent,1,1
4,698,Agent,1,1
4,699,Agent,1,1
4,700,Agent,1,1
4,701,Agent,50,50
4,702,Agent,50,50
4,703,Agent,50,50
4,704,Agent,50,50
4,705,Agent,50,50
4,706,Agent,50,50
4,707,Agent,50,50
4,708,Agent,50,50
4,709,Agent,50,50
4,710,Agent,50,50
4,711,Agent,50,50
4,712,Agent,50,50
4,713,Agent,50,50
4,714,Agent,50,50
4,715,Agent,41,-10
4,716,Agent,1,1
4,717,Agent,1,1
4,718,Agent,1,1
4,719,Agent,1,1
4,720,Agent,1,1
4,721,Agent,1,1
4,722,Agent,1,1
4,723,Agent,1,1
4,724,Agent,1,1
4,725,Agent,1,1
4,726,Agent,1,1
4,727,Agent,1,1
4,728,Agent,1,1
4,729,Agent,1,1
4,730,Agent,1,1
4,731,Agent,1,1
4,732,Agent,1,1
4,733,Agent,1,1
4,734,Agent,1,1
4,735,Agent,1,1
4,736,Agent,1,1
4,737,Agent,1,1
4,738,Agent,1,1
4,739,Agent,1,1
4,740,Agent,1,1
4,741,Agent,1,1
4,742,Agent,1,1
4,743,Agent,1,1
4,744,Agent,1,1
4,745,Agent,1,1
4,746,Agent,1,1
4,747,Agent,1,1
4,748,Agent,1,1
4,749,Agent,1,1
4,750,Agent,1,1
4,751,Agent,1,1
4,752,Agent,50,50
4,753,Agent,50,50
4,754,Agent,50,50
4,755,Agent,50,50
4,756,Agent,50,50
4,757,Agent,50,50
4,758,Agent,18,-33
4,759,Agent,1,1
4,760,Agent,1,1
4,761,Agent,1,1
4,762,Agent,1,1
4,763,Agent,1,1
4,764,Agent,1,1
4,765,Agent,1,1
4,766,Agent,1,1
4,767,Agent,1,1
4,768,Agent,1,1
4,769,Agent,1,1
4,770,Agent,1,1
4,771,Agent,1,1
4,772,Agent,1,1
4,773,Agent,1,1
4,774,Agent,1,1
4,775,Agent,1,1
4,776,Agent,1,1
4,777,Agent,1,1
4,778,Agent,1,1
4,779,Agent,1,1
4,780,Agent,1,1
4,781,Agent,1,1
4,782,Agent,1,1
4,783,Agent,1,1
4,784,Agent,1,1
4,785,Agent,1,1
4,786,Agent,1,1
4,787,Agent,1,1
4,788,Agent,1,1
4,789,Agent,1,1
4,790,Agent,1,1
4,791,Agent,1,1
4,792,Agent,2,2
4,793,Agent,1,1
4,794,Agent,2,2
4,795,Agent,2,2
4,796,Agent,50,50
4,797,Agent,13,-38
4,798,Agent,1,1
4,799,Agent,1,1
4,800,Agent,1,1
4,801,Agent,1,1
4,802,Agent,1,1
4,803,Agent,1,1
4,804,Agent,1,1
4,805,Agent,1,1
4,806,Agent,1,1
4,807,Agent,1,1
4,808,Agent,1,1
4,809,Agent,1,1
4,810,Agent,1,1
4,811,Agent,1,1
4,812,Agent,1,1
4,813,Agent,1,1
4,814,Agent,1,1
4,815,Agent,1,1
4,816,Agent,1,1
4,817,Agent,1,1
4,818,Agent,1,1
4,819,Agent,1,1
4,820,Agent,2,2
4,821,Agent,1,1
4,822,Agent,1,1
4,823,Agent,2,2
4,824,Agent,1,1
4,825,Agent,1,1
4,826,Agent,1,1
4,827,Agent,4,4
4,828,Agent,50,50
4,829,Agent,50,50
4,830,Agent,50,50
4,831,Agent,50,50
4,832,Agent,27,-24
4,833,Agent,1,1
4,834,Agent,1,1
4,835,Agent,1,1
4,836,Agent,1,1
4,837,Agent,1,1
4,838,Agent,1,1
4,839,Agent,1,1
4,840,Agent,1,1
4,841,Agent,1,1
4,842,Agent,1,1
4,843,Agent,1,1
4,844,Agent,1,1
4,845,Agent,1,1
4,846,Agent,1,1
4,847,Agent,1,1
4,848,Agent,1,1
4,849,Agent,1,1
4,850,Agent,1,1
4,851,Agent,1,1
4,852,Agent,1,1
4,853,Agent,1,1
4,854,Agent,1,1
4,855,Agent,1,1
4,856,Agent,1,1
4,857,Agent,1,1
4,858,Agent,1,1
4,859,Agent,1,1
4,860,Agent,1,1
4,861,Agent,1,1
4,862,Agent,1,1
4,863,Agent,1,1
4,864,Agent,1,1
4,865,Agent,1,1
4,866,Agent,1,1
4,867,Agent,1,1
4,868,Agent,1,1
4,869,Agent,1,1
4,870,Agent,1,1
4,871,Agent,1,1
4,872,Agent,1,1
4,873,Agent,1,1
4,874,Agent,1,1
4,875,Agent,1,1
4,876,Agent,50,50
4,877,Agent,50,50
4,878,Agent,50,50
4,879,Agent,50,50
4,880,Agent,50,50
4,881,Agent,50,50
4,882,Agent,50,50
4,883,Agent,22,-29
4,884,Agent,1,1
4,885,Agent,1,1
4,886,Agent,1,1
4,887,Agent,1,1
4,888,Agent,1,1
4,889,Agent,1,1
4,890,Agent,1,1
4,891,Agent,1,1
4,892,Agent,1,1
4,893,Agent,1,1
4,894,Agent,1,1
4,895,Agent,1,1
4,896,Agent,1,1
4,897,Agent,1,1
4,898,Agent,1,1
4,899,Agent,1,1
4,900,Agent,1,1
4,901,Agent,1,1
4,902,Agent,1,1
4,903,Agent,1,1
4,904,Agent,1,1
4,905,Agent,1,1
4,906,Agent,1,1
4,907,Agent,1,1
4,908,Agent,1,1
4,909,Agent,3,3
4,910,Agent,50,50
4,911,Agent,50,50
4,912,Agent,50,50
4,913,Agent,50,50
4,914,Agent,50,50
4,915,Agent,50,50
4,916,Agent,50,50
4,917,Agent,50,50
4,918,Agent,50,50
4,919,Agent,50,50
4,920,Agent,50,50
4,921,Agent,50,50
4,922,Agent,50,50
4,923,Agent,50,50
4,924,Agent,50,50
4,925,Agent,50,50
4,926,Agent,50,50
4,927,Agent,50,50
4,928,Agent,50,50
4,929,Agent,50,50
4,930,Agent,50,50
4,931,Agent,50,50
4,932,Agent,50,50
4,933,Agent,50,50
4,934,Agent,50,50
4,935,Agent,50,50
4,936,Agent,50,50
4,937,Agent,50,50
4,938,Agent,50,50
4,939,Agent,50,50
4,940,Agent,50,50
4,941,Agent,50,50
4,942,Agent,50,50
4,943,Agent,50,50
4,944,Agent,50,50
4,945,Agent,50,50
4,946,Agent,50,50
4,947,Agent,42,-9
4,948,Agent,1,1
4,949,Agent,1,1
4,950,Agent,1,1
4,951,Agent,1,1
4,952,Agent,1,1
4,953,Agent,1,1
4,954,Agent,1,1
4,955,Agent,1,1
4,956,Agent,1,1
4,957,Agent,1,1
4,958,Agent,1,1
4,959,Agent,1,1
4,960,Agent,1,1
4,961,Agent,1,1
4,962,Agent,1,1
4,963,Agent,1,1
4,964,Agent,1,1
4,965,Agent,1,1
4,966,Agent,1,1
4,967,Agent,1,1
4,968,Agent,1,1
4,969,Agent,1,1
4,970,Agent,1,1
4,971,Agent,1,1
4,972,Agent,1,1
4,973,Agent,1,1
4,974,Agent,1,1
4,975,Agent,1,1
4,976,Agent,1,1
4,977,Agent,1,1
4,978,Agent,1,1
4,979,Agent,1,1
4,980,Agent,1,1
4,981,Agent,2,2
4,982,Agent,50,50
4,983,Agent,50,50
4,984,Agent,50,50
4,985,Agent,50,50
4,986,Agent,50,50
4,987,Agent,50,50
4,988,Agent,50,50
4,989,Agent,50,50
4,990,Agent,50,50
4,991,Agent,50,50
4,992,Agent,50,50
4,993,Agent,50,50
4,994,Agent,50,50
4,995,Agent,50,50
4,996,Agent,50,50
4,997,Agent,50,50
4,998,Agent,50,50
4,999,Agent,20,-31
4,1000,Agent,1,1
5,1,Agent,1,-50
5,2,Agent,13,13
5,3,Agent,31,-20
5,4,Agent,1,1
5,5,Agent,1,1
5,6,Agent,1,1
5,7,Agent,1,1
5,8,Agent,1,1
5,9,Agent,1,1
5,10,Agent,1,1
5,11,Agent,1,1
5,12,Agent,1,1
5,13,Agent,1,1
5,14,Agent,1,1
5,15,Agent,1,1
5,16,Agent,1,1
5,17,Agent,1,1
5,18,Agent,1,1
5,19,Agent,1,1
5,20,Agent,1,1
5,21,Agent,1,1
5,22,Agent,1,1
5,23,Agent,1,1
5,24,Agent,1,1
5,25,Agent,1,1
5,26,Agent,1,1
5,27,Agent,1,1
5,28,Agent,1,1
5,29,Agent,1,1
5,30,Agent,1,1
5,31,Agent,1,1
5,32,Agent,1,1
5,33,Agent,1,1
5,34,Agent,1,1
5,35,Agent,1,1
5,36,Agent,4,4
5,37,Agent,50,50
5,38,Agent,50,50
5,39,Agent,50,50
5,40,Agent,50,50
5,41,Agent,50,50
5,42,Agent,50,50
5,43,Agent,50,50
5,44,Agent,50,50
5,45,Agent,50,50
5,46,Agent,50,50
5,47,Agent,50,50
5,48,Agent,50,50
5,49,Agent,50,50
5,50,Agent,50,50
5,51,Agent,26,-25
5,52,Agent,1,1
5,53,Agent,1,1
5,54,Agent,1,1
5,55,Agent,1,1
5,56,Agent,1,1
5,57,Agent,1,1
5,58,Agent,1,1
5,59,Agent,1,1
5,60,Agent,1,1
5,61,Agent,1,1
5,62,Agent,1,1
5,63,Agent,1,1
5,64,Agent,1,1
5,65,Agent,1,1
5,66,Agent,1,1
5,67,Agent,1,1
5,68,Agent,1,1
5,69,Agent,1,1
5,70,Agent,1,1
5,71,Agent,1,1
5,72,Agent,1,1
5,73,Agent,1,1
5,74,Agent,1,1
5,75,Agent,1,1
5,76,Agent,1,1
5,77,Agent,1,1
5,78,Agent,1,1
5,79,Agent,1,1
5,80,Agent,1,1
5,81,Agent,1,1
5,82,Agent,3,3
5,83,Agent,50,50
5,84,Agent,50,50
5,85,Agent,50,50
5,86,Agent,50,50
5,87,Agent,50,50
5,88,Agent,50,50
5,89,Agent,50,50
5,90,Agent,50,50
5,91,Agent,50,50
5,92,Agent,50,50
5,93,Agent,50,50
5,94,Agent,50,50
5,95,Agent,50,50
5,96,Agent,50,50
5,97,Agent,50,50
5,98,Agent,50,50
5,99,Agent,50,50
5,100,Agent,50,50
5,101,Agent,50,50
5,102,Agent,50,50
5,103,Agent,50,50
5,104,Agent,50,50
5,105,Agent,50,50
5,106,Agent,50,50
5,107,Agent,50,50
5,108,Agent,50,50
5,109,Agent,50,50
5,110,Agent,50,50
5,111,Agent,12,-39
5,112,Agent,1,1
5,113,Agent,1,1
5,114,Agent,1,1
5,115,Agent,1,1
5,116,Agent,1,1
5,117,Agent,1,1
5,118,Agent,1,1
5,119,Agent,1,1
5,120,Agent,1,1
5,121,Agent,1,1
5,122,Agent,1,1
5,123,Agent,1,1
5,124,Agent,1,1
5,125,Agent,1,1
5,126,Agent,1,1
5,127,Agent,1,1
5,128,Agent,1,1
5,129,Agent,1,1
5,130,Agent,1,1
5,131,Agent,1,1
5,132,Agent,1,1
5,133,Agent,1,1
5,134,Agent,1,1
5,135,Agent,1,1
5,136,Agent,1,1
5,137,Agent,1,1
5,138,Agent,1,1
5,139,Agent,1,1
5,140,Agent,1,1
5,141,Agent,1,1
5,142,Agent,1,1
5,143,Agent,4,4
5,144,Agent,50,50
5,145,Agent,50,50
5,146,Agent,50,50
5,147,Agent,50,50
5,148,Agent,50,50
5,149,Agent,50,50
5,150,Agent,50,50
5,151,Agent,50,50
5,152,Agent,50,50
5,153,Agent,50,50
5,154,Agent,50,50
5,155,Agent,50,50
5,156,Agent,50,50
5,157,Agent,50,50
5,158,Agent,50,50
5,159,Agent,50,50
5,160,Agent,50,50
5,161,Agent,50,50
5,162,Agent,50,50
5,163,Agent,50,50
5,164,Agent,50,50
5,165,Agent,50,50
5,166,Agent,50,50
5,167,Agent,50,50
5,168,Agent,50,50
5,169,Agent,50,50
5,170,Agent,50,50
5,171,Agent,50,50
5,172,Agent,50,50
5,173,Agent,50,50
5,174,Agent,50,50
5,175,Agent,50,50
5,176,Agent,50,50
5,177,Agent,50,50
5,178,Agent,50,50
5,179,Agent,50,50
5,180,Agent,50,50
5,181,Agent,50,50
5,182,Agent,50,50
5,183,Agent,50,50
5,184,Agent,50,50
5,185,Agent,50,50
5,186,Agent,50,50
5,187,Agent,50,50
5,188,Agent,50,50
5,189,Agent,50,50
5,190,Agent,50,50
5,191,Agent,50,50
5,192,Agent,50,50
5,193,Agent,50,50
5,194,Agent,50,50
5,195,Agent,50,50
5,196,Agent,50,50
5,197,Agent,50,50
5,198,Agent,50,50
5,199,Agent,50,50
5,200,Agent,50,50
5,201,Agent,50,50
5,202,Agent,50,50
5,203,Agent,50,50
5,204,Agent,50,50
5,205,Agent,50,50
5,206,Agent,50,50
5,207,Agent,50,50
5,208,Agent,50,50
5,209,Agent,50,50
5,210,Agent,50,50
5,211,Agent,50,50
5,212,Agent,50,50
5,213,Agent,50,50
5,214,Agent,50,50
5,215,Agent,50,50
5,216,Agent,50,50
5,217,Agent,50,50
5,218,Agent,50,50
5,219,Agent,50,50
5,220,Agent,50,50
5,221,Agent,50,50
5,222,Agent,50,50
5,223,Agent,50,50
5,224,Agent,50,50
5,225,Agent,50,50
5,226,Agent,50,50
5,227,Agent,5,-46
5,228,Agent,1,1
5,229,Agent,1,1
5,230,Agent,1,1
5,231,Agent,1,1
5,232,Agent,1,1
5,233,Agent,1,1
5,234,Agent,1,1
5,235,Agent,1,1
5,236,Agent,1,1
5,237,Agent,1,1
5,238,Agent,1,1
5,239,Agent,1,1
5,240,Agent,1,1
5,241,Agent,1,1
5,242,Agent,1,1
5,243,Agent,1,1
5,244,Agent,1,1
5,245,Agent,1,1
5,246,Agent,1,1
5,247,Agent,1,1
5,248,Agent,1,1
5,249,Agent,1,1
5,250,Agent,1,1
5,251,Agent,1,1
5,252,Agent,1,1
5,253,Agent,1,1
5,254,Agent,1,1
5,255,Agent,1,1
5,256,Agent,1,1
5,257,Agent,1,1
5,258,Agent,2,2
5,259,Agent,1,1
5,260,Agent,2,2
5,261,Agent,3,3
5,262,Agent,4,-47
5,263,Agent,1,1
5,264,Agent,1,1
5,265,Agent,1,1
5,266,Agent,1,1
5,267,Agent,1,1
5,268,Agent,1,1
5,269,Agent,1,1
5,270,Agent,1,1
5,271,Agent,1,1
5,272,Agent,1,1
5,273,Agent,1,1
5,274,Agent,1,1
5,275,Agent,1,1
5,276,Agent,1,1
5,277,Agent,1,1
5,278,Agent,1,1
5,279,Agent,1,1
5,280,Agent,1,1
5,281,Agent,1,1
5,282,Agent,1,1
5,283,Agent,1,1
5,284,Agent,1,1
5,285,Agent,1,1
5,286,Agent,1,1
5,287,Agent,1,1
5,288,Agent,1,1
5,289,Agent,1,1
5,290,Agent,1,1
5,291,Agent,1,1
5,292,Agent,1,1
5,293,Agent,1,1
5,294,Agent,2,2
5,295,Agent,2,2
5,296,Agent,50,50
5,297,Agent,50,50
5,298,Agent,50,50
5,299,Agent,50,50
5,300,Agent,50,50
5,301,Agent,50,50
5,302,Agent,50,50
5,303,Agent,50,50
5,304,Agent,50,50
5,305,Agent,50,50
5,306,Agent,50,50
5,307,Agent,50,50
5,308,Agent,50,50
5,309,Agent,50,50
5,310,Agent,50,50
5,311,Agent,50,50
5,312,Agent,50,50
5,313,Agent,50,50
5,314,Agent,50,50
5,315,Agent,50,50
5,316,Agent,50,50
5,317,Agent,50,50
5,318,Agent,50,50
5,319,Agent,50,50
5,320,Agent,50,50
5,321,Agent,50,50
5,322,Agent,50,50
5,323,Agent,50,50
5,324,Agent,50,50
5,325,Agent,50,50
5,326,Agent,50,50
5,327,Agent,50,50
5,328,Agent,50,50
5,329,Agent,50,50
5,330,Agent,50,50
5,331,Agent,50,50
5,332,Agent,50,50
5,333,Agent,50,50
5,334,Agent,50,50
5,335,Agent,50,50
5,336,Agent,50,50
5,337,Agent,50,50
5,338,Agent,50,50
5,339,Agent,50,50
5,340,Agent,50,50
5,341,Agent,50,50
5,342,Agent,50,50
5,343,Agent,50,50
5,344,Agent,50,50
5,345,Agent,50,50
5,346,Agent,50,50
5,347,Agent,50,50
5,348,Agent,50,50
5,349,Agent,50,50
5,350,Agent,50,50
5,351,Agent,50,50
5,352,Agent,50,50
5,353,Agent,50,50
5,354,Agent,50,50
5,355,Agent,50,50
5,356,Agent,50,50
5,357,Agent,50,50
5,358,Agent,50,50
5,359,Agent,50,50
5,360,Agent,50,50
5,361,Agent,50,50
5,362,Agent,50,50
5,363,Agent,50,50
5,364,Agent,50,50
5,365,Agent,50,50
5,366,Agent,50,50
5,367,Agent,50,50
5,368,Agent,50,50
5,369,Agent,50,50
5,370,Agent,50,50
5,371,Agent,50,50
5,372,Agent,50,50
5,373,Agent,50,50
5,374,Agent,50,50
5,375,Agent,50,50
5,376,Agent,50,50
5,377,Agent,50,50
5,378,Agent,50,50
5,379,Agent,50,50
5,380,Agent,50,50
5,381,Agent,50,50
5,382,Agent,50,50
5,383,Agent,50,50
5,384,Agent,50,50
5,385,Agent,50,50
5,386,Agent,50,50
5,387,Agent,50,50
5,388,Agent,50,50
5,389,Agent,50,50
5,390,Agent,50,50
5,391,Agent,50,50
5,392,Agent,50,50
5,393,Agent,50,50
5,394,Agent,50,-1
5,395,Agent,1,1
5,396,Agent,1,1
5,397,Agent,1,1
5,398,Agent,1,1
5,399,Agent,1,1
5,400,Agent,1,1
5,401,Agent,1,1
5,402,Agent,1,1
5,403,Agent,1,1
5,404,Agent,1,1
5,405,Agent,1,1
5,406,Agent,1,1
5,407,Agent,1,1
5,408,Agent,1,1
5,409,Agent,1,1
5,410,Agent,1,1
5,411,Agent,1,1
5,412,Agent,1,1
5,413,Agent,1,1
5,414,Agent,1,1
5,415,Agent,1,1
5,416,Agent,1,1
5,417,Agent,1,1
5,418,Agent,1,1
5,419,Agent,1,1
5,420,Agent,1,1
5,421,Agent,2,2
5,422,Agent,1,1
5,423,Agent,1,1
5,424,Agent,1,1
5,425,Agent,1,1
5,426,Agent,1,1
5,427,Agent,1,1
5,428,Agent,50,50
5,429,Agent,50,50
5,430,Agent,50,50
5,431,Agent,50,50
5,432,Agent,50,50
5,433,Agent,50,50
5,434,Agent,50,50
5,435,Agent,50,50
5,436,Agent,50,50
5,437,Agent,50,50
5,438,Agent,50,50
5,439,Agent,50,50
5,440,Agent,50,50
5,441,Agent,50,50
5,442,Agent,50,-1
5,443,Agent,1,1
5,444,Agent,1,1
5,445,Agent,1,1
5,446,Agent,1,1
5,447,Agent,1,1
5,448,Agent,1,1
5,449,Agent,1,1
5,450,Agent,1,1
5,451,Agent,1,1
5,452,Agent,1,1
5,453,Agent,1,1
5,454,Agent,1,1
5,455,Agent,1,1
5,456,Agent,1,1
5,457,Agent,1,1
5,458,Agent,1,1
5,459,Agent,1,1
5,460,Agent,1,1
5,461,Agent,1,1
5,462,Agent,1,1
5,463,Agent,1,1
5,464,Agent,1,1
5,465,Agent,2,2
5,466,Agent,1,1
5,467,Agent,1,1
5,468,Agent,1,1
5,469,Agent,1,1
5,470,Agent,1,1
5,471,Agent,1,1
5,472,Agent,3,3
5,473,Agent,50,50
5,474,Agent,50,50
5,475,Agent,50,50
5,476,Agent,50,50
5,477,Agent,50,50
5,478,Agent,50,50
5,479,Agent,50,50
5,480,Agent,50,50
5,481,Agent,50,50
5,482,Agent,50,50
5,483,Agent,50,50
5,484,Agent,50,50
5,485,Agent,50,50
5,486,Agent,50,50
5,487,Agent,50,50
5,488,Agent,50,50
5,489,Agent,50,50
5,490,Agent,50,50
5,491,Agent,50,50
5,492,Agent,50,50
5,493,Agent,50,50
5,494,Agent,50,50
5,495,Agent,50,50
5,496,Agent,50,50
5,497,Agent,50,50
5,498,Agent,50,50
5,499,Agent,50,50
5,500,Agent,50,50
5,501,Agent,50,50
5,502,Agent,50,50
5,503,Agent,50,50
5,504,Agent,50,50
5,505,Agent,50,50
5,506,Agent,50,50
5,507,Agent,50,50
5,508,Agent,50,50
5,509,Agent,50,50
5,510,Agent,50,50
5,511,Agent,50,50
5,512,Agent,50,50
5,513,Agent,50,50
5,514,Agent,50,50
5,515,Agent,50,50
5,516,Agent,50,50
5,517,Agent,50,50
5,518,Agent,50,50
5,519,Agent,50,50
5,520,Agent,50,50
5,521,Agent,50,50
5,522,Agent,50,50
5,523,Agent,50,50
5,524,Agent,50,50
5,525,Agent,50,50
5,526,Agent,50,50
5,527,Agent,50,50
5,528,Agent,50,50
5,529,Agent,50,50
5,530,Agent,50,50
5,531,Agent,50,50
5,532,Agent,50,50
5,533,Agent,50,50
5,534,Agent,50,50
5,535,Agent,50,50
5,536,Agent,50,50
5,537,Agent,50,50
5,538,Agent,50,50
5,539,Agent,50,50
5,540,Agent,50,50
5,541,Agent,50,50
5,542,Agent,50,50
5,543,Agent,50,50
5,544,Agent,50,50
5,545,Agent,50,50
5,546,Agent,50,50
5,547,Agent,50,50
5,548,Agent,50,50
5,549,Agent,50,50
5,550,Agent,48,-3
5,551,Agent,1,1
5,552,Agent,1,1
5,553,Agent,1,1
5,554,Agent,1,1
5,555,Agent,1,1
5,556,Agent,1,1
5,557,Agent,1,1
5,558,Agent,1,1
5,559,Agent,1,1
5,560,Agent,1,1
5,561,Agent,1,1
5,562,Agent,1,1
5,563,Agent,1,1
5,564,Agent,1,1
5,565,Agent,1,1
5,566,Agent,1,1
5,567,Agent,1,1
5,568,Agent,1,1
5,569,Agent,1,1
5,570,Agent,1,1
5,571,Agent,1,1
5,572,Agent,1,1
5,573,Agent,1,1
5,574,Agent,1,1
5,575,Agent,1,1
5,576,Agent,1,1
5,577,Agent,1,1
5,578,Agent,1,1
5,579,Agent,1,1
5,580,Agent,1,1
5,581,Agent,2,2
5,582,Agent,1,1
5,583,Agent,1,1
5,584,Agent,9,-42
5,585,Agent,1,1
5,586,Agent,1,1
5,587,Agent,1,1
5,588,Agent,1,1
5,589,Agent,1,1
5,590,Agent,1,1
5,591,Agent,1,1
5,592,Agent,1,1
5,593,Agent,1,1
5,594,Agent,1,1
5,595,Agent,1,1
5,596,Agent,1,1
5,597,Agent,1,1
5,598,Agent,1,1
5,599,Agent,1,1
5,600,Agent,1,1
5,601,Agent,1,1
5,602,Agent,1,1
5,603,Agent,1,1
5,604,Agent,1,1
5,605,Agent,1,1
5,606,Agent,1,1
5,607,Agent,1,1
5,608,Agent,1,1
5,609,Agent,1,1
5,610,Agent,1,1
5,611,Agent,1,1
5,612,Agent,1,1
5,613,Agent,2,2
5,614,Agent,1,1
5,615,Agent,1,1
5,616,Agent,1,1
5,617,Agent,1,1
5,618,Agent,1,1
5,619,Agent,3,3
5,620,Agent,50,50
5,621,Agent,50,-1
5,622,Agent,1,1
5,623,Agent,1,1
5,624,Agent,1,1
5,625,Agent,1,1
5,626,Agent,1,1
5,627,Agent,1,1
5,628,Agent,1,1
5,629,Agent,1,1
5,630,Agent,1,1
5,631,Agent,1,1
5,632,Agent,1,1
5,633,Agent,1,1
5,634,Agent,1,1
5,635,Agent,1,1
5,636,Agent,1,1
5,637,Agent,1,1
5,638,Agent,1,1
5,639,Agent,1,1
5,640,Agent,1,1
5,641,Agent,1,1
5,642,Agent,1,1
5,643,Agent,1,1
5,644,Agent,1,1
5,645,Agent,1,1
5,646,Agent,1,1
5,647,Agent,1,1
5,648,Agent,1,1
5,649,Agent,1,1
5,650,Agent,1,1
5,651,Agent,3,3
5,652,Agent,50,50
5,653,Agent,50,50
5,654,Agent,50,50
5,655,Agent,50,50
5,656,Agent,28,-23
5,657,Agent,1,1
5,658,Agent,1,1
5,659,Agent,1,1
5,660,Agent,1,1
5,661,Agent,1,1
5,662,Agent,1,1
5,663,Agent,1,1
5,664,Agent,1,1
5,665,Agent,1,1
5,666,Agent,1,1
5,667,Agent,1,1
5,668,Agent,1,1
5,669,Agent,1,1
5,670,Agent,1,1
5,671,Agent,1,1
5,672,Agent,1,1
5,673,Agent,1,1
5,674,Agent,1,1
5,675,Agent,1,1
5,676,Agent,1,1
5,677,Agent,1,1
5,678,Agent,1,1
5,679,Agent,1,1
5,680,Agent,1,1
5,681,Agent,1,1
5,682,Agent,1,1
5,683,Agent,1,1
5,684,Agent,1,1
5,685,Agent,1,1
5,686,Agent,3,3
5,687,Agent,50,50
5,688,Agent,50,50
5,689,Agent,50,50
5,690,Agent,50,50
5,691,Agent,50,50
5,692,Agent,50,50
5,693,Agent,50,50
5,694,Agent,50,50
5,695,Agent,50,50
5,696,Agent,50,50
5,697,Agent,50,50
5,698,Agent,50,50
5,699,Agent,50,50
5,700,Agent,50,50
5,701,Agent,50,50
5,702,Agent,50,50
5,703,Agent,50,50
5,704,Agent,50,50
5,705,Agent,50,50
5,706,Agent,50,50
5,707,Agent,50,50
5,708,Agent,50,50
5,709,Agent,50,50
5,710,Agent,50,50
5,711,Agent,50,50
5,712,Agent,50,50
5,713,Agent,50,50
5,714,Agent,50,50
5,715,Agent,50,50
5,716,Agent,50,50
5,717,Agent,50,50
5,718,Agent,50,50
5,719,Agent,50,50
5,720,Agent,50,50
5,721,Agent,50,50
5,722,Agent,50,50
5,723,Agent,50,50
5,724,Agent,50,50
5,725,Agent,50,50
5,726,Agent,50,50
5,727,Agent,50,50
5,728,Agent,50,50
5,729,Agent,50,50
5,730,Agent,50,50
5,731,Agent,50,50
5,732,Agent,50,50
5,733,Agent,50,50
5,734,Agent,50,50
5,735,Agent,50,50
5,736,Agent,50,50
5,737,Agent,50,50
5,738,Agent,50,50
5,739,Agent,50,50
5,740,Agent,50,50
5,741,Agent,50,50
5,742,Agent,50,50
5,743,Agent,50,50
5,744,Agent,50,50
5,745,Agent,50,50
5,746,Agent,50,50
5,747,Agent,50,50
5,748,Agent,50,50
5,749,Agent,50,50
5,750,Agent,28,-23
5,751,Agent,1,1
5,752,Agent,1,1
5,753,Agent,1,1
5,754,Agent,1,1
5,755,Agent,1,1
5,756,Agent,1,1
5,757,Agent,1,1
5,758,Agent,1,1
5,759,Agent,1,1
5,760,Agent,1,1
5,761,Agent,1,1
5,762,Agent,1,1
5,763,Agent,1,1
5,764,Agent,1,1
5,765,Agent,1,1
5,766,Agent,1,1
5,767,Agent,1,1
5,768,Agent,1,1
5,769,Agent,1,1
5,770,Agent,1,1
5,771,Agent,1,1
5,772,Agent,1,1
5,773,Agent,1,1
5,774,Agent,1,1
5,775,Agent,1,1
5,776,Agent,1,1
5,777,Agent,1,1
5,778,Agent,1,1
5,779,Agent,1,1
5,780,Agent,3,3
5,781,Agent,1,1
5,782,Agent,50,50
5,783,Agent,50,50
5,784,Agent,50,50
5,785,Agent,50,50
5,786,Agent,50,50
5,787,Agent,50,50
5,788,Agent,50,50
5,789,Agent,50,50
5,790,Agent,50,50
5,791,Agent,50,50
5,792,Agent,50,50
5,793,Agent,50,50
5,794,Agent,50,50
5,795,Agent,50,50
5,796,Agent,50,50
5,797,Agent,50,50
5,798,Agent,50,50
5,799,Agent,50,50
5,800,Agent,50,50
5,801,Agent,50,50
5,802,Agent,50,50
5,803,Agent,50,50
5,804,Agent,50,50
5,805,Agent,50,50
5,806,Agent,50,50
5,807,Agent,50,50
5,808,Agent,50,50
5,809,Agent,50,50
5,810,Agent,50,50
5,811,Agent,22,-29
5,812,Agent,1,1
5,813,Agent,1,1
5,814,Agent,1,1
5,815,Agent,1,1
5,816,Agent,1,1
5,817,Agent,1,1
5,818,Agent,1,1
5,819,Agent,1,1
5,820,Agent,1,1
5,821,Agent,1,1
5,822,Agent,1,1
5,823,Agent,1,1
5,824,Agent,1,1
5,825,Agent,1,1
5,826,Agent,1,1
5,827,Agent,1,1
5,828,Agent,1,1
5,829,Agent,1,1
5,830,Agent,1,1
5,831,Agent,1,1
5,832,Agent,1,1
5,833,Agent,1,1
5,834,Agent,1,1
5,835,Agent,1,1
5,836,Agent,1,1
5,837,Agent,1,1
5,838,Agent,1,1
5,839,Agent,2,2
5,840,Agent,1,1
5,841,Agent,2,2
5,842,Agent,2,2
5,843,Agent,1,1
5,844,Agent,2,2
5,845,Agent,50,50
5,846,Agent,50,50
5,847,Agent,50,50
5,848,Agent,50,50
5,849,Agent,50,50
5,850,Agent,50,50
5,851,Agent,50,50
5,852,Agent,50,50
5,853,Agent,50,50
5,854,Agent,50,50
5,855,Agent,50,50
5,856,Agent,50,50
5,857,Agent,50,50
5,858,Agent,50,50
5,859,Agent,50,50
5,860,Agent,50,50
5,861,Agent,50,50
5,862,Agent,50,50
5,863,Agent,50,50
5,864,Agent,50,50
5,865,Agent,50,50
5,866,Agent,50,50
5,867,Agent,50,50
5,868,Agent,50,50
5,869,Agent,50,50
5,870,Agent,50,50
5,871,Agent,50,50
5,872,Agent,50,50
5,873,Agent,50,50
5,874,Agent,50,50
5,875,Agent,50,50
5,876,Agent,50,50
5,877,Agent,50,50
5,878,Agent,50,50
5,879,Agent,50,50
5,880,Agent,50,50
5,881,Agent,50,50
5,882,Agent,50,50
5,883,Agent,50,50
5,884,Agent,50,50
5,885,Agent,50,50
5,886,Agent,50,50
5,887,Agent,50,50
5,888,Agent,42,-9
5,889,Agent,1,1
5,890,Agent,1,1
5,891,Agent,1,1
5,892,Agent,1,1
5,893,Agent,1,1
5,894,Agent,1,1
5,895,Agent,1,1
5,896,Agent,1,1
5,897,Agent,1,1
5,898,Agent,1,1
5,899,Agent,1,1
5,900,Agent,1,1
5,901,Agent,1,1
5,902,Agent,1,1
5,903,Agent,1,1
5,904,Agent,1,1
5,905,Agent,1,1
5,906,Agent,1,1
5,907,Agent,1,1
5,908,Agent,1,1
5,909,Agent,1,1
5,910,Agent,1,1
5,911,Agent,1,1
5,912,Agent,2,2
5,913,Agent,2,2
5,914,Agent,50,50
5,915,Agent,50,50
5,916,Agent,50,50
5,917,Agent,50,50
5,918,Agent,50,50
5,919,Agent,50,-1
5,920,Agent,1,1
5,921,Agent,1,1
5,922,Agent,1,1
5,923,Agent,1,1
5,924,Agent,1,1
5,925,Agent,1,1
5,926,Agent,1,1
5,927,Agent,1,1
5,928,Agent,1,1
5,929,Agent,1,1
5,930,Agent,1,1
5,931,Agent,1,1
5,932,Agent,1,1
5,933,Agent,1,1
5,934,Agent,1,1
5,935,Agent,1,1
5,936,Agent,1,1
5,937,Agent,1,1
5,938,Agent,1,1
5,939,Agent,1,1
5,940,Agent,1,1
5,941,Agent,1,1
5,942,Agent,4,4
5,943,Agent,50,50
5,944,Agent,50,50
5,945,Agent,50,50
5,946,Agent,50,50
5,947,Agent,50,50
5,948,Agent,50,50
5,949,Agent,50,50
5,950,Agent,50,50
5,951,Agent,50,50
5,952,Agent,50,50
5,953,Agent,50,50
5,954,Agent,50,50
5,955,Agent,50,50
5,956,Agent,50,50
5,957,Agent,50,50
5,958,Agent,50,50
5,959,Agent,50,50
5,960,Agent,50,50
5,961,Agent,50,50
5,962,Agent,50,50
5,963,Agent,50,50
5,964,Agent,50,50
5,965,Agent,50,50
5,966,Agent,50,50
5,967,Agent,50,50
5,968,Agent,50,50
5,969,Agent,50,50
5,970,Agent,50,50
5,971,Agent,24,-27
5,972,Agent,1,1
5,973,Agent,1,1
5,974,Agent,1,1
5,975,Agent,1,1
5,976,Agent,1,1
5,977,Agent,1,1
5,978,Agent,1,1
5,979,Agent,1,1
5,980,Agent,1,1
5,981,Agent,1,1
5,982,Agent,1,1
5,983,Agent,1,1
5,984,Agent,1,1
5,985,Agent,1,1
5,986,Agent,1,1
5,987,Agent,1,1
5,988,Agent,1,1
5,989,Agent,1,1
5,990,Agent,1,1
5,991,Agent,1,1
5,992,Agent,1,1
5,993,Agent,1,1
5,994,Agent,1,1
5,995,Agent,1,1
5,996,Agent,1,1
5,997,Agent,1,1
5,998,Agent,1,1
5,999,Agent,1,1
5,1000,Agent,1,1
6,1,Agent,1,1
6,2,Agent,2,2
6,3,Agent,50,50
6,4,Agent,50,50
6,5,Agent,4,-47
6,6,Agent,1,1
6,7,Agent,1,1
6,8,Agent,1,1
6,9,Agent,1,1
6,10,Agent,1,1
6,11,Agent,1,1
6,12,Agent,1,1
6,13,Agent,1,-50
6,14,Agent,1,1
6,15,Agent,1,1
6,16,Agent,1,1
6,17,Agent,1,1
6,18,Agent,1,1
6,19,Agent,1,1
6,20,Agent,1,1
6,21,Agent,1,1
6,22,Agent,1,1
6,23,Agent,1,1
6,24,Agent,1,1
6,25,Agent,1,1
6,26,Agent,1,1
6,27,Agent,2,2
6,28,Agent,1,1
6,29,Agent,1,1
6,30,Agent,1,1
6,31,Agent,1,1
6,32,Agent,1,1
6,33,Agent,1,1
6,34,Agent,1,1
6,35,Agent,1,1
6,36,Agent,1,1
6,37,Agent,1,1
6,38,Agent,1,1
6,39,Agent,1,1
6,40,Agent,1,1
6,41,Agent,1,1
6,42,Agent,1,1
6,43,Agent,2,2
6,44,Agent,50,50
6,45,Agent,50,50
6,46,Agent,50,50
6,47,Agent,50,50
6,48,Agent,50,50
6,49,Agent,50,50
6,50,Agent,50,50
6,51,Agent,50,50
6,52,Agent,17,-34
6,53,Agent,1,1
6,54,Agent,1,1
6,55,Agent,1,1
6,56,Agent,1,1
6,57,Agent,1,1
6,58,Agent,1,1
6,59,Agent,1,1
6,60,Agent,1,1
6,61,Agent,1,1
6,62,Agent,1,1
6,63,Agent,1,1
6,64,Agent,1,1
6,65,Agent,1,1
6,66,Agent,1,1
6,67,Agent,1,1
6,68,Agent,1,1
6,69,Agent,1,1
6,70,Agent,1,1
6,71,Agent,1,1
6,72,Agent,1,1
6,73,Agent,1,1
6,74,Agent,1,1
6,75,Agent,1,1
6,76,Agent,1,1
6,77,Agent,1,1
6,78,Agent,2,2
6,79,Agent,1,1
6,80,Agent,1,1
6,81,Agent,1,1
6,82,Agent,1,1
6,83,Agent,1,1
6,84,Agent,1,1
6,85,Agent,1,1
6,86,Agent,50,50
6,87,Agent,50,50
6,88,Agent,50,50
6,89,Agent,50,50
6,90,Agent,50,50
6,91,Agent,50,50
6,92,Agent,50,50
6,93,Agent,50,50
6,94,Agent,50,50
6,95,Agent,50,50
6,96,Agent,50,50
6,97,Agent,50,50
6,98,Agent,50,50
6,99,Agent,50,50
6,100,Agent,50,50
6,101,Agent,50,50
6,102,Agent,50,50
6,103,Agent,50,50
6,104,Agent,50,50
6,105,Agent,50,50
6,106,Agent,50,50
6,107,Agent,50,50
6,108,Agent,50,50
6,109,Agent,50,-1
6,110,Agent,1,1
6,111,Agent,1,1
6,112,Agent,1,1
6,113,Agent,1,1
6,114,Agent,1,1
6,115,Agent,1,1
6,116,Agent,1,1
6,117,Agent,1,1
6,118,Agent,1,1
6,119,Agent,1,1
6,120,Agent,1,1
6,121,Agent,1,1
6,122,Agent,1,1
6,123,Agent,1,1
6,124,Agent,1,1
6,125,Agent,1,1
6,126,Agent,1,1
6,127,Agent,1,1
6,128,Agent,1,1
6,129,Agent,1,1
6,130,Agent,1,1
6,131,Agent,1,1
6,132,Agent,1,1
6,133,Agent,1,1
6,134,Agent,1,1
6,135,Agent,1,1
6,136,Agent,1,1
6,137,Agent,1,1
6,138,Agent,1,1
6,139,Agent,1,1
6,140,Agent,4,4
6,141,Agent,50,50
6,142,Agent,50,50
6,143,Agent,49,-2
6,144,Agent,1,1
6,145,Agent,1,1
6,146,Agent,1,1
6,147,Agent,1,1
6,148,Agent,1,1
6,149,Agent,1,1
6,150,Agent,1,1
6,151,Agent,1,1
6,152,Agent,1,1
6,153,Agent,1,1
6,154,Agent,1,1
6,155,Agent,1,1
6,156,Agent,1,1
6,157,Agent,1,1
6,158,Agent,1,1
6,159,Agent,1,1
6,160,Agent,1,1
6,161,Agent,1,1
6,162,Agent,1,1
6,163,Agent,1,1
6,164,Agent,1,1
6,165,Agent,1,1
6,166,Agent,1,1
6,167,Agent,1,1
6,168,Agent,1,1
6,169,Agent,1,1
6,170,Agent,1,1
6,171,Agent,1,1
6,172,Agent,1,1
6,173,Agent,1,1
6,174,Agent,1,1
6,175,Agent,1,1
6,176,Agent,2,2
6,177,Agent,1,1
6,178,Agent,3,3
6,179,Agent,1,1
6,180,Agent,1,1
6,181,Agent,50,50
6,182,Agent,50,50
6,183,Agent,50,50
6,184,Agent,50,50
6,185,Agent,50,50
6,186,Agent,43,-8
6,187,Agent,1,1
6,188,Agent,1,1
6,189,Agent,1,1
6,190,Agent,1,1
6,191,Agent,1,1
6,192,Agent,1,1
6,193,Agent,1,1
6,194,Agent,1,1
6,195,Agent,1,1
6,196,Agent,1,1
6,197,Agent,1,1
6,198,Agent,1,1
6,199,Agent,1,1
6,200,Agent,1,1
6,201,Agent,1,1
6,202,Agent,1,1
6,203,Agent,1,1
6,204,Agent,1,1
6,205,Agent,1,1
6,206,Agent,1,1
6,207,Agent,1,1
6,208,Agent,1,1
6,209,Agent,1,1
6,210,Agent,1,1
6,211,Agent,1,1
6,212,Agent,1,1
6,213,Agent,1,1
6,214,Agent,1,1
6,215,Agent,1,1
6,216,Agent,1,1
6,217,Agent,1,1
6,218,Agent,1,1
6,219,Agent,1,1
6,220,Agent,50,50
6,221,Agent,50,50
6,222,Agent,50,50
6,223,Agent,50,50
6,224,Agent,50,50
6,225,Agent,50,50
6,226,Agent,50,50
6,227,Agent,50,50
6,228,Agent,50,50
6,229,Agent,50,50
6,230,Agent,50,50
6,231,Agent,50,50
6,232,Agent,50,50
6,233,Agent,50,50
6,234,Agent,50,50
6,235,Agent,50,50
6,236,Agent,50,50
6,237,Agent,50,50
6,238,Agent,50,50
6,239,Agent,50,50
6,240,Agent,50,50
6,241,Agent,50,50
6,242,Agent,50,50
6,243,Agent,50,50
6,244,Agent,50,50
6,245,Agent,50,50
6,246,Agent,50,50
6,247,Agent,50,50
6,248,Agent,50,50
6,249,Agent,50,50
6,250,Agent,50,50
6,251,Agent,50,50
6,252,Agent,50,50
6,253,Agent,50,50
6,254,Agent,50,50
6,255,Agent,50,50
6,256,Agent,50,50
6,257,Agent,50,50
6,258,Agent,50,50
6,259,Agent,50,50
6,260,Agent,50,50
6,261,Agent,50,50
6,262,Agent,50,50
6,263,Agent,50,50
6,264,Agent,50,50
6,265,Agent,50,50
6,266,Agent,50,50
6,267,Agent,50,50
6,268,Agent,50,50
6,269,Agent,50,50
6,270,Agent,50,50
6,271,Agent,50,50
6,272,Agent,50,50
6,273,Agent,50,50
6,274,Agent,50,50
6,275,Agent,50,50
6,276,Agent,50,50
6,277,Agent,50,50
6,278,Agent,50,50
6,279,Agent,50,50
6,280,Agent,50,50
6,281,Agent,50,50
6,282,Agent,50,50
6,283,Agent,50,50
6,284,Agent,50,50
6,285,Agent,50,50
6,286,Agent,50,50
6,287,Agent,50,50
6,288,Agent,50,50
6,289,Agent,50,50
6,290,Agent,50,50
6,291,Agent,50,50
6,292,Agent,50,50
6,293,Agent,50,50
6,294,Agent,50,50
6,295,Agent,50,50
6,296,Agent,50,50
6,297,Agent,50,50
6,298,Agent,50,50
6,299,Agent,50,50
6,300,Agent,50,50
6,301,Agent,50,50
6,302,Agent,50,50
6,303,Agent,50,50
6,304,Agent,50,50
6,305,Agent,50,50
6,306,Agent,50,50
6,307,Agent,50,50
6,308,Agent,50,50
6,309,Agent,50,50
6,310,Agent,50,50
6,311,Agent,50,50
6,312,Agent,50,50
6,313,Agent,50,50
6,314,Agent,50,50
6,315,Agent,50,50
6,316,Agent,50,50
6,317,Agent,50,50
6,318,Agent,50,50
6,319,Agent,50,50
6,320,Agent,50,50
6,321,Agent,50,50
6,322,Agent,50,50
6,323,Agent,50,50
6,324,Agent,15,-36
6,325,Agent,1,1
6,326,Agent,1,1
6,327,Agent,1,1
6,328,Agent,1,1
6,329,Agent,1,1
6,330,Agent,1,1
6,331,Agent,1,1
6,332,Agent,1,1
6,333,Agent,1,1
6,334,Agent,1,1
6,335,Agent,1,1
6,336,Agent,1,1
6,337,Agent,1,1
6,338,Agent,1,1
6,339,Agent,1,1
6,340,Agent,1,1
6,341,Agent,1,1
6,342,Agent,1,1
6,343,Agent,1,1
6,344,Agent,1,1
6,345,Agent,1,1
6,346,Agent,1,1
6,347,Agent,1,1
6,348,Agent,2,2
6,349,Agent,1,1
6,350,Agent,1,1
6,351,Agent,3,3
6,352,Agent,50,50
6,353,Agent,50,50
6,354,Agent,50,50
6,355,Agent,13,-38
6,356,Agent,1,1
6,357,Agent,1,1
6,358,Agent,1,1
6,359,Agent,1,1
6,360,Agent,1,1
6,361,Agent,1,1
6,362,Agent,1,1
6,363,Agent,1,1
6,364,Agent,1,1
6,365,Agent,1,1
6,366,Agent,1,1
6,367,Agent,1,1
6,368,Agent,1,1
6,369,Agent,1,1
6,370,Agent,1,1
6,371,Agent,1,1
6,372,Agent,1,1
6,373,Agent,1,1
6,374,Agent,1,1
6,375,Agent,1,1
6,376,Agent,1,1
6,377,Agent,1,1
6,378,Agent,1,1
6,379,Agent,1,1
6,380,Agent,1,1
6,381,Agent,1,1
6,382,Agent,1,1
6,383,Agent,1,1
6,384,Agent,1,1
6,385,Agent,1,1
6,386,Agent,1,1
6,387,Agent,1,1
6,388,Agent,1,1
6,389,Agent,1,1
6,390,Agent,1,1
6,391,Agent,2,2
6,392,Agent,50,50
6,393,Agent,50,50
6,394,Agent,32,-19
6,395,Agent,1,1
6,396,Agent,1,1
6,397,Agent,1,1
6,398,Agent,1,1
6,399,Agent,1,1
6,400,Agent,1,1
6,401,Agent,1,1
6,402,Agent,1,1
6,403,Agent,1,1
6,404,Agent,1,1
6,405,Agent,1,1
6,406,Agent,1,1
6,407,Agent,1,1
6,408,Agent,1,1
6,409,Agent,1,1
6,410,Agent,1,1
6,411,Agent,1,1
6,412,Agent,1,1
6,413,Agent,1,1
6,414,Agent,1,1
6,415,Agent,1,1
6,416,Agent,1,1
6,417,Agent,1,1
6,418,Agent,1,1
6,419,Agent,1,1
6,420,Agent,1,1
6,421,Agent,50,50
6,422,Agent,50,50
6,423,Agent,50,50
6,424,Agent,50,50
6,425,Agent,50,50
6,426,Agent,50,50
6,427,Agent,50,50
6,428,Agent,50,50
6,429,Agent,50,50
6,430,Agent,50,50
6,431,Agent,50,50
6,432,Agent,50,50
6,433,Agent,50,50
6,434,Agent,50,50
6,435,Agent,50,50
6,436,Agent,50,50
6,437,Agent,50,50
6,438,Agent,50,50
6,439,Agent,50,50
6,440,Agent,50,50
6,441,Agent,50,50
6,442,Agent,50,50
6,443,Agent,50,50
6,444,Agent,50,50
6,445,Agent,22,-29
6,446,Agent,1,1
6,447,Agent,1,1
6,448,Agent,1,1
6,449,Agent,1,1
6,450,Agent,1,1
6,451,Agent,1,1
6,452,Agent,1,1
6,453,Agent,1,1
6,454,Agent,1,1
6,455,Agent,1,1
6,456,Agent,1,1
6,457,Agent,1,1
6,458,Agent,1,1
6,459,Agent,1,1
6,460,Agent,1,1
6,461,Agent,1,1
6,462,Agent,1,1
6,463,Agent,1,1
6,464,Agent,1,1
6,465,Agent,1,1
6,466,Agent,1,1
6,467,Agent,1,1
6,468,Agent,1,1
6,469,Agent,1,1
6,470,Agent,1,1
6,471,Agent,1,1
6,472,Agent,1,1
6,473,Agent,1,1
6,474,Agent,1,1
6,475,Agent,4,4
6,476,Agent,50,50
6,477,Agent,50,50
6,478,Agent,50,50
6,479,Agent,50,50
6,480,Agent,50,50
6,481,Agent,50,50
6,482,Agent,50,50
6,483,Agent,50,50
6,484,Agent,50,50
6,485,Agent,50,50
6,486,Agent,50,50
6,487,Agent,50,50
6,488,Agent,50,50
6,489,Agent,50,50
6,490,Agent,50,50
6,491,Agent,50,50
6,492,Agent,50,50
6,493,Agent,50,50
6,494,Agent,50,50
6,495,Agent,50,50
6,496,Agent,50,50
6,497,Agent,50,50
6,498,Agent,50,50
6,499,Agent,22,-29
6,500,Agent,1,1
6,501,Agent,1,1
6,502,Agent,1,1
6,503,Agent,1,1
6,504,Agent,1,1
6,505,Agent,1,1
6,506,Agent,1,1
6,507,Agent,1,1
6,508,Agent,1,1
6,509,Agent,1,1
6,510,Agent,1,1
6,511,Agent,1,1
6,512,Agent,1,1
6,513,Agent,1,1
6,514,Agent,1,1
6,515,Agent,1,1
6,516,Agent,1,1
6,517,Agent,1,1
6,518,Agent,1,1
6,519,Agent,1,1
6,520,Agent,1,1
6,521,Agent,1,1
6,522,Agent,1,1
6,523,Agent,1,1
6,524,Agent,1,1
6,525,Agent,1,1
6,526,Agent,1,1
6,527,Agent,1,1
6,528,Agent,1,1
6,529,Agent,1,1
6,530,Agent,1,1
6,531,Agent,1,1
6,532,Agent,1,1
6,533,Agent,1,1
6,534,Agent,2,2
6,535,Agent,2,2
6,536,Agent,50,50
6,537,Agent,50,50
6,538,Agent,50,50
6,539,Agent,50,50
6,540,Agent,50,50
6,541,Agent,50,50
6,542,Agent,50,50
6,543,Agent,50,50
6,544,Agent,50,50
6,545,Agent,50,50
6,546,Agent,50,50
6,547,Agent,50,50
6,548,Agent,50,50
6,549,Agent,50,50
6,550,Agent,50,50
6,551,Agent,50,50
6,552,Agent,50,50
6,553,Agent,50,50
6,554,Agent,50,50
6,555,Agent,50,50
6,556,Agent,50,50
6,557,Agent,50,50
6,558,Agent,50,50
6,559,Agent,50,50
6,560,Agent,50,50
6,561,Agent,50,50
6,562,Agent,50,50
6,563,Agent,50,50
6,564,Agent,50,50
6,565,Agent,50,50
6,566,Agent,50,50
6,567,Agent,50,50
6,568,Agent,50,50
6,569,Agent,50,50
6,570,Agent,50,50
6,571,Agent,50,50
6,572,Agent,50,50
6,573,Agent,50,50
6,574,Agent,50,50
6,575,Agent,50,50
6,576,Agent,50,50
6,577,Agent,50,50
6,578,Agent,50,50
6,579,Agent,50,50
6,580,Agent,50,50
6,581,Agent,50,50
6,582,Agent,50,50
6,583,Agent,50,50
6,584,Agent,50,50
6,585,Agent,50,50
6,586,Agent,50,50
6,587,Agent,14,-37
6,588,Agent,1,1
6,589,Agent,1,1
6,590,Agent,1,1
6,591,Agent,1,1
6,592,Agent,1,1
6,593,Agent,1,1
6,594,Agent,1,1
6,595,Agent,1,1
6,596,Agent,1,1
6,597,Agent,1,1
6,598,Agent,1,1
6,599,Agent,1,1
6,600,Agent,1,1
6,601,Agent,1,1
6,602,Agent,1,1
6,603,Agent,1,1
6,604,Agent,1,1
6,605,Agent,1,1
6,606,Agent,1,1
6,607,Agent,1,1
6,608,Agent,1,1
6,609,Agent,1,1
6,610,Agent,1,1
6,611,Agent,1,1
6,612,Agent,1,1
6,613,Agent,1,1
6,614,Agent,1,1
6,615,Agent,1,1
6,616,Agent,1,1
6,617,Agent,2,2
6,618,Agent,1,1
6,619,Agent,2,2
6,620,Agent,50,50
6,621,Agent,28,28
6,622,Agent,50,50
6,623,Agent,50,50
6,624,Agent,50,50
6,625,Agent,50,50
6,626,Agent,43,-8
6,627,Agent,1,1
6,628,Agent,1,1
6,629,Agent,1,1
6,630,Agent,1,1
6,631,Agent,1,1
6,632,Agent,1,1
6,633,Agent,1,1
6,634,Agent,1,1
6,635,Agent,1,1
6,636,Agent,1,1
6,637,Agent,1,1
6,638,Agent,1,1
6,639,Agent,1,1
6,640,Agent,1,1
6,641,Agent,1,1
6,642,Agent,1,1
6,643,Agent,1,1
6,644,Agent,1,1
6,645,Agent,1,1
6,646,Agent,1,1
6,647,Agent,1,1
6,648,Agent,1,1
6,649,Agent,1,1
6,650,Agent,1,1
6,651,Agent,1,1
6,652,Agent,1,1
6,653,Agent,1,1
6,654,Agent,1,1
6,655,Agent,1,1
6,656,Agent,1,1
6,657,Agent,1,1
6,658,Agent,50,50
6,659,Agent,50,50
6,660,Agent,50,50
6,661,Agent,50,50
6,662,Agent,50,50
6,663,Agent,50,50
6,664,Agent,50,50
6,665,Agent,50,50
6,666,Agent,50,50
6,667,Agent,50,50
6,668,Agent,50,50
6,669,Agent,50,50
6,670,Agent,50,50
6,671,Agent,50,50
6,672,Agent,50,50
6,673,Agent,50,50
6,674,Agent,50,50
6,675,Agent,50,50
6,676,Agent,50,50
6,677,Agent,50,50
6,678,Agent,50,50
6,679,Agent,50,50
6,680,Agent,50,50
6,681,Agent,50,50
6,682,Agent,50,50
6,683,Agent,50,50
6,684,Agent,50,50
6,685,Agent,8,-43
6,686,Agent,1,1
6,687,Agent,1,1
6,688,Agent,1,1
6,689,Agent,1,1
6,690,Agent,1,1
6,691,Agent,1,1
6,692,Agent,1,1
6,693,Agent,1,1
6,694,Agent,1,1
6,695,Agent,1,1
6,696,Agent,1,1
6,697,Agent,1,1
6,698,Agent,1,1
6,699,Agent,1,1
6,700,Agent,1,1
6,701,Agent,1,1
6,702,Agent,1,1
6,703,Agent,1,1
6,704,Agent,1,1
6,705,Agent,1,1
6,706,Agent,1,1
6,707,Agent,1,1
6,708,Agent,1,1
6,709,Agent,1,1
6,710,Agent,1,1
6,711,Agent,1,1
6,712,Agent,1,1
6,713,Agent,1,1
6,714,Agent,1,1
6,715,Agent,1,1
6,716,Agent,1,1
6,717,Agent,1,1
6,718,Agent,1,1
6,719,Agent,1,1
6,720,Agent,4,4
6,721,Agent,50,50
6,722,Agent,50,50
6,723,Agent,50,50
6,724,Agent,50,50
6,725,Agent,50,50
6,726,Agent,50,50
6,727,Agent,50,50
6,728,Agent,50,50
6,729,Agent,50,50
6,730,Agent,50,50
6,731,Agent,50,50
6,732,Agent,50,50
6,733,Agent,50,50
6,734,Agent,50,50
6,735,Agent,50,50
6,736,Agent,50,50
6,737,Agent,50,50
6,738,Agent,50,50
6,739,Agent,50,50
6,740,Agent,50,50
6,741,Agent,50,50
6,742,Agent,50,50
6,743,Agent,50,50
6,744,Agent,50,50
6,745,Agent,50,50
6,746,Agent,50,50
6,747,Agent,50,50
6,748,Agent,50,50
6,749,Agent,50,50
6,750,Agent,50,50
6,751,Agent,50,50
6,752,Agent,50,50
6,753,Agent,50,50
6,754,Agent,50,50
6,755,Agent,50,50
6,756,Agent,50,50
6,757,Agent,50,50
6,758,Agent,50,50
6,759,Agent,50,50
6,760,Agent,50,50
6,761,Agent,50,50
6,762,Agent,50,50
6,763,Agent,50,50
6,764,Agent,50,50
6,765,Agent,50,50
6,766,Agent,15,-36
6,767,Agent,1,1
6,768,Agent,1,1
6,769,Agent,1,1
6,770,Agent,1,1
6,771,Agent,1,1
6,772,Agent,1,1
6,773,Agent,1,1
6,774,Agent,1,1
6,775,Agent,1,1
6,776,Agent,1,1
6,777,Agent,1,1
6,778,Agent,1,1
6,779,Agent,1,1
6,780,Agent,1,1
6,781,Agent,1,1
6,782,Agent,1,1
6,783,Agent,1,1
6,784,Agent,1,1
6,785,Agent,1,1
6,786,Agent,1,1
6,787,Agent,1,1
6,788,Agent,1,1
6,789,Agent,1,1
6,790,Agent,1,1
6,791,Agent,1,1
6,792,Agent,1,1
6,793,Agent,1,1
6,794,Agent,1,1
6,795,Agent,2,2
6,796,Agent,2,2
6,797,Agent,50,50
6,798,Agent,50,50
6,799,Agent,50,50
6,800,Agent,50,50
6,801,Agent,50,50
6,802,Agent,50,50
6,803,Agent,50,50
6,804,Agent,50,50
6,805,Agent,50,50
6,806,Agent,50,50
6,807,Agent,50,50
6,808,Agent,44,-7
6,809,Agent,1,1
6,810,Agent,1,1
6,811,Agent,1,1
6,812,Agent,1,1
6,813,Agent,1,1
6,814,Agent,1,1
6,815,Agent,1,1
6,816,Agent,1,1
6,817,Agent,1,1
6,818,Agent,1,1
6,819,Agent,1,1
6,820,Agent,1,1
6,821,Agent,1,1
6,822,Agent,1,1
6,823,Agent,1,1
6,824,Agent,1,1
6,825,Agent,1,1
6,826,Agent,1,1
6,827,Agent,1,1
6,828,Agent,1,1
6,829,Agent,1,1
6,830,Agent,1,1
6,831,Agent,1,1
6,832,Agent,1,1
6,833,Agent,1,1
6,834,Agent,1,1
6,835,Agent,1,1
6,836,Agent,1,1
6,837,Agent,1,1
6,838,Agent,1,1
6,839,Agent,2,2
6,840,Agent,1,1
6,841,Agent,1,1
6,842,Agent,1,1
6,843,Agent,2,2
6,844,Agent,50,50
6,845,Agent,50,50
6,846,Agent,50,50
6,847,Agent,50,50
6,848,Agent,50,50
6,849,Agent,50,50
6,850,Agent,50,50
6,851,Agent,24,-27
6,852,Agent,1,1
6,853,Agent,1,1
6,854,Agent,1,1
6,855,Agent,1,1
6,856,Agent,1,1
6,857,Agent,1,1
6,858,Agent,1,1
6,859,Agent,1,1
6,860,Agent,1,1
6,861,Agent,1,1
6,862,Agent,1,1
6,863,Agent,1,1
6,864,Agent,1,1
6,865,Agent,1,1
6,866,Agent,1,1
6,867,Agent,1,1
6,868,Agent,1,1
6,869,Agent,1,1
6,870,Agent,1,1
6,871,Agent,1,1
6,872,Agent,1,1
6,873,Agent,1,1
6,874,Agent,1,1
6,875,Agent,1,1
6,876,Agent,1,1
6,877,Agent,1,1
6,878,Agent,1,1
6,879,Agent,1,1
6,880,Agent,1,1
6,881,Agent,2,2
6,882,Agent,3,3
6,883,Agent,50,50
6,884,Agent,29,-22
6,885,Agent,1,1
6,886,Agent,1,1
6,887,Agent,1,1
6,888,Agent,1,1
6,889,Agent,1,1
6,890,Agent,1,1
6,891,Agent,1,1
6,892,Agent,1,1
6,893,Agent,1,1
6,894,Agent,1,1
6,895,Agent,1,1
6,896,Agent,1,1
6,897,Agent,1,1
6,898,Agent,1,1
6,899,Agent,1,1
6,900,Agent,1,1
6,901,Agent,1,1
6,902,Agent,1,1
6,903,Agent,1,1
6,904,Agent,1,1
6,905,Agent,1,1
6,906,Agent,1,1
6,907,Agent,1,1
6,908,Agent,1,1
6,909,Agent,1,1
6,910,Agent,1,1
6,911,Agent,1,1
6,912,Agent,1,1
6,913,Agent,1,1
6,914,Agent,1,1
6,915,Agent,1,1
6,916,Agent,1,1
6,917,Agent,1,1
6,918,Agent,1,1
6,919,Agent,1,1
6,920,Agent,1,1
6,921,Agent,1,1
6,922,Agent,1,1
6,923,Agent,6,6
6,924,Agent,50,50
6,925,Agent,50,50
6,926,Agent,50,50
6,927,Agent,50,50
6,928,Agent,50,50
6,929,Agent,50,50
6,930,Agent,50,50
6,931,Agent,50,50
6,932,Agent,50,50
6,933,Agent,50,50
6,934,Agent,50,50
6,935,Agent,50,50
6,936,Agent,50,50
6,937,Agent,50,50
6,938,Agent,50,50
6,939,Agent,50,50
6,940,Agent,50,50
6,941,Agent,50,50
6,942,Agent,50,50
6,943,Agent,50,50
6,944,Agent,50,50
6,945,Agent,50,50
6,946,Agent,50,50
6,947,Agent,50,50
6,948,Agent,50,50
6,949,Agent,50,50
6,950,Agent,50,50
6,951,Agent,50,50
6,952,Agent,50,50
6,953,Agent,24,-27
6,954,Agent,1,1
6,955,Agent,1,1
6,956,Agent,1,1
6,957,Agent,1,1
6,958,Agent,1,1
6,959,Agent,1,1
6,960,Agent,1,1
6,961,Agent,1,1
6,962,Agent,1,1
6,963,Agent,1,1
6,964,Agent,1,1
6,965,Agent,1,1
6,966,Agent,1,1
6,967,Agent,1,1
6,968,Agent,1,1
6,969,Agent,1,1
6,970,Agent,1,1
6,971,Agent,1,1
6,972,Agent,1,1
6,973,Agent,1,1
6,974,Agent,1,1
6,975,Agent,1,1
6,976,Agent,1,1
6,977,Agent,1,1
6,978,Agent,1,1
6,979,Agent,1,1
6,980,Agent,1,1
6,981,Agent,1,1
6,982,Agent,1,1
6,983,Agent,1,1
6,984,Agent,1,1
6,985,Agent,1,1
6,986,Agent,1,1
6,987,Agent,1,1
6,988,Agent,1,1
6,989,Agent,50,50
6,990,Agent,50,50
6,991,Agent,50,50
6,992,Agent,50,50
6,993,Agent,50,50
6,994,Agent,50,50
6,995,Agent,50,50
6,996,Agent,50,50
6,997,Agent,50,50
6,998,Agent,50,50
6,999,Agent,50,50
6,1000,Agent,50,50
7,1,Agent,1,1
7,2,Agent,1,1
7,3,Agent,50,50
7,4,Agent,22,-29
7,5,Agent,1,1
7,6,Agent,1,1
7,7,Agent,1,1
7,8,Agent,1,1
7,9,Agent,1,1
7,10,Agent,1,1
7,11,Agent,1,1
7,12,Agent,1,1
7,13,Agent,1,1
7,14,Agent,1,1
7,15,Agent,1,1
7,16,Agent,1,1
7,17,Agent,1,1
7,18,Agent,1,1
7,19,Agent,1,1
7,20,Agent,1,1
7,21,Agent,1,1
7,22,Agent,1,1
7,23,Agent,1,1
7,24,Agent,1,1
7,25,Agent,1,1
7,26,Agent,1,1
7,27,Agent,1,1
7,28,Agent,1,1
7,29,Agent,1,1
7,30,Agent,1,1
7,31,Agent,1,1
7,32,Agent,2,2
7,33,Agent,1,1
7,34,Agent,1,1
7,35,Agent,50,50
7,36,Agent,50,50
7,37,Agent,50,50
7,38,Agent,50,50
7,39,Agent,50,50
7,40,Agent,50,50
7,41,Agent,50,50
7,42,Agent,50,50
7,43,Agent,50,50
7,44,Agent,50,50
7,45,Agent,50,50
7,46,Agent,35,-16
7,47,Agent,1,1
7,48,Agent,1,1
7,49,Agent,1,1
7,50,Agent,1,1
7,51,Agent,1,1
7,52,Agent,1,1
7,53,Agent,1,1
7,54,Agent,1,1
7,55,Agent,1,1
7,56,Agent,1,1
7,57,Agent,1,1
7,58,Agent,1,1
7,59,Agent,1,1
7,60,Agent,1,1
7,61,Agent,1,1
7,62,Agent,1,1
7,63,Agent,1,1
7,64,Agent,1,1
7,65,Agent,1,1
7,66,Agent,1,1
7,67,Agent,1,1
7,68,Agent,1,1
7,69,Agent,1,1
7,70,Agent,1,1
7,71,Agent,1,1
7,72,Agent,1,1
7,73,Agent,1,1
7,74,Agent,1,1
7,75,Agent,1,1
7,76,Agent,1,1
7,77,Agent,1,1
7,78,Agent,1,1
7,79,Agent,1,1
7,80,Agent,1,1
7,81,Agent,1,1
7,82,Agent,1,1
7,83,Agent,1,1
7,84,Agent,1,1
7,85,Agent,2,2
7,86,Agent,50,50
7,87,Agent,50,50
7,88,Agent,50,50
7,89,Agent,40,-11
7,90,Agent,1,-50
7,91,Agent,1,1
7,92,Agent,1,1
7,93,Agent,1,1
7,94,Agent,1,1
7,95,Agent,1,1
7,96,Agent,1,1
7,97,Agent,1,1
7,98,Agent,1,1
7,99,Agent,1,1
7,100,Agent,1,1
7,101,Agent,1,1
7,102,Agent,1,1
7,103,Agent,1,1
7,104,Agent,1,1
7,105,Agent,1,1
7,106,Agent,1,1
7,107,Agent,1,1
7,108,Agent,1,1
7,109,Agent,1,1
7,110,Agent,1,1
7,111,Agent,1,1
7,112,Agent,2,2
7,113,Agent,1,1
7,114,Agent,1,1
7,115,Agent,50,50
7,116,Agent,50,50
7,117,Agent,50,50
7,118,Agent,50,50
7,119,Agent,50,50
7,120,Agent,50,50
7,121,Agent,50,50
7,122,Agent,50,50
7,123,Agent,50,50
7,124,Agent,50,50
7,125,Agent,50,50
7,126,Agent,50,50
7,127,Agent,50,50
7,128,Agent,50,50
7,129,Agent,50,50
7,130,Agent,50,50
7,131,Agent,50,50
7,132,Agent,50,50
7,133,Agent,50,50
7,134,Agent,50,50
7,135,Agent,50,50
7,136,Agent,50,50
7,137,Agent,50,50
7,138,Agent,50,50
7,139,Agent,50,50
7,140,Agent,50,50
7,141,Agent,50,50
7,142,Agent,50,50
7,143,Agent,29,-22
7,144,Agent,1,1
7,145,Agent,1,1
7,146,Agent,1,1
7,147,Agent,1,1
7,148,Agent,1,1
7,149,Agent,1,1
7,150,Agent,1,1
7,151,Agent,1,1
7,152,Agent,1,1
7,153,Agent,1,1
7,154,Agent,1,1
7,155,Agent,1,1
7,156,Agent,1,1
7,157,Agent,1,1
7,158,Agent,1,1
7,159,Agent,1,1
7,160,Agent,1,1
7,161,Agent,1,1
7,162,Agent,1,1
7,163,Agent,1,1
7,164,Agent,1,1
7,165,Agent,1,1
7,166,Agent,1,1
7,167,Agent,1,1
7,168,Agent,1,1
7,169,Agent,1,1
7,170,Agent,1,1
7,171,Agent,1,1
7,172,Agent,1,1
7,173,Agent,1,1
7,174,Agent,1,1
7,175,Agent,3,3
7,176,Agent,1,1
7,177,Agent,1,1
7,178,Agent,1,1
7,179,Agent,25,-26
7,180,Agent,1,1
7,181,Agent,1,1
7,182,Agent,1,1
7,183,Agent,1,1
7,184,Agent,1,1
7,185,Agent,1,1
7,186,Agent,1,1
7,187,Agent,1,1
7,188,Agent,1,1
7,189,Agent,1,1
7,190,Agent,1,1
7,191,Agent,1,1
7,192,Agent,1,1
7,193,Agent,1,1
7,194,Agent,1,1
7,195,Agent,1,1
7,196,Agent,1,1
7,197,Agent,1,1
7,198,Agent,1,1
7,199,Agent,1,1
7,200,Agent,1,1
7,201,Agent,1,1
7,202,Agent,1,1
7,203,Agent,1,1
7,204,Agent,1,1
7,205,Agent,1,1
7,206,Agent,1,1
7,207,Agent,1,1
7,208,Agent,1,1
7,209,Agent,1,1
7,210,Agent,2,2
7,211,Agent,1,1
7,212,Agent,1,1
7,213,Agent,1,1
7,214,Agent,2,2
7,215,Agent,1,1
7,216,Agent,1,1
7,217,Agent,1,1
7,218,Agent,1,1
7,219,Agent,50,50
7,220,Agent,50,50
7,221,Agent,50,50
7,222,Agent,50,50
7,223,Agent,50,50
7,224,Agent,50,50
7,225,Agent,50,50
7,226,Agent,50,50
7,227,Agent,50,50
7,228,Agent,50,50
7,229,Agent,50,50
7,230,Agent,50,50
7,231,Agent,50,50
7,232,Agent,50,50
7,233,Agent,47,-4
7,234,Agent,1,1
7,235,Agent,1,1
7,236,Agent,1,1
7,237,Agent,1,1
7,238,Agent,1,1
7,239,Agent,1,1
7,240,Agent,1,1
7,241,Agent,1,1
7,242,Agent,1,1
7,243,Agent,1,1
7,244,Agent,1,1
7,245,Agent,1,1
7,246,Agent,1,1
7,247,Agent,1,1
7,248,Agent,1,1
7,249,Agent,1,1
7,250,Agent,1,1
7,251,Agent,1,1
7,252,Agent,1,1
7,253,Agent,1,1
7,254,Agent,1,1
7,255,Agent,1,1
7,256,Agent,1,1
7,257,Agent,1,1
7,258,Agent,1,1
7,259,Agent,1,1
7,260,Agent,1,1
7,261,Agent,1,1
7,262,Agent,1,1
7,263,Agent,1,1
7,264,Agent,1,1
7,265,Agent,1,1
7,266,Agent,1,1
7,267,Agent,2,2
7,268,Agent,1,1
7,269,Agent,1,1
7,270,Agent,2,2
7,271,Agent,50,50
7,272,Agent,50,50
7,273,Agent,50,50
7,274,Agent,50,50
7,275,Agent,30,-21
7,276,Agent,1,1
7,277,Agent,1,1
7,278,Agent,1,1
7,279,Agent,1,1
7,280,Agent,1,1
7,281,Agent,1,1
7,282,Agent,1,1
7,283,Agent,1,1
7,284,Agent,1,1
7,285,Agent,1,1
7,286,Agent,1,1
7,287,Agent,1,1
7,288,Agent,1,1
7,289,Agent,1,1
7,290,Agent,1,1
7,291,Agent,1,1
7,292,Agent,1,1
7,293,Agent,1,1
7,294,Agent,1,1
7,295,Agent,1,1
7,296,Agent,1,1
7,297,Agent,1,1
7,298,Agent,1,1
7,299,Agent,1,1
7,300,Agent,1,1
7,301,Agent,2,2
7,302,Agent,1,1
7,303,Agent,1,1
7,304,Agent,1,1
7,305,Agent,2,2
7,306,Agent,1,1
7,307,Agent,1,1
7,308,Agent,1,1
7,309,Agent,2,2
7,310,Agent,1,1
7,311,Agent,1,1
7,312,Agent,50,50
7,313,Agent,50,50
7,314,Agent,50,50
7,315,Agent,50,50
7,316,Agent,50,50
7,317,Agent,50,50
7,318,Agent,50,50
7,319,Agent,50,50
7,320,Agent,50,50
7,321,Agent,50,50
7,322,Agent,50,50
7,323,Agent,50,50
7,324,Agent,5,-46
7,325,Agent,1,1
7,326,Agent,1,1
7,327,Agent,1,1
7,328,Agent,1,1
7,329,Agent,1,1
7,330,Agent,1,1
7,331,Agent,1,1
7,332,Agent,1,1
7,333,Agent,1,1
7,334,Agent,1,1
7,335,Agent,1,1
7,336,Agent,1,1
7,337,Agent,1,1
7,338,Agent,1,1
7,339,Agent,1,1
7,340,Agent,1,1
7,341,Agent,1,1
7,342,Agent,1,1
7,343,Agent,1,1
7,344,Agent,1,1
7,345,Agent,1,1
7,346,Agent,1,1
7,347,Agent,1,1
7,348,Agent,1,1
7,349,Agent,1,1
7,350,Agent,1,1
7,351,Agent,1,1
7,352,Agent,1,1
7,353,Agent,1,1
7,354,Agent,1,1
7,355,Agent,1,1
7,356,Agent,4,4
7,357,Agent,50,50
7,358,Agent,50,50
7,359,Agent,50,50
7,360,Agent,50,50
7,361,Agent,50,50
7,362,Agent,50,50
7,363,Agent,19,-32
7,364,Agent,1,1
7,365,Agent,1,1
7,366,Agent,1,1
7,367,Agent,1,1
7,368,Agent,1,1
7,369,Agent,1,1
7,370,Agent,1,1
7,371,Agent,1,1
7,372,Agent,1,1
7,373,Agent,1,1
7,374,Agent,1,1
7,375,Agent,1,1
7,376,Agent,1,1
7,377,Agent,1,1
7,378,Agent,1,1
7,379,Agent,1,1
7,380,Agent,1,1
7,381,Agent,1,1
7,382,Agent,1,1
7,383,Agent,1,1
7,384,Agent,1,1
7,385,Agent,1,1
7,386,Agent,1,1
7,387,Agent,1,1
7,388,Agent,1,1
7,389,Agent,1,1
7,390,Agent,1,1
7,391,Agent,1,1
7,392,Agent,1,1
7,393,Agent,1,1
7,394,Agent,1,1
7,395,Agent,1,1
7,396,Agent,5,5
7,397,Agent,50,50
7,398,Agent,50,50
7,399,Agent,50,50
7,400,Agent,50,50
7,401,Agent,50,50
7,402,Agent,50,50
7,403,Agent,50,50
7,404,Agent,50,50
7,405,Agent,50,50
7,406,Agent,50,50
7,407,Agent,50,50
7,408,Agent,50,50
7,409,Agent,50,50
7,410,Agent,50,50
7,411,Agent,50,50
7,412,Agent,50,50
7,413,Agent,50,50
7,414,Agent,50,50
7,415,Agent,50,50
7,416,Agent,50,50
7,417,Agent,50,50
7,418,Agent,50,50
7,419,Agent,50,50
7,420,Agent,50,50
7,421,Agent,50,50
7,422,Agent,50,50
7,423,Agent,50,50
7,424,Agent,50,50
7,425,Agent,50,50
7,426,Agent,50,50
7,427,Agent,50,50
7,428,Agent,50,50
7,429,Agent,50,50
7,430,Agent,50,50
7,431,Agent,50,50
7,432,Agent,50,50
7,433,Agent,50,50
7,434,Agent,50,50
7,435,Agent,50,50
7,436,Agent,50,50
7,437,Agent,50,50
7,438,Agent,50,50
7,439,Agent,50,50
7,440,Agent,50,50
7,441,Agent,50,50
7,442,Agent,12,-39
7,443,Agent,1,1
7,444,Agent,1,1
7,445,Agent,1,1
7,446,Agent,1,1
7,447,Agent,1,1
7,448,Agent,1,1
7,449,Agent,1,1
7,450,Agent,1,1
7,451,Agent,1,1
7,452,Agent,1,1
7,453,Agent,1,1
7,454,Agent,1,1
7,455,Agent,1,1
7,456,Agent,1,1
7,457,Agent,1,1
7,458,Agent,1,1
7,459,Agent,1,1
7,460,Agent,1,1
7,461,Agent,1,1
7,462,Agent,1,1
7,463,Agent,1,1
7,464,Agent,1,1
7,465,Agent,1,1
7,466,Agent,1,1
7,467,Agent,1,1
7,468,Agent,2,2
7,469,Agent,1,1
7,470,Agent,1,1
7,471,Agent,2,2
7,472,Agent,1,1
7,473,Agent,2,2
7,474,Agent,14,14
7,475,Agent,50,50
7,476,Agent,50,50
7,477,Agent,50,50
7,478,Agent,50,50
7,479,Agent,50,50
7,480,Agent,50,50
7,481,Agent,50,50
7,482,Agent,47,-4
7,483,Agent,1,1
7,484,Agent,1,1
7,485,Agent,1,1
7,486,Agent,1,1
7,487,Agent,1,1
7,488,Agent,1,1
7,489,Agent,1,1
7,490,Agent,1,1
7,491,Agent,1,1
7,492,Agent,1,1
7,493,Agent,1,1
7,494,Agent,1,1
7,495,Agent,1,1
7,496,Agent,1,1
7,497,Agent,1,1
7,498,Agent,1,1
7,499,Agent,1,1
7,500,Agent,1,1
7,501,Agent,1,1
7,502,Agent,1,1
7,503,Agent,1,1
7,504,Agent,1,1
7,505,Agent,1,1
7,506,Agent,1,1
7,507,Agent,1,1
7,508,Agent,1,1
7,509,Agent,1,1
7,510,Agent,1,1
7,511,Agent,1,1
7,512,Agent,1,1
7,513,Agent,1,1
7,514,Agent,1,1
7,515,Agent,1,1
7,516,Agent,1,1
7,517,Agent,1,1
7,518,Agent,1,1
7,519,Agent,50,50
7,520,Agent,50,50
7,521,Agent,50,50
7,522,Agent,50,50
7,523,Agent,50,50
7,524,Agent,50,50
7,525,Agent,50,50
7,526,Agent,50,50
7,527,Agent,50,50
7,528,Agent,50,50
7,529,Agent,50,50
7,530,Agent,50,50
7,531,Agent,25,-26
7,532,Agent,1,1
7,533,Agent,1,1
7,534,Agent,1,1
7,535,Agent,1,1
7,536,Agent,1,1
7,537,Agent,1,1
7,538,Agent,1,1
7,539,Agent,1,1
7,540,Agent,1,1
7,541,Agent,1,1
7,542,Agent,1,1
7,543,Agent,1,1
7,544,Agent,1,1
7,545,Agent,1,1
7,546,Agent,1,1
7,547,Agent,1,1
7,548,Agent,1,1
7,549,Agent,1,1
7,550,Agent,1,1
7,551,Agent,1,1
7,552,Agent,1,1
7,553,Agent,1,1
7,554,Agent,1,1
7,555,Agent,1,1
7,556,Agent,2,2
7,557,Agent,1,1
7,558,Agent,1,1
7,559,Agent,1,1
7,560,Agent,1,1
7,561,Agent,1,1
7,562,Agent,1,1
7,563,Agent,13,13
7,564,Agent,50,50
7,565,Agent,50,50
7,566,Agent,50,50
7,567,Agent,50,50
7,568,Agent,50,50
7,569,Agent,50,50
7,570,Agent,50,50
7,571,Agent,50,50
7,572,Agent,50,50
7,573,Agent,50,50
7,574,Agent,50,50
7,575,Agent,50,50
7,576,Agent,50,50
7,577,Agent,50,50
7,578,Agent,50,50
7,579,Agent,50,50
7,580,Agent,50,50
7,581,Agent,50,50
7,582,Agent,50,50
7,583,Agent,50,50
7,584,Agent,50,50
7,585,Agent,50,50
7,586,Agent,50,50
7,587,Agent,50,50
7,588,Agent,50,50
7,589,Agent,40,-11
7,590,Agent,1,1
7,591,Agent,1,1
7,592,Agent,1,1
7,593,Agent,1,1
7,594,Agent,1,1
7,595,Agent,1,1
7,596,Agent,1,1
7,597,Agent,1,1
7,598,Agent,1,1
7,599,Agent,1,1
7,600,Agent,1,1
7,601,Agent,1,1
7,602,Agent,1,1
7,603,Agent,1,1
7,604,Agent,1,1
7,605,Agent,1,1
7,606,Agent,1,1
7,607,Agent,1,1
7,608,Agent,1,1
7,609,Agent,1,1
7,610,Agent,1,1
7,611,Agent,1,1
7,612,Agent,1,1
7,613,Agent,1,1
7,614,Agent,50,50
7,615,Agent,3,-48
7,616,Agent,1,1
7,617,Agent,1,1
7,618,Agent,1,1
7,619,Agent,1,1
7,620,Agent,1,1
7,621,Agent,1,1
7,622,Agent,1,1
7,623,Agent,1,1
7,624,Agent,1,1
7,625,Agent,1,1
7,626,Agent,1,1
7,627,Agent,1,1
7,628,Agent,1,1
7,629,Agent,1,1
7,630,Agent,1,1
7,631,Agent,1,1
7,632,Agent,1,1
7,633,Agent,1,1
7,634,Agent,1,1
7,635,Agent,1,1
7,636,Agent,1,1
7,637,Agent,1,1
7,638,Agent,1,1
7,639,Agent,1,1
7,640,Agent,1,1
7,641,Agent,1,1
7,642,Agent,1,1
7,643,Agent,2,2
7,644,Agent,1,1
7,645,Agent,1,1
7,646,Agent,1,1
7,647,Agent,1,1
7,648,Agent,1,1
7,649,Agent,50,50
7,650,Agent,50,50
7,651,Agent,50,50
7,652,Agent,4,-47
7,653,Agent,1,1
7,654,Agent,1,1
7,655,Agent,1,1
7,656,Agent,1,1
7,657,Agent,1,1
7,658,Agent,1,1
7,659,Agent,1,1
7,660,Agent,1,1
7,661,Agent,1,1
7,662,Agent,1,1
7,663,Agent,1,1
7,664,Agent,1,1
7,665,Agent,1,1
7,666,Agent,1,1
7,667,Agent,1,1
7,668,Agent,1,1
7,669,Agent,1,1
7,670,Agent,1,1
7,671,Agent,1,1
7,672,Agent,1,1
7,673,Agent,1,1
7,674,Agent,1,1
7,675,Agent,1,1
7,676,Agent,1,1
7,677,Agent,1,1
7,678,Agent,1,1
7,679,Agent,1,1
7,680,Agent,1,1
7,681,Agent,1,1
7,682,Agent,3,3
7,683,Agent,1,1
7,684,Agent,2,2
7,685,Agent,50,50
7,686,Agent,50,50
7,687,Agent,50,50
7,688,Agent,50,50
7,689,Agent,50,50
7,690,Agent,50,50
7,691,Agent,50,50
7,692,Agent,50,50
7,693,Agent,50,50
7,694,Agent,50,50
7,695,Agent,50,50
7,696,Agent,50,50
7,697,Agent,50,50
7,698,Agent,50,50
7,699,Agent,50,50
7,700,Agent,49,-2
7,701,Agent,1,1
7,702,Agent,1,1
7,703,Agent,1,1
7,704,Agent,1,1
7,705,Agent,1,1
7,706,Agent,1,1
7,707,Agent,1,1
7,708,Agent,1,1
7,709,Agent,1,1
7,710,Agent,1,1
7,711,Agent,1,1
7,712,Agent,1,1
7,713,Agent,1,1
7,714,Agent,1,1
7,715,Agent,1,1
7,716,Agent,1,1
7,717,Agent,1,1
7,718,Agent,1,1
7,719,Agent,1,1
7,720,Agent,1,1
7,721,Agent,1,1
7,722,Agent,1,1
7,723,Agent,1,1
7,724,Agent,1,1
7,725,Agent,1,1
7,726,Agent,1,1
7,727,Agent,1,1
7,728,Agent,1,1
7,729,Agent,1,1
7,730,Agent,1,1
7,731,Agent,50,50
7,732,Agent,50,50
7,733,Agent,40,-11
7,734,Agent,1,1
7,735,Agent,1,1
7,736,Agent,1,1
7,737,Agent,1,1
7,738,Agent,1,1
7,739,Agent,1,1
7,740,Agent,1,1
7,741,Agent,1,1
7,742,Agent,1,1
7,743,Agent,1,1
7,744,Agent,1,1
7,745,Agent,1,1
7,746,Agent,1,1
7,747,Agent,1,1
7,748,Agent,1,1
7,749,Agent,1,1
7,750,Agent,1,1
7,751,Agent,1,1
7,752,Agent,1,1
7,753,Agent,1,1
7,754,Agent,1,1
7,755,Agent,1,1
7,756,Agent,1,1
7,757,Agent,1,1
7,758,Agent,1,1
7,759,Agent,50,50
7,760,Agent,50,50
7,761,Agent,50,50
7,762,Agent,50,50
7,763,Agent,50,50
7,764,Agent,50,50
7,765,Agent,50,50
7,766,Agent,50,50
7,767,Agent,50,50
7,768,Agent,50,50
7,769,Agent,50,50
7,770,Agent,50,50
7,771,Agent,50,50
7,772,Agent,50,50
7,773,Agent,50,50
7,774,Agent,50,50
7,775,Agent,50,50
7,776,Agent,50,50
7,777,Agent,50,50
7,778,Agent,50,50
7,779,Agent,50,50
7,780,Agent,50,50
7,781,Agent,31,-20
7,782,Agent,1,1
7,783,Agent,1,1
7,784,Agent,1,1
7,785,Agent,1,1
7,786,Agent,1,1
7,787,Agent,1,1
7,788,Agent,1,1
7,789,Agent,1,1
7,790,Agent,1,1
7,791,Agent,1,1
7,792,Agent,1,1
7,793,Agent,1,1
7,794,Agent,1,1
7,795,Agent,1,1
7,796,Agent,1,1
7,797,Agent,1,1
7,798,Agent,1,1
7,799,Agent,1,1
7,800,Agent,1,1
7,801,Agent,1,1
7,802,Agent,1,1
7,803,Agent,1,1
7,804,Agent,1,1
7,805,Agent,1,1
7,806,Agent,1,1
7,807,Agent,1,1
7,808,Agent,1,1
7,809,Agent,1,1
7,810,Agent,1,1
7,811,Agent,2,2
7,812,Agent,50,50
7,813,Agent,50,50
7,814,Agent,50,50
7,815,Agent,50,50
7,816,Agent,50,50
7,817,Agent,50,50
7,818,Agent,50,50
7,819,Agent,50,50
7,820,Agent,50,50
7,821,Agent,50,50
7,822,Agent,50,50
7,823,Agent,50,50
7,824,Agent,50,50
7,825,Agent,50,50
7,826,Agent,50,50
7,827,Agent,50,50
7,828,Agent,50,50
7,829,Agent,50,50
7,830,Agent,50,50
7,831,Agent,43,-8
7,832,Agent,1,1
7,833,Agent,1,1
7,834,Agent,1,1
7,835,Agent,1,1
7,836,Agent,1,1
7,837,Agent,1,1
7,838,Agent,1,1
7,839,Agent,1,1
7,840,Agent,1,1
7,841,Agent,1,1
7,842,Agent,1,1
7,843,Agent,1,1
7,844,Agent,1,1
7,845,Agent,1,1
7,846,Agent,1,1
7,847,Agent,1,1
7,848,Agent,1,1
7,849,Agent,1,1
7,850,Agent,1,1
7,851,Agent,2,2
7,852,Agent,2,2
7,853,Agent,1,1
7,854,Agent,1,1
7,855,Agent,1,1
7,856,Agent,1,1
7,857,Agent,1,1
7,858,Agent,1,1
7,859,Agent,1,1
7,860,Agent,1,1
7,861,Agent,1,1
7,862,Agent,2,2
7,863,Agent,50,50
7,864,Agent,50,50
7,865,Agent,50,50
7,866,Agent,50,50
7,867,Agent,50,50
7,868,Agent,50,50
7,869,Agent,50,50
7,870,Agent,50,50
7,871,Agent,50,50
7,872,Agent,50,50
7,873,Agent,50,50
7,874,Agent,50,50
7,875,Agent,50,50
7,876,Agent,50,50
7,877,Agent,50,50
7,878,Agent,42,-9
7,879,Agent,1,1
7,880,Agent,1,1
7,881,Agent,1,1
7,882,Agent,1,1
7,883,Agent,1,1
7,884,Agent,1,1
7,885,Agent,1,1
7,886,Agent,1,1
7,887,Agent,1,1
7,888,Agent,1,1
7,889,Agent,1,1
7,890,Agent,1,1
7,891,Agent,1,1
7,892,Agent,1,1
7,893,Agent,1,1
7,894,Agent,1,1
7,895,Agent,1,1
7,896,Agent,1,1
7,897,Agent,1,1
7,898,Agent,1,1
7,899,Agent,1,1
7,900,Agent,1,1
7,901,Agent,1,1
7,902,Agent,1,1
7,903,Agent,1,1
7,904,Agent,1,1
7,905,Agent,1,1
7,906,Agent,3,3
7,907,Agent,2,2
7,908,Agent,50,50
7,909,Agent,50,50
7,910,Agent,50,50
7,911,Agent,50,50
7,912,Agent,50,50
7,913,Agent,50,50
7,914,Agent,50,50
7,915,Agent,50,50
7,916,Agent,22,-29
7,917,Agent,1,1
7,918,Agent,1,1
7,919,Agent,1,1
7,920,Agent,1,1
7,921,Agent,1,1
7,922,Agent,1,1
7,923,Agent,1,1
7,924,Agent,1,1
7,925,Agent,1,1
7,926,Agent,1,1
7,927,Agent,1,1
7,928,Agent,1,1
7,929,Agent,1,1
7,930,Agent,1,1
7,931,Agent,1,1
7,932,Agent,1,1
7,933,Agent,1,1
7,934,Agent,1,1
7,935,Agent,1,1
7,936,Agent,1,1
7,937,Agent,1,1
7,938,Agent,1,1
7,939,Agent,1,1
7,940,Agent,1,1
7,941,Agent,1,1
7,942,Agent,1,1
7,943,Agent,1,1
7,944,Agent,1,1
7,945,Agent,1,1
7,946,Agent,2,2
7,947,Agent,1,1
7,948,Agent,1,1
7,949,Agent,1,1
7,950,Agent,2,2
7,951,Agent,50,50
7,952,Agent,50,50
7,953,Agent,50,50
7,954,Agent,50,50
7,955,Agent,50,50
7,956,Agent,50,50
7,957,Agent,29,29
7,958,Agent,50,50
7,959,Agent,50,50
7,960,Agent,50,50
7,961,Agent,50,50
7,962,Agent,50,50
7,963,Agent,50,50
7,964,Agent,50,50
7,965,Agent,29,-22
7,966,Agent,1,1
7,967,Agent,1,1
7,968,Agent,1,1
7,969,Agent,1,1
7,970,Agent,1,1
7,971,Agent,1,1
7,972,Agent,1,1
7,973,Agent,1,1
7,974,Agent,1,1
7,975,Agent,1,1
7,976,Agent,1,1
7,977,Agent,1,1
7,978,Agent,1,1
7,979,Agent,1,1
7,980,Agent,1,1
7,981,Agent,1,1
7,982,Agent,1,1
7,983,Agent,1,1
7,984,Agent,1,1
7,985,Agent,1,1
7,986,Agent,1,1
7,987,Agent,1,1
7,988,Agent,1,1
7,989,Agent,1,1
7,990,Agent,1,1
7,991,Agent,1,1
7,992,Agent,1,1
7,993,Agent,1,1
7,994,Agent,1,1
7,995,Agent,1,1
7,996,Agent,1,1
7,997,Agent,2,2
7,998,Agent,2,2
7,999,Agent,1,1
7,1000,Agent,2,2
8,1,Agent,1,1
8,2,Agent,1,1
8,3,Agent,50,50
8,4,Agent,43,-8
8,5,Agent,1,1
8,6,Agent,1,1
8,7,Agent,1,1
8,8,Agent,1,1
8,9,Agent,1,1
8,10,Agent,1,1
8,11,Agent,1,1
8,12,Agent,1,1
8,13,Agent,1,1
8,14,Agent,1,1
8,15,Agent,1,1
8,16,Agent,1,1
8,17,Agent,1,1
8,18,Agent,1,1
8,19,Agent,1,1
8,20,Agent,1,1
8,21,Agent,1,1
8,22,Agent,1,1
8,23,Agent,1,1
8,24,Agent,1,1
8,25,Agent,1,1
8,26,Agent,1,1
8,27,Agent,1,1
8,28,Agent,1,1
8,29,Agent,1,1
8,30,Agent,1,1
8,31,Agent,1,1
8,32,Agent,1,1
8,33,Agent,2,2
8,34,Agent,1,1
8,35,Agent,1,1
8,36,Agent,1,1
8,37,Agent,50,50
8,38,Agent,50,50
8,39,Agent,50,50
8,40,Agent,50,50
8,41,Agent,50,50
8,42,Agent,50,50
8,43,Agent,50,50
8,44,Agent,50,50
8,45,Agent,50,50
8,46,Agent,50,50
8,47,Agent,50,50
8,48,Agent,50,50
8,49,Agent,50,50
8,50,Agent,50,50
8,51,Agent,50,50
8,52,Agent,50,50
8,53,Agent,50,50
8,54,Agent,50,50
8,55,Agent,50,50
8,56,Agent,50,50
8,57,Agent,50,50
8,58,Agent,50,50
8,59,Agent,50,50
8,60,Agent,50,50
8,61,Agent,50,50
8,62,Agent,50,50
8,63,Agent,50,50
8,64,Agent,50,50
8,65,Agent,50,50
8,66,Agent,50,50
8,67,Agent,50,50
8,68,Agent,50,50
8,69,Agent,50,50
8,70,Agent,50,50
8,71,Agent,50,50
8,72,Agent,50,50
8,73,Agent,50,50
8,74,Agent,50,50
8,75,Agent,50,50
8,76,Agent,1,1
8,77,Agent,50,50
8,78,Agent,50,50
8,79,Agent,50,50
8,80,Agent,50,50
8,81,Agent,50,50
8,82,Agent,34,-17
8,83,Agent,1,1
8,84,Agent,1,1
8,85,Agent,1,1
8,86,Agent,1,1
8,87,Agent,1,1
8,88,Agent,1,1
8,89,Agent,1,1
8,90,Agent,1,1
8,91,Agent,1,1
8,92,Agent,1,1
8,93,Agent,1,1
8,94,Agent,1,1
8,95,Agent,1,1
8,96,Agent,1,1
8,97,Agent,1,1
8,98,Agent,1,1
8,99,Agent,1,1
8,100,Agent,1,1
8,101,Agent,1,1
8,102,Agent,1,1
8,103,Agent,1,1
8,104,Agent,1,1
8,105,Agent,1,1
8,106,Agent,1,1
8,107,Agent,1,1
8,108,Agent,1,1
8,109,Agent,1,1
8,110,Agent,1,1
8,111,Agent,1,1
8,112,Agent,1,1
8,113,Agent,3,3
8,114,Agent,1,1
8,115,Agent,1,1
8,116,Agent,2,2
8,117,Agent,50,50
8,118,Agent,50,50
8,119,Agent,50,50
8,120,Agent,50,50
8,121,Agent,50,50
8,122,Agent,49,-2
8,123,Agent,1,1
8,124,Agent,1,1
8,125,Agent,1,1
8,126,Agent,1,1
8,127,Agent,1,1
8,128,Agent,1,1
8,129,Agent,1,1
8,130,Agent,1,1
8,131,Agent,1,1
8,132,Agent,1,1
8,133,Agent,1,1
8,134,Agent,1,1
8,135,Agent,1,1
8,136,Agent,1,1
8,137,Agent,1,1
8,138,Agent,1,1
8,139,Agent,1,1
8,140,Agent,1,1
8,141,Agent,1,1
8,142,Agent,1,1
8,143,Agent,1,1
8,144,Agent,1,1
8,145,Agent,1,1
8,146,Agent,1,1
8,147,Agent,1,1
8,148,Agent,2,2
8,149,Agent,1,1
8,150,Agent,1,1
8,151,Agent,1,1
8,152,Agent,1,1
8,153,Agent,1,1
8,154,Agent,1,1
8,155,Agent,1,1
8,156,Agent,1,1
8,157,Agent,2,2
8,158,Agent,2,2
8,159,Agent,50,50
8,160,Agent,50,50
8,161,Agent,50,50
8,162,Agent,50,50
8,163,Agent,50,50
8,164,Agent,50,50
8,165,Agent,50,50
8,166,Agent,50,50
8,167,Agent,50,50
8,168,Agent,50,50
8,169,Agent,50,50
8,170,Agent,50,50
8,171,Agent,50,50
8,172,Agent,50,50
8,173,Agent,42,-9
8,174,Agent,1,1
8,175,Agent,1,1
8,176,Agent,1,1
8,177,Agent,1,1
8,178,Agent,1,1
8,179,Agent,1,1
8,180,Agent,1,1
8,181,Agent,1,1
8,182,Agent,1,1
8,183,Agent,1,1
8,184,Agent,1,1
8,185,Agent,1,1
8,186,Agent,1,1
8,187,Agent,1,1
8,188,Agent,1,1
8,189,Agent,1,1
8,190,Agent,1,1
8,191,Agent,1,1
8,192,Agent,1,1
8,193,Agent,1,1
8,194,Agent,1,1
8,195,Agent,1,1
8,196,Agent,1,1
8,197,Agent,1,1
8,198,Agent,1,1
8,199,Agent,1,1
8,200,Agent,1,1
8,201,Agent,1,1
8,202,Agent,1,1
8,203,Agent,1,1
8,204,Agent,1,1
8,205,Agent,2,2
8,206,Agent,1,1
8,207,Agent,1,1
8,208,Agent,1,1
8,209,Agent,50,50
8,210,Agent,50,50
8,211,Agent,50,50
8,212,Agent,50,50
8,213,Agent,50,50
8,214,Agent,50,50
8,215,Agent,50,50
8,216,Agent,50,50
8,217,Agent,50,50
8,218,Agent,50,50
8,219,Agent,50,50
8,220,Agent,50,50
8,221,Agent,50,50
8,222,Agent,50,50
8,223,Agent,50,50
8,224,Agent,50,50
8,225,Agent,50,50
8,226,Agent,50,50
8,227,Agent,50,50
8,228,Agent,49,-2
8,229,Agent,1,1
8,230,Agent,1,1
8,231,Agent,1,1
8,232,Agent,1,1
8,233,Agent,1,1
8,234,Agent,1,1
8,235,Agent,1,1
8,236,Agent,1,1
8,237,Agent,1,1
8,238,Agent,1,1
8,239,Agent,1,1
8,240,Agent,1,1
8,241,Agent,1,1
8,242,Agent,1,1
8,243,Agent,1,1
8,244,Agent,1,1
8,245,Agent,1,1
8,246,Agent,1,1
8,247,Agent,1,1
8,248,Agent,1,1
8,249,Agent,1,1
8,250,Agent,1,1
8,251,Agent,1,1
8,252,Agent,1,1
8,253,Agent,2,2
8,254,Agent,1,1
8,255,Agent,1,1
8,256,Agent,1,1
8,257,Agent,1,1
8,258,Agent,1,1
8,259,Agent,3,3
8,260,Agent,50,50
8,261,Agent,50,50
8,262,Agent,50,50
8,263,Agent,50,50
8,264,Agent,50,50
8,265,Agent,50,50
8,266,Agent,50,50
8,267,Agent,50,50
8,268,Agent,50,50
8,269,Agent,50,50
8,270,Agent,36,-15
8,271,Agent,1,1
8,272,Agent,1,1
8,273,Agent,1,1
8,274,Agent,1,1
8,275,Agent,1,1
8,276,Agent,1,1
8,277,Agent,1,1
8,278,Agent,1,1
8,279,Agent,1,1
8,280,Agent,1,1
8,281,Agent,1,1
8,282,Agent,1,1
8,283,Agent,1,1
8,284,Agent,1,1
8,285,Agent,1,1
8,286,Agent,1,1
8,287,Agent,1,1
8,288,Agent,1,1
8,289,Agent,1,1
8,290,Agent,1,1
8,291,Agent,1,1
8,292,Agent,1,1
8,293,Agent,1,1
8,294,Agent,1,1
8,295,Agent,1,1
8,296,Agent,1,1
8,297,Agent,1,1
8,298,Agent,1,1
8,299,Agent,1,1
8,300,Agent,1,1
8,301,Agent,1,1
8,302,Agent,1,1
8,303,Agent,2,2
8,304,Agent,1,1
8,305,Agent,1,1
8,306,Agent,1,1
8,307,Agent,50,50
8,308,Agent,50,50
8,309,Agent,50,50
8,310,Agent,50,50
8,311,Agent,50,50
8,312,Agent,50,50
8,313,Agent,50,50
8,314,Agent,50,50
8,315,Agent,50,50
8,316,Agent,50,50
8,317,Agent,50,50
8,318,Agent,50,50
8,319,Agent,50,50
8,320,Agent,50,50
8,321,Agent,50,50
8,322,Agent,50,50
8,323,Agent,50,50
8,324,Agent,50,50
8,325,Agent,50,50
8,326,Agent,50,50
8,327,Agent,50,50
8,328,Agent,50,50
8,329,Agent,50,50
8,330,Agent,50,50
8,331,Agent,50,50
8,332,Agent,50,50
8,333,Agent,50,50
8,334,Agent,50,50
8,335,Agent,50,50
8,336,Agent,50,50
8,337,Agent,50,50
8,338,Agent,50,50
8,339,Agent,50,50
8,340,Agent,50,50
8,341,Agent,50,50
8,342,Agent,50,50
8,343,Agent,50,50
8,344,Agent,50,50
8,345,Agent,50,50
8,346,Agent,50,50
8,347,Agent,50,50
8,348,Agent,50,50
8,349,Agent,50,50
8,350,Agent,50,50
8,351,Agent,50,50
8,352,Agent,50,50
8,353,Agent,50,50
8,354,Agent,50,50
8,355,Agent,50,50
8,356,Agent,50,50
8,357,Agent,50,50
8,358,Agent,50,50
8,359,Agent,50,50
8,360,Agent,50,50
8,361,Agent,50,50
8,362,Agent,50,50
8,363,Agent,50,50
8,364,Agent,50,50
8,365,Agent,50,50
8,366,Agent,50,50
8,367,Agent,50,50
8,368,Agent,50,50
8,369,Agent,50,50
8,370,Agent,50,50
8,371,Agent,50,50
8,372,Agent,50,50
8,373,Agent,50,50
8,374,Agent,50,50
8,375,Agent,44,-7
8,376,Agent,1,1
8,377,Agent,1,1
8,378,Agent,1,1
8,379,Agent,1,1
8,380,Agent,1,1
8,381,Agent,1,1
8,382,Agent,1,1
8,383,Agent,1,1
8,384,Agent,1,1
8,385,Agent,1,1
8,386,Agent,1,1
8,387,Agent,1,1
8,388,Agent,1,1
8,389,Agent,1,1
8,390,Agent,1,1
8,391,Agent,1,1
8,392,Agent,1,1
8,393,Agent,1,1
8,394,Agent,1,1
8,395,Agent,1,1
8,396,Agent,1,1
8,397,Agent,1,1
8,398,Agent,1,1
8,399,Agent,1,1
8,400,Agent,1,1
8,401,Agent,1,1
8,402,Agent,1,1
8,403,Agent,1,1
8,404,Agent,1,1
8,405,Agent,1,1
8,406,Agent,1,1
8,407,Agent,1,1
8,408,Agent,1,1
8,409,Agent,2,2
8,410,Agent,1,1
8,411,Agent,1,1
8,412,Agent,2,2
8,413,Agent,50,50
8,414,Agent,50,50
8,415,Agent,50,50
8,416,Agent,50,50
8,417,Agent,50,50
8,418,Agent,50,50
8,419,Agent,50,50
8,420,Agent,50,50
8,421,Agent,50,50
8,422,Agent,50,50
8,423,Agent,50,50
8,424,Agent,50,50
8,425,Agent,50,50
8,426,Agent,50,50
8,427,Agent,50,50
8,428,Agent,50,50
8,429,Agent,50,50
8,430,Agent,6,-45
8,431,Agent,1,1
8,432,Agent,1,1
8,433,Agent,1,1
8,434,Agent,1,1
8,435,Agent,1,1
8,436,Agent,1,1
8,437,Agent,1,1
8,438,Agent,1,1
8,439,Agent,1,1
8,440,Agent,1,1
8,441,Agent,1,1
8,442,Agent,1,1
8,443,Agent,1,1
8,444,Agent,1,1
8,445,Agent,1,1
8,446,Agent,1,1
8,447,Agent,1,1
8,448,Agent,1,1
8,449,Agent,1,1
8,450,Agent,1,1
8,451,Agent,1,1
8,452,Agent,1,1
8,453,Agent,1,1
8,454,Agent,1,1
8,455,Agent,2,2
8,456,Agent,1,1
8,457,Agent,1,1
8,458,Agent,2,2
8,459,Agent,1,1
8,460,Agent,50,50
8,461,Agent,50,50
8,462,Agent,50,50
8,463,Agent,50,50
8,464,Agent,50,50
8,465,Agent,50,50
8,466,Agent,50,50
8,467,Agent,50,50
8,468,Agent,50,50
8,469,Agent,50,50
8,470,Agent,50,50
8,471,Agent,50,-1
8,472,Agent,1,1
8,473,Agent,1,1
8,474,Agent,1,1
8,475,Agent,1,1
8,476,Agent,1,1
8,477,Agent,1,1
8,478,Agent,1,1
8,479,Agent,1,1
8,480,Agent,1,1
8,481,Agent,1,1
8,482,Agent,1,1
8,483,Agent,1,1
8,484,Agent,1,1
8,485,Agent,1,1
8,486,Agent,1,1
8,487,Agent,1,1
8,488,Agent,1,1
8,489,Agent,1,1
8,490,Agent,1,1
8,491,Agent,1,1
8,492,Agent,1,1
8,493,Agent,1,1
8,494,Agent,1,1
8,495,Agent,1,1
8,496,Agent,1,1
8,497,Agent,1,1
8,498,Agent,1,1
8,499,Agent,1,1
8,500,Agent,1,1
8,501,Agent,1,1
8,502,Agent,1,1
8,503,Agent,1,1
8,504,Agent,1,1
8,505,Agent,1,1
8,506,Agent,50,50
8,507,Agent,50,50
8,508,Agent,50,50
8,509,Agent,50,50
8,510,Agent,50,50
8,511,Agent,50,50
8,512,Agent,50,50
8,513,Agent,50,50
8,514,Agent,50,50
8,515,Agent,50,50
8,516,Agent,50,50
8,517,Agent,50,50
8,518,Agent,41,41
8,519,Agent,50,50
8,520,Agent,50,50
8,521,Agent,50,50
8,522,Agent,50,50
8,523,Agent,50,50
8,524,Agent,50,50
8,525,Agent,50,50
8,526,Agent,50,50
8,527,Agent,50,50
8,528,Agent,29,-22
8,529,Agent,1,1
8,530,Agent,1,1
8,531,Agent,1,1
8,532,Agent,1,1
8,533,Agent,1,1
8,534,Agent,1,1
8,535,Agent,1,1
8,536,Agent,1,1
8,537,Agent,1,1
8,538,Agent,1,1
8,539,Agent,1,1
8,540,Agent,1,1
8,541,Agent,1,1
8,542,Agent,1,1
8,543,Agent,1,1
8,544,Agent,1,1
8,545,Agent,1,1
8,546,Agent,1,1
8,547,Agent,1,1
8,548,Agent,2,2
8,549,Agent,1,1
8,550,Agent,2,2
8,551,Agent,1,1
8,552,Agent,1,1
8,553,Agent,2,2
8,554,Agent,1,1
8,555,Agent,50,50
8,556,Agent,50,50
8,557,Agent,50,50
8,558,Agent,40,-11
8,559,Agent,1,1
8,560,Agent,1,1
8,561,Agent,1,1
8,562,Agent,1,1
8,563,Agent,1,1
8,564,Agent,1,1
8,565,Agent,1,1
8,566,Agent,1,1
8,567,Agent,1,1
8,568,Agent,1,1
8,569,Agent,1,1
8,570,Agent,1,1
8,571,Agent,1,1
8,572,Agent,1,1
8,573,Agent,1,1
8,574,Agent,1,1
8,575,Agent,1,1
8,576,Agent,1,1
8,577,Agent,1,1
8,578,Agent,1,1
8,579,Agent,1,1
8,580,Agent,1,1
8,581,Agent,1,1
8,582,Agent,1,1
8,583,Agent,1,1
8,584,Agent,1,1
8,585,Agent,1,1
8,586,Agent,2,2
8,587,Agent,2,2
8,588,Agent,2,2
8,589,Agent,50,50
8,590,Agent,50,50
8,591,Agent,50,50
8,592,Agent,50,50
8,593,Agent,50,50
8,594,Agent,50,50
8,595,Agent,50,50
8,596,Agent,50,50
8,597,Agent,50,50
8,598,Agent,50,50
8,599,Agent,50,50
8,600,Agent,50,50
8,601,Agent,50,50
8,602,Agent,50,50
8,603,Agent,50,50
8,604,Agent,50,50
8,605,Agent,50,50
8,606,Agent,50,50
8,607,Agent,50,50
8,608,Agent,50,50
8,609,Agent,50,50
8,610,Agent,50,50
8,611,Agent,50,50
8,612,Agent,50,50
8,613,Agent,50,50
8,614,Agent,50,50
8,615,Agent,50,50
8,616,Agent,50,50
8,617,Agent,50,50
8,618,Agent,50,50
8,619,Agent,50,50
8,620,Agent,50,50
8,621,Agent,50,50
8,622,Agent,50,50
8,623,Agent,50,50
8,624,Agent,50,50
8,625,Agent,50,50
8,626,Agent,41,-10
8,627,Agent,1,1
8,628,Agent,1,1
8,629,Agent,1,1
8,630,Agent,1,1
8,631,Agent,1,1
8,632,Agent,1,1
8,633,Agent,1,1
8,634,Agent,1,1
8,635,Agent,1,1
8,636,Agent,1,1
8,637,Agent,1,1
8,638,Agent,1,1
8,639,Agent,1,1
8,640,Agent,1,1
8,641,Agent,1,1
8,642,Agent,1,1
8,643,Agent,1,1
8,644,Agent,1,1
8,645,Agent,1,1
8,646,Agent,1,1
8,647,Agent,1,1
8,648,Agent,1,1
8,649,Agent,1,1
8,650,Agent,1,1
8,651,Agent,1,1
8,652,Agent,1,1
8,653,Agent,1,1
8,654,Agent,1,1
8,655,Agent,1,1
8,656,Agent,1,1
8,657,Agent,1,1
8,658,Agent,1,1
8,659,Agent,1,1
8,660,Agent,1,1
8,661,Agent,1,1
8,662,Agent,1,1
8,663,Agent,1,1
8,664,Agent,1,1
8,665,Agent,1,1
8,666,Agent,1,1
8,667,Agent,22,-29
8,668,Agent,1,1
8,669,Agent,1,1
8,670,Agent,1,1
8,671,Agent,1,1
8,672,Agent,1,1
8,673,Agent,1,1
8,674,Agent,1,1
8,675,Agent,1,1
8,676,Agent,1,1
8,677,Agent,1,1
8,678,Agent,1,1
8,679,Agent,1,1
8,680,Agent,1,1
8,681,Agent,1,1
8,682,Agent,1,1
8,683,Agent,1,1
8,684,Agent,1,1
8,685,Agent,1,1
8,686,Agent,1,1
8,687,Agent,1,1
8,688,Agent,1,1
8,689,Agent,1,1
8,690,Agent,1,1
8,691,Agent,1,1
8,692,Agent,1,1
8,693,Agent,1,1
8,694,Agent,1,1
8,695,Agent,1,1
8,696,Agent,1,1
8,697,Agent,50,50
8,698,Agent,50,50
8,699,Agent,50,50
8,700,Agent,50,50
8,701,Agent,50,50
8,702,Agent,50,50
8,703,Agent,50,50
8,704,Agent,50,50
8,705,Agent,50,50
8,706,Agent,50,50
8,707,Agent,13,-38
8,708,Agent,1,1
8,709,Agent,1,1
8,710,Agent,1,1
8,711,Agent,1,1
8,712,Agent,1,1
8,713,Agent,1,1
8,714,Agent,1,1
8,715,Agent,1,1
8,716,Agent,1,1
8,717,Agent,1,1
8,718,Agent,1,1
8,719,Agent,1,1
8,720,Agent,1,1
8,721,Agent,1,1
8,722,Agent,1,1
8,723,Agent,1,1
8,724,Agent,1,1
8,725,Agent,1,1
8,726,Agent,1,1
8,727,Agent,1,1
8,728,Agent,1,1
8,729,Agent,1,1
8,730,Agent,1,1
8,731,Agent,1,1
8,732,Agent,1,1
8,733,Agent,1,1
8,734,Agent,1,1
8,735,Agent,3,3
8,736,Agent,50,50
8,737,Agent,50,-1
8,738,Agent,1,1
8,739,Agent,1,1
8,740,Agent,1,1
8,741,Agent,1,1
8,742,Agent,1,1
8,743,Agent,1,1
8,744,Agent,1,1
8,745,Agent,1,1
8,746,Agent,1,1
8,747,Agent,1,1
8,748,Agent,1,1
8,749,Agent,1,1
8,750,Agent,1,1
8,751,Agent,1,1
8,752,Agent,1,1
8,753,Agent,1,1
8,754,Agent,1,1
8,755,Agent,1,1
8,756,Agent,1,1
8,757,Agent,1,1
8,758,Agent,1,1
8,759,Agent,1,1
8,760,Agent,1,1
8,761,Agent,1,1
8,762,Agent,1,1
8,763,Agent,1,1
8,764,Agent,2,2
8,765,Agent,4,4
8,766,Agent,50,50
8,767,Agent,13,-38
8,768,Agent,1,1
8,769,Agent,1,1
8,770,Agent,1,1
8,771,Agent,1,1
8,772,Agent,1,1
8,773,Agent,1,1
8,774,Agent,1,1
8,775,Agent,1,1
8,776,Agent,1,1
8,777,Agent,1,1
8,778,Agent,1,1
8,779,Agent,1,1
8,780,Agent,1,1
8,781,Agent,1,1
8,782,Agent,1,1
8,783,Agent,1,1
8,784,Agent,1,1
8,785,Agent,1,1
8,786,Agent,1,1
8,787,Agent,1,1
8,788,Agent,1,1
8,789,Agent,1,1
8,790,Agent,1,1
8,791,Agent,1,1
8,792,Agent,1,1
8,793,Agent,1,1
8,794,Agent,1,1
8,795,Agent,1,1
8,796,Agent,1,1
8,797,Agent,1,1
8,798,Agent,1,1
8,799,Agent,2,2
8,800,Agent,1,1
8,801,Agent,50,50
8,802,Agent,50,50
8,803,Agent,50,50
8,804,Agent,50,50
8,805,Agent,50,50
8,806,Agent,50,50
8,807,Agent,50,50
8,808,Agent,50,50
8,809,Agent,50,50
8,810,Agent,50,50
8,811,Agent,44,-7
8,812,Agent,1,1
8,813,Agent,1,1
8,814,Agent,1,1
8,815,Agent,1,1
8,816,Agent,1,1
8,817,Agent,1,1
8,818,Agent,1,1
8,819,Agent,1,1
8,820,Agent,1,1
8,821,Agent,1,1
8,822,Agent,1,1
8,823,Agent,1,1
8,824,Agent,1,1
8,825,Agent,1,1
8,826,Agent,1,1
8,827,Agent,1,1
8,828,Agent,1,1
8,829,Agent,1,1
8,830,Agent,1,1
8,831,Agent,1,1
8,832,Agent,1,1
8,833,Agent,1,1
8,834,Agent,1,1
8,835,Agent,1,1
8,836,Agent,1,1
8,837,Agent,1,1
8,838,Agent,1,1
8,839,Agent,1,1
8,840,Agent,1,1
8,841,Agent,1,1
8,842,Agent,1,1
8,843,Agent,1,1
8,844,Agent,1,1
8,845,Agent,1,1
8,846,Agent,1,1
8,847,Agent,2,2
8,848,Agent,2,2
8,849,Agent,50,50
8,850,Agent,50,50
8,851,Agent,50,50
8,852,Agent,50,50
8,853,Agent,50,50
8,854,Agent,50,50
8,855,Agent,50,50
8,856,Agent,50,50
8,857,Agent,34,-17
8,858,Agent,1,1
8,859,Agent,1,1
8,860,Agent,1,1
8,861,Agent,1,1
8,862,Agent,1,1
8,863,Agent,1,1
8,864,Agent,1,1
8,865,Agent,1,1
8,866,Agent,1,1
8,867,Agent,1,1
8,868,Agent,1,1
8,869,Agent,1,1
8,870,Agent,1,1
8,871,Agent,1,1
8,872,Agent,1,1
8,873,Agent,1,1
8,874,Agent,1,1
8,875,Agent,1,1
8,876,Agent,1,1
8,877,Agent,1,1
8,878,Agent,1,1
8,879,Agent,1,1
8,880,Agent,1,1
8,881,Agent,1,1
8,882,Agent,1,1
8,883,Agent,1,1
8,884,Agent,1,1
8,885,Agent,1,1
8,886,Agent,1,1
8,887,Agent,2,2
8,888,Agent,2,2
8,889,Agent,1,1
8,890,Agent,50,50
8,891,Agent,50,50
8,892,Agent,50,50
8,893,Agent,50,50
8,894,Agent,50,50
8,895,Agent,50,50
8,896,Agent,50,50
8,897,Agent,50,50
8,898,Agent,50,50
8,899,Agent,50,50
8,900,Agent,50,50
8,901,Agent,50,50
8,902,Agent,50,50
8,903,Agent,50,50
8,904,Agent,50,50
8,905,Agent,50,50
8,906,Agent,50,50
8,907,Agent,50,50
8,908,Agent,50,50
8,909,Agent,50,50
8,910,Agent,50,50
8,911,Agent,50,50
8,912,Agent,50,50
8,913,Agent,50,50
8,914,Agent,50,50
8,915,Agent,50,50
8,916,Agent,50,50
8,917,Agent,50,50
8,918,Agent,50,50
8,919,Agent,50,50
8,920,Agent,50,50
8,921,Agent,50,50
8,922,Agent,50,50
8,923,Agent,50,50
8,924,Agent,50,50
8,925,Agent,50,50
8,926,Agent,50,50
8,927,Agent,50,50
8,928,Agent,50,50
8,929,Agent,50,50
8,930,Agent,50,50
8,931,Agent,50,50
8,932,Agent,50,50
8,933,Agent,50,50
8,934,Agent,50,50
8,935,Agent,50,50
8,936,Agent,50,50
8,937,Agent,50,50
8,938,Agent,50,50
8,939,Agent,50,50
8,940,Agent,50,50
8,941,Agent,50,50
8,942,Agent,50,50
8,943,Agent,50,50
8,944,Agent,50,50
8,945,Agent,50,50
8,946,Agent,50,50
8,947,Agent,50,50
8,948,Agent,50,50
8,949,Agent,50,50
8,950,Agent,50,50
8,951,Agent,50,50
8,952,Agent,50,50
8,953,Agent,50,50
8,954,Agent,50,50
8,955,Agent,11,-40
8,956,Agent,1,1
8,957,Agent,1,1
8,958,Agent,1,1
8,959,Agent,1,1
8,960,Agent,1,1
8,961,Agent,1,1
8,962,Agent,1,1
8,963,Agent,1,1
8,964,Agent,1,1
8,965,Agent,1,1
8,966,Agent,1,1
8,967,Agent,1,1
8,968,Agent,1,1
8,969,Agent,1,1
8,970,Agent,1,1
8,971,Agent,1,1
8,972,Agent,1,1
8,973,Agent,1,1
8,974,Agent,1,1
8,975,Agent,1,1
8,976,Agent,1,1
8,977,Agent,1,1
8,978,Agent,1,1
8,979,Agent,1,1
8,980,Agent,1,1
8,981,Agent,1,1
8,982,Agent,1,1
8,983,Agent,2,2
8,984,Agent,1,1
8,985,Agent,3,3
8,986,Agent,50,50
8,987,Agent,50,50
8,988,Agent,50,50
8,989,Agent,50,50
8,990,Agent,50,50
8,991,Agent,50,50
8,992,Agent,50,50
8,993,Agent,50,50
8,994,Agent,48,-3
8,995,Agent,1,1
8,996,Agent,1,1
8,997,Agent,1,1
8,998,Agent,1,1
8,999,Agent,1,1
8,1000,Agent,1,1
9,1,Agent,1,1
9,2,Agent,2,2
9,3,Agent,2,2
9,4,Agent,50,50
9,5,Agent,50,50
9,6,Agent,36,-15
9,7,Agent,1,1
9,8,Agent,1,1
9,9,Agent,1,1
9,10,Agent,1,1
9,11,Agent,1,1
9,12,Agent,1,1
9,13,Agent,1,1
9,14,Agent,1,1
9,15,Agent,1,1
9,16,Agent,1,1
9,17,Agent,1,1
9,18,Agent,1,1
9,19,Agent,1,1
9,20,Agent,1,1
9,21,Agent,1,1
9,22,Agent,1,1
9,23,Agent,1,1
9,24,Agent,1,1
9,25,Agent,1,1
9,26,Agent,1,1
9,27,Agent,1,1
9,28,Agent,1,1
9,29,Agent,1,1
9,30,Agent,1,1
9,31,Agent,1,1
9,32,Agent,1,1
9,33,Agent,3,3
9,34,Agent,2,2
9,35,Agent,2,2
9,36,Agent,2,2
9,37,Agent,50,50
9,38,Agent,50,50
9,39,Agent,50,50
9,40,Agent,50,50
9,41,Agent,50,50
9,42,Agent,50,50
9,43,Agent,50,50
9,44,Agent,50,50
9,45,Agent,50,50
9,46,Agent,50,50
9,47,Agent,50,50
9,48,Agent,50,50
9,49,Agent,37,-14
9,50,Agent,1,1
9,51,Agent,1,1
9,52,Agent,1,1
9,53,Agent,1,1
9,54,Agent,1,1
9,55,Agent,1,1
9,56,Agent,1,1
9,57,Agent,1,1
9,58,Agent,1,1
9,59,Agent,1,1
9,60,Agent,1,1
9,61,Agent,1,1
9,62,Agent,1,1
9,63,Agent,1,1
9,64,Agent,1,1
9,65,Agent,1,1
9,66,Agent,1,1
9,67,Agent,1,1
9,68,Agent,1,1
9,69,Agent,1,1
9,70,Agent,1,1
9,71,Agent,1,1
9,72,Agent,1,1
9,73,Agent,1,1
9,74,Agent,1,1
9,75,Agent,2,2
9,76,Agent,1,1
9,77,Agent,1,1
9,78,Agent,1,1
9,79,Agent,2,2
9,80,Agent,1,1
9,81,Agent,1,1
9,82,Agent,1,1
9,83,Agent,7,7
9,84,Agent,50,50
9,85,Agent,50,50
9,86,Agent,50,50
9,87,Agent,50,50
9,88,Agent,50,50
9,89,Agent,50,50
9,90,Agent,50,50
9,91,Agent,50,50
9,92,Agent,50,50
9,93,Agent,50,50
9,94,Agent,50,50
9,95,Agent,50,50
9,96,Agent,50,50
9,97,Agent,50,50
9,98,Agent,40,-11
9,99,Agent,1,1
9,100,Agent,1,1
9,101,Agent,1,1
9,102,Agent,1,1
9,103,Agent,1,1
9,104,Agent,1,1
9,105,Agent,1,1
9,106,Agent,1,1
9,107,Agent,1,1
9,108,Agent,1,1
9,109,Agent,1,1
9,110,Agent,1,1
9,111,Agent,1,1
9,112,Agent,1,1
9,113,Agent,1,1
9,114,Agent,1,1
9,115,Agent,1,1
9,116,Agent,1,1
9,117,Agent,1,1
9,118,Agent,1,1
9,119,Agent,1,1
9,120,Agent,1,1
9,121,Agent,2,2
9,122,Agent,2,2
9,123,Agent,2,2
9,124,Agent,50,50
9,125,Agent,50,50
9,126,Agent,50,50
9,127,Agent,50,50
9,128,Agent,50,50
9,129,Agent,50,50
9,130,Agent,50,50
9,131,Agent,50,50
9,132,Agent,50,50
9,133,Agent,50,50
9,134,Agent,50,50
9,135,Agent,50,50
9,136,Agent,50,50
9,137,Agent,50,50
9,138,Agent,50,50
9,139,Agent,50,50
9,140,Agent,50,50
9,141,Agent,50,50
9,142,Agent,50,50
9,143,Agent,50,50
9,144,Agent,50,50
9,145,Agent,50,50
9,146,Agent,50,50
9,147,Agent,50,50
9,148,Agent,50,50
9,149,Agent,50,50
9,150,Agent,50,50
9,151,Agent,50,50
9,152,Agent,50,50
9,153,Agent,50,50
9,154,Agent,50,50
9,155,Agent,50,50
9,156,Agent,50,50
9,157,Agent,50,50
9,158,Agent,50,50
9,159,Agent,50,50
9,160,Agent,50,50
9,161,Agent,50,50
9,162,Agent,50,50
9,163,Agent,50,50
9,164,Agent,50,50
9,165,Agent,50,50
9,166,Agent,50,50
9,167,Agent,50,50
9,168,Agent,50,50
9,169,Agent,50,50
9,170,Agent,50,50
9,171,Agent,50,50
9,172,Agent,50,50
9,173,Agent,50,50
9,174,Agent,50,50
9,175,Agent,50,50
9,176,Agent,50,50
9,177,Agent,50,50
9,178,Agent,50,50
9,179,Agent,50,50
9,180,Agent,50,50
9,181,Agent,50,50
9,182,Agent,50,50
9,183,Agent,50,50
9,184,Agent,50,50
9,185,Agent,50,50
9,186,Agent,50,50
9,187,Agent,50,50
9,188,Agent,50,50
9,189,Agent,50,50
9,190,Agent,50,50
9,191,Agent,50,50
9,192,Agent,50,50
9,193,Agent,50,50
9,194,Agent,50,50
9,195,Agent,50,50
9,196,Agent,50,50
9,197,Agent,7,-44
9,198,Agent,1,1
9,199,Agent,1,1
9,200,Agent,1,1
9,201,Agent,1,1
9,202,Agent,1,1
9,203,Agent,1,1
9,204,Agent,1,1
9,205,Agent,1,1
9,206,Agent,1,1
9,207,Agent,1,1
9,208,Agent,1,1
9,209,Agent,1,1
9,210,Agent,1,1
9,211,Agent,1,1
9,212,Agent,1,1
9,213,Agent,1,1
9,214,Agent,1,1
9,215,Agent,1,1
9,216,Agent,1,1
9,217,Agent,1,1
9,218,Agent,1,1
9,219,Agent,1,1
9,220,Agent,1,1
9,221,Agent,1,1
9,222,Agent,1,1
9,223,Agent,1,1
9,224,Agent,1,1
9,225,Agent,2,2
9,226,Agent,3,3
9,227,Agent,50,50
9,228,Agent,50,50
9,229,Agent,50,50
9,230,Agent,50,50
9,231,Agent,50,50
9,232,Agent,50,50
9,233,Agent,50,50
9,234,Agent,50,50
9,235,Agent,50,50
9,236,Agent,50,50
9,237,Agent,50,50
9,238,Agent,50,50
9,239,Agent,50,50
9,240,Agent,10,-41
9,241,Agent,1,1
9,242,Agent,1,1
9,243,Agent,1,1
9,244,Agent,1,1
9,245,Agent,1,1
9,246,Agent,1,1
9,247,Agent,1,1
9,248,Agent,1,1
9,249,Agent,1,1
9,250,Agent,1,1
9,251,Agent,1,1
9,252,Agent,1,1
9,253,Agent,1,1
9,254,Agent,1,1
9,255,Agent,1,1
9,256,Agent,1,1
9,257,Agent,1,1
9,258,Agent,1,1
9,259,Agent,1,1
9,260,Agent,1,1
9,261,Agent,1,1
9,262,Agent,1,1
9,263,Agent,1,1
9,264,Agent,1,1
9,265,Agent,3,3
9,266,Agent,1,1
9,267,Agent,2,2
9,268,Agent,3,3
9,269,Agent,50,50
9,270,Agent,50,50
9,271,Agent,50,50
9,272,Agent,50,50
9,273,Agent,50,50
9,274,Agent,50,50
9,275,Agent,50,50
9,276,Agent,50,50
9,277,Agent,50,50
9,278,Agent,50,50
9,279,Agent,50,50
9,280,Agent,50,50
9,281,Agent,50,50
9,282,Agent,50,50
9,283,Agent,50,50
9,284,Agent,50,50
9,285,Agent,50,50
9,286,Agent,50,50
9,287,Agent,50,50
9,288,Agent,50,50
9,289,Agent,50,50
9,290,Agent,50,50
9,291,Agent,50,50
9,292,Agent,50,50
9,293,Agent,50,50
9,294,Agent,50,50
9,295,Agent,50,50
9,296,Agent,50,50
9,297,Agent,50,50
9,298,Agent,50,50
9,299,Agent,50,50
9,300,Agent,50,50
9,301,Agent,50,50
9,302,Agent,50,50
9,303,Agent,50,50
9,304,Agent,50,50
9,305,Agent,50,50
9,306,Agent,50,50
9,307,Agent,50,-1
9,308,Agent,1,1
9,309,Agent,1,1
9,310,Agent,1,1
9,311,Agent,1,1
9,312,Agent,1,1
9,313,Agent,1,1
9,314,Agent,1,1
9,315,Agent,1,1
9,316,Agent,1,1
9,317,Agent,1,1
9,318,Agent,1,1
9,319,Agent,1,1
9,320,Agent,1,1
9,321,Agent,1,1
9,322,Agent,1,1
9,323,Agent,1,1
9,324,Agent,1,1
9,325,Agent,1,1
9,326,Agent,1,1
9,327,Agent,1,1
9,328,Agent,1,1
9,329,Agent,1,1
9,330,Agent,1,1
9,331,Agent,1,1
9,332,Agent,2,2
9,333,Agent,1,1
9,334,Agent,1,1
9,335,Agent,1,1
9,336,Agent,1,1
9,337,Agent,2,2
9,338,Agent,2,2
9,339,Agent,1,1
9,340,Agent,50,50
9,341,Agent,50,50
9,342,Agent,50,50
9,343,Agent,50,50
9,344,Agent,50,50
9,345,Agent,50,50
9,346,Agent,50,50
9,347,Agent,50,50
9,348,Agent,50,50
9,349,Agent,50,50
9,350,Agent,50,50
9,351,Agent,50,50
9,352,Agent,10,-41
9,353,Agent,1,1
9,354,Agent,1,1
9,355,Agent,1,1
9,356,Agent,1,1
9,357,Agent,1,1
9,358,Agent,1,1
9,359,Agent,1,1
9,360,Agent,1,1
9,361,Agent,1,1
9,362,Agent,1,1
9,363,Agent,1,1
9,364,Agent,1,1
9,365,Agent,1,1
9,366,Agent,1,1
9,367,Agent,1,1
9,368,Agent,1,1
9,369,Agent,1,1
9,370,Agent,1,1
9,371,Agent,1,1
9,372,Agent,1,1
9,373,Agent,1,1
9,374,Agent,1,1
9,375,Agent,1,1
9,376,Agent,1,1
9,377,Agent,1,1
9,378,Agent,1,1
9,379,Agent,1,1
9,380,Agent,1,1
9,381,Agent,1,1
9,382,Agent,1,1
9,383,Agent,1,1
9,384,Agent,1,1
9,385,Agent,10,10
9,386,Agent,50,50
9,387,Agent,50,50
9,388,Agent,50,50
9,389,Agent,50,50
9,390,Agent,50,50
9,391,Agent,50,50
9,392,Agent,50,50
9,393,Agent,50,50
9,394,Agent,50,50
9,395,Agent,50,50
9,396,Agent,50,50
9,397,Agent,50,50
9,398,Agent,50,50
9,399,Agent,50,50
9,400,Agent,50,50
9,401,Agent,50,50
9,402,Agent,50,50
9,403,Agent,50,50
9,404,Agent,50,50
9,405,Agent,50,50
9,406,Agent,50,50
9,407,Agent,50,50
9,408,Agent,50,50
9,409,Agent,50,50
9,410,Agent,50,50
9,411,Agent,50,50
9,412,Agent,50,50
9,413,Agent,50,50
9,414,Agent,50,50
9,415,Agent,50,50
9,416,Agent,50,50
9,417,Agent,50,50
9,418,Agent,50,50
9,419,Agent,50,50
9,420,Agent,50,50
9,421,Agent,50,50
9,422,Agent,50,50
9,423,Agent,50,50
9,424,Agent,50,50
9,425,Agent,50,50
9,426,Agent,50,50
9,427,Agent,50,50
9,428,Agent,50,50
9,429,Agent,50,50
9,430,Agent,50,50
9,431,Agent,50,50
9,432,Agent,50,50
9,433,Agent,50,50
9,434,Agent,7,-44
9,435,Agent,1,1
9,436,Agent,1,1
9,437,Agent,1,1
9,438,Agent,1,1
9,439,Agent,1,1
9,440,Agent,1,1
9,441,Agent,1,1
9,442,Agent,1,1
9,443,Agent,1,1
9,444,Agent,1,1
9,445,Agent,1,1
9,446,Agent,1,1
9,447,Agent,1,1
9,448,Agent,1,1
9,449,Agent,1,1
9,450,Agent,1,1
9,451,Agent,1,1
9,452,Agent,1,1
9,453,Agent,1,1
9,454,Agent,1,1
9,455,Agent,1,1
9,456,Agent,1,1
9,457,Agent,1,1
9,458,Agent,1,1
9,459,Agent,1,1
9,460,Agent,1,1
9,461,Agent,1,1
9,462,Agent,1,1
9,463,Agent,1,1
9,464,Agent,50,50
9,465,Agent,50,50
9,466,Agent,50,50
9,467,Agent,50,50
9,468,Agent,50,50
9,469,Agent,50,50
9,470,Agent,50,50
9,471,Agent,50,50
9,472,Agent,50,50
9,473,Agent,50,50
9,474,Agent,50,50
9,475,Agent,50,50
9,476,Agent,50,50
9,477,Agent,50,50
9,478,Agent,50,50
9,479,Agent,50,50
9,480,Agent,50,50
9,481,Agent,6,-45
9,482,Agent,1,1
9,483,Agent,1,1
9,484,Agent,1,1
9,485,Agent,1,1
9,486,Agent,1,1
9,487,Agent,1,1
9,488,Agent,1,1
9,489,Agent,1,1
9,490,Agent,1,1
9,491,Agent,1,1
9,492,Agent,1,1
9,493,Agent,1,1
9,494,Agent,1,1
9,495,Agent,1,1
9,496,Agent,1,1
9,497,Agent,1,1
9,498,Agent,1,1
9,499,Agent,1,1
9,500,Agent,1,1
9,501,Agent,1,1
9,502,Agent,1,1
9,503,Agent,1,1
9,504,Agent,1,1
9,505,Agent,1,1
9,506,Agent,1,1
9,507,Agent,1,1
9,508,Agent,1,1
9,509,Agent,1,1
9,510,Agent,1,1
9,511,Agent,1,1
9,512,Agent,1,1
9,513,Agent,2,2
9,514,Agent,1,1
9,515,Agent,2,2
9,516,Agent,1,1
9,517,Agent,1,1
9,518,Agent,3,3
9,519,Agent,50,50
9,520,Agent,50,50
9,521,Agent,50,50
9,522,Agent,50,50
9,523,Agent,50,50
9,524,Agent,50,50
9,525,Agent,50,50
9,526,Agent,50,50
9,527,Agent,50,50
9,528,Agent,50,50
9,529,Agent,50,50
9,530,Agent,50,50
9,531,Agent,50,50
9,532,Agent,50,50
9,533,Agent,50,50
9,534,Agent,50,50
9,535,Agent,50,50
9,536,Agent,50,50
9,537,Agent,50,50
9,538,Agent,50,50
9,539,Agent,50,50
9,540,Agent,50,50
9,541,Agent,50,50
9,542,Agent,50,50
9,543,Agent,50,50
9,544,Agent,50,50
9,545,Agent,50,50
9,546,Agent,50,50
9,547,Agent,50,50
9,548,Agent,50,50
9,549,Agent,50,50
9,550,Agent,50,50
9,551,Agent,50,50
9,552,Agent,50,50
9,553,Agent,50,50
9,554,Agent,50,50
9,555,Agent,50,50
9,556,Agent,50,50
9,557,Agent,50,50
9,558,Agent,50,50
9,559,Agent,50,50
9,560,Agent,50,50
9,561,Agent,50,50
9,562,Agent,50,50
9,563,Agent,50,50
9,564,Agent,50,50
9,565,Agent,50,50
9,566,Agent,50,50
9,567,Agent,50,50
9,568,Agent,50,50
9,569,Agent,50,50
9,570,Agent,50,50
9,571,Agent,50,50
9,572,Agent,50,50
9,573,Agent,50,50
9,574,Agent,50,50
9,575,Agent,50,50
9,576,Agent,50,50
9,577,Agent,50,50
9,578,Agent,50,50
9,579,Agent,50,50
9,580,Agent,50,50
9,581,Agent,50,50
9,582,Agent,50,50
9,583,Agent,50,50
9,584,Agent,50,50
9,585,Agent,49,-2
9,586,Agent,1,1
9,587,Agent,1,1
9,588,Agent,1,1
9,589,Agent,1,1
9,590,Agent,1,1
9,591,Agent,1,1
9,592,Agent,1,1
9,593,Agent,1,1
9,594,Agent,1,1
9,595,Agent,1,1
9,596,Agent,1,1
9,597,Agent,1,1
9,598,Agent,1,1
9,599,Agent,1,1
9,600,Agent,1,1
9,601,Agent,1,1
9,602,Agent,1,1
9,603,Agent,1,1
9,604,Agent,1,1
9,605,Agent,1,1
9,606,Agent,1,1
9,607,Agent,1,1
9,608,Agent,1,1
9,609,Agent,1,1
9,610,Agent,1,1
9,611,Agent,1,1
9,612,Agent,1,1
9,613,Agent,1,1
9,614,Agent,1,1
9,615,Agent,1,1
9,616,Agent,4,4
9,617,Agent,50,50
9,618,Agent,50,50
9,619,Agent,50,50
9,620,Agent,50,50
9,621,Agent,50,50
9,622,Agent,50,50
9,623,Agent,50,50
9,624,Agent,50,50
9,625,Agent,50,50
9,626,Agent,50,50
9,627,Agent,50,50
9,628,Agent,50,50
9,629,Agent,50,50
9,630,Agent,50,50
9,631,Agent,50,50
9,632,Agent,50,50
9,633,Agent,50,50
9,634,Agent,50,50
9,635,Agent,50,50
9,636,Agent,50,50
9,637,Agent,50,50
9,638,Agent,50,50
9,639,Agent,50,50
9,640,Agent,50,50
9,641,Agent,50,50
9,642,Agent,50,50
9,643,Agent,50,50
9,644,Agent,50,50
9,645,Agent,50,50
9,646,Agent,50,50
9,647,Agent,50,50
9,648,Agent,50,50
9,649,Agent,50,50
9,650,Agent,50,50
9,651,Agent,50,50
9,652,Agent,50,50
9,653,Agent,50,50
9,654,Agent,50,50
9,655,Agent,50,50
9,656,Agent,50,50
9,657,Agent,50,50
9,658,Agent,50,50
9,659,Agent,10,-41
9,660,Agent,1,1
9,661,Agent,1,1
9,662,Agent,1,1
9,663,Agent,1,1
9,664,Agent,1,1
9,665,Agent,1,1
9,666,Agent,1,1
9,667,Agent,1,1
9,668,Agent,1,1
9,669,Agent,1,1
9,670,Agent,1,1
9,671,Agent,1,1
9,672,Agent,1,1
9,673,Agent,1,1
9,674,Agent,1,1
9,675,Agent,1,1
9,676,Agent,1,1
9,677,Agent,1,1
9,678,Agent,1,1
9,679,Agent,1,1
9,680,Agent,1,1
9,681,Agent,1,1
9,682,Agent,1,1
9,683,Agent,1,1
9,684,Agent,1,1
9,685,Agent,1,1
9,686,Agent,1,1
9,687,Agent,1,1
9,688,Agent,1,1
9,689,Agent,1,1
9,690,Agent,1,1
9,691,Agent,1,1
9,692,Agent,1,1
9,693,Agent,1,1
9,694,Agent,1,1
9,695,Agent,1,1
9,696,Agent,1,1
9,697,Agent,1,1
9,698,Agent,3,3
9,699,Agent,50,50
9,700,Agent,50,50
9,701,Agent,50,50
9,702,Agent,50,50
9,703,Agent,50,50
9,704,Agent,50,50
9,705,Agent,50,50
9,706,Agent,50,50
9,707,Agent,50,50
9,708,Agent,50,50
9,709,Agent,50,50
9,710,Agent,50,50
9,711,Agent,50,50
9,712,Agent,50,50
9,713,Agent,50,50
9,714,Agent,50,50
9,715,Agent,50,50
9,716,Agent,50,50
9,717,Agent,50,50
9,718,Agent,50,50
9,719,Agent,50,50
9,720,Agent,50,50
9,721,Agent,50,50
9,722,Agent,50,50
9,723,Agent,50,50
9,724,Agent,50,50
9,725,Agent,50,50
9,726,Agent,50,50
9,727,Agent,50,50
9,728,Agent,50,50
9,729,Agent,50,50
9,730,Agent,50,50
9,731,Agent,50,50
9,732,Agent,50,50
9,733,Agent,50,50
9,734,Agent,50,50
9,735,Agent,50,50
9,736,Agent,50,50
9,737,Agent,50,50
9,738,Agent,50,50
9,739,Agent,50,50
9,740,Agent,50,50
9,741,Agent,50,50
9,742,Agent,50,50
9,743,Agent,50,50
9,744,Agent,50,50
9,745,Agent,50,50
9,746,Agent,50,50
9,747,Agent,50,50
9,748,Agent,50,50
9,749,Agent,50,50
9,750,Agent,50,50
9,751,Agent,50,50
9,752,Agent,50,50
9,753,Agent,50,50
9,754,Agent,50,50
9,755,Agent,50,50
9,756,Agent,50,50
9,757,Agent,50,50
9,758,Agent,50,50
9,759,Agent,50,50
9,760,Agent,50,50
9,761,Agent,50,50
9,762,Agent,50,50
9,763,Agent,50,50
9,764,Agent,50,50
9,765,Agent,50,50
9,766,Agent,50,50
9,767,Agent,50,50
9,768,Agent,50,50
9,769,Agent,50,50
9,770,Agent,50,50
9,771,Agent,50,50
9,772,Agent,50,50
9,773,Agent,50,50
9,774,Agent,50,50
9,775,Agent,50,50
9,776,Agent,50,50
9,777,Agent,50,50
9,778,Agent,50,50
9,779,Agent,50,50
9,780,Agent,50,50
9,781,Agent,50,50
9,782,Agent,50,50
9,783,Agent,50,50
9,784,Agent,50,50
9,785,Agent,50,50
9,786,Agent,50,50
9,787,Agent,50,50
9,788,Agent,50,50
9,789,Agent,50,50
9,790,Agent,50,50
9,791,Agent,50,50
9,792,Agent,50,50
9,793,Agent,50,50
9,794,Agent,50,50
9,795,Agent,50,50
9,796,Agent,50,50
9,797,Agent,50,50
9,798,Agent,50,50
9,799,Agent,50,50
9,800,Agent,50,50
9,801,Agent,50,50
9,802,Agent,50,50
9,803,Agent,50,50
9,804,Agent,50,50
9,805,Agent,50,50
9,806,Agent,50,50
9,807,Agent,50,50
9,808,Agent,50,50
9,809,Agent,50,50
9,810,Agent,50,50
9,811,Agent,50,50
9,812,Agent,50,50
9,813,Agent,50,50
9,814,Agent,50,50
9,815,Agent,50,50
9,816,Agent,50,50
9,817,Agent,50,50
9,818,Agent,50,50
9,819,Agent,50,50
9,820,Agent,50,50
9,821,Agent,50,50
9,822,Agent,50,50
9,823,Agent,50,50
9,824,Agent,50,50
9,825,Agent,50,50
9,826,Agent,50,50
9,827,Agent,50,50
9,828,Agent,50,50
9,829,Agent,50,50
9,830,Agent,50,50
9,831,Agent,50,50
9,832,Agent,50,50
9,833,Agent,50,50
9,834,Agent,50,50
9,835,Agent,50,50
9,836,Agent,50,50
9,837,Agent,50,50
9,838,Agent,50,50
9,839,Agent,50,50
9,840,Agent,50,50
9,841,Agent,50,50
9,842,Agent,50,50
9,843,Agent,50,50
9,844,Agent,50,50
9,845,Agent,50,50
9,846,Agent,50,50
9,847,Agent,50,50
9,848,Agent,8,8
9,849,Agent,50,50
9,850,Agent,50,50
9,851,Agent,50,50
9,852,Agent,50,50
9,853,Agent,50,50
9,854,Agent,50,50
9,855,Agent,50,50
9,856,Agent,50,50
9,857,Agent,50,50
9,858,Agent,50,50
9,859,Agent,50,50
9,860,Agent,50,50
9,861,Agent,50,50
9,862,Agent,50,50
9,863,Agent,50,50
9,864,Agent,50,50
9,865,Agent,50,50
9,866,Agent,50,50
9,867,Agent,50,50
9,868,Agent,50,50
9,869,Agent,50,50
9,870,Agent,50,50
9,871,Agent,50,50
9,872,Agent,50,50
9,873,Agent,50,50
9,874,Agent,50,50
9,875,Agent,50,50
9,876,Agent,50,50
9,877,Agent,50,50
9,878,Agent,50,50
9,879,Agent,50,50
9,880,Agent,50,50
9,881,Agent,50,50
9,882,Agent,50,50
9,883,Agent,50,50
9,884,Agent,50,50
9,885,Agent,50,50
9,886,Agent,50,50
9,887,Agent,50,50
9,888,Agent,50,50
9,889,Agent,50,50
9,890,Agent,50,50
9,891,Agent,50,50
9,892,Agent,50,50
9,893,Agent,50,50
9,894,Agent,50,50
9,895,Agent,50,50
9,896,Agent,50,50
9,897,Agent,50,50
9,898,Agent,50,50
9,899,Agent,50,50
9,900,Agent,50,50
9,901,Agent,50,50
9,902,Agent,50,50
9,903,Agent,50,50
9,904,Agent,50,50
9,905,Agent,50,50
9,906,Agent,50,50
9,907,Agent,50,50
9,908,Agent,50,50
9,909,Agent,50,50
9,910,Agent,50,50
9,911,Agent,50,50
9,912,Agent,50,50
9,913,Agent,50,50
9,914,Agent,50,50
9,915,Agent,50,50
9,916,Agent,28,-23
9,917,Agent,1,1
9,918,Agent,1,1
9,919,Agent,1,1
9,920,Agent,1,1
9,921,Agent,1,1
9,922,Agent,1,1
9,923,Agent,1,1
9,924,Agent,1,1
9,925,Agent,1,1
9,926,Agent,1,1
9,927,Agent,1,1
9,928,Agent,1,1
9,929,Agent,1,1
9,930,Agent,1,1
9,931,Agent,1,1
9,932,Agent,1,1
9,933,Agent,1,1
9,934,Agent,1,1
9,935,Agent,1,1
9,936,Agent,1,1
9,937,Agent,1,1
9,938,Agent,1,1
9,939,Agent,1,1
9,940,Agent,2,2
9,941,Agent,1,1
9,942,Agent,1,1
9,943,Agent,1,1
9,944,Agent,1,1
9,945,Agent,1,1
9,946,Agent,2,2
9,947,Agent,1,1
9,948,Agent,1,1
9,949,Agent,1,1
9,950,Agent,50,50
9,951,Agent,50,50
9,952,Agent,50,50
9,953,Agent,50,50
9,954,Agent,47,-4
9,955,Agent,1,1
9,956,Agent,1,1
9,957,Agent,1,1
9,958,Agent,1,1
9,959,Agent,1,1
9,960,Agent,1,1
9,961,Agent,1,1
9,962,Agent,1,1
9,963,Agent,1,1
9,964,Agent,1,1
9,965,Agent,1,1
9,966,Agent,1,1
9,967,Agent,1,1
9,968,Agent,1,1
9,969,Agent,1,1
9,970,Agent,1,1
9,971,Agent,1,1
9,972,Agent,1,1
9,973,Agent,1,1
9,974,Agent,1,1
9,975,Agent,1,1
9,976,Agent,1,1
9,977,Agent,1,1
9,978,Agent,1,1
9,979,Agent,1,1
9,980,Agent,1,1
9,981,Agent,1,1
9,982,Agent,2,2
9,983,Agent,3,3
9,984,Agent,1,1
9,985,Agent,50,50
9,986,Agent,50,50
9,987,Agent,50,50
9,988,Agent,50,50
9,989,Agent,50,50
9,990,Agent,50,50
9,991,Agent,50,50
9,992,Agent,50,50
9,993,Agent,50,50
9,994,Agent,50,50
9,995,Agent,50,50
9,996,Agent,50,50
9,997,Agent,50,50
9,998,Agent,50,50
9,999,Agent,50,50
9,1000,Agent,50,50
10,1,Agent,1,1
10,2,Agent,1,1
10,3,Agent,3,3
10,4,Agent,50,50
10,5,Agent,50,50
10,6,Agent,50,50
10,7,Agent,50,50
10,8,Agent,7,-44
10,9,Agent,1,1
10,10,Agent,1,1
10,11,Agent,1,1
10,12,Agent,1,1
10,13,Agent,1,1
10,14,Agent,1,1
10,15,Agent,1,1
10,16,Agent,1,1
10,17,Agent,1,1
10,18,Agent,1,1
10,19,Agent,1,1
10,20,Agent,1,1
10,21,Agent,1,1
10,22,Agent,1,1
10,23,Agent,1,1
10,24,Agent,1,1
10,25,Agent,1,1
10,26,Agent,1,1
10,27,Agent,1,1
10,28,Agent,1,1
10,29,Agent,1,1
10,30,Agent,1,1
10,31,Agent,1,1
10,32,Agent,1,1
10,33,Agent,1,1
10,34,Agent,1,1
10,35,Agent,1,1
10,36,Agent,1,1
10,37,Agent,1,1
10,38,Agent,1,1
10,39,Agent,1,1
10,40,Agent,1,1
10,41,Agent,1,1
10,42,Agent,1,1
10,43,Agent,1,1
10,44,Agent,50,50
10,45,Agent,50,50
10,46,Agent,50,50
10,47,Agent,50,50
10,48,Agent,50,-1
10,49,Agent,1,1
10,50,Agent,1,1
10,51,Agent,1,1
10,52,Agent,1,1
10,53,Agent,1,1
10,54,Agent,1,1
10,55,Agent,1,1
10,56,Agent,1,1
10,57,Agent,1,1
10,58,Agent,1,1
10,59,Agent,1,1
10,60,Agent,1,1
10,61,Agent,1,1
10,62,Agent,1,1
10,63,Agent,1,1
10,64,Agent,1,1
10,65,Agent,1,1
10,66,Agent,1,1
10,67,Agent,1,1
10,68,Agent,1,1
10,69,Agent,1,1
10,70,Agent,1,1
10,71,Agent,1,1
10,72,Agent,1,1
10,73,Agent,1,1
10,74,Agent,1,1
10,75,Agent,1,1
10,76,Agent,1,1
10,77,Agent,1,1
10,78,Agent,1,1
10,79,Agent,2,2
10,80,Agent,50,50
10,81,Agent,8,-43
10,82,Agent,1,1
10,83,Agent,1,1
10,84,Agent,1,1
10,85,Agent,1,1
10,86,Agent,1,1
10,87,Agent,1,1
10,88,Agent,1,1
10,89,Agent,1,1
10,90,Agent,1,1
10,91,Agent,1,1
10,92,Agent,1,1
10,93,Agent,1,1
10,94,Agent,1,1
10,95,Agent,1,1
10,96,Agent,1,1
10,97,Agent,1,1
10,98,Agent,1,1
10,99,Agent,1,1
10,100,Agent,1,1
10,101,Agent,1,1
10,102,Agent,1,1
10,103,Agent,1,1
10,104,Agent,1,1
10,105,Agent,1,1
10,106,Agent,1,1
10,107,Agent,1,1
10,108,Agent,2,2
10,109,Agent,1,1
10,110,Agent,5,5
10,111,Agent,50,50
10,112,Agent,50,50
10,113,Agent,50,50
10,114,Agent,50,50
10,115,Agent,50,50
10,116,Agent,50,50
10,117,Agent,50,50
10,118,Agent,50,50
10,119,Agent,50,50
10,120,Agent,50,50
10,121,Agent,50,50
10,122,Agent,50,50
10,123,Agent,50,50
10,124,Agent,50,50
10,125,Agent,34,-17
10,126,Agent,1,1
10,127,Agent,1,1
10,128,Agent,1,1
10,129,Agent,1,1
10,130,Agent,1,1
10,131,Agent,1,1
10,132,Agent,1,1
10,133,Agent,1,1
10,134,Agent,1,1
10,135,Agent,1,1
10,136,Agent,1,1
10,137,Agent,1,1
10,138,Agent,1,1
10,139,Agent,1,1
10,140,Agent,1,1
10,141,Agent,1,1
10,142,Agent,1,1
10,143,Agent,1,1
10,144,Agent,1,1
10,145,Agent,1,1
10,146,Agent,1,1
10,147,Agent,1,1
10,148,Agent,1,1
10,149,Agent,1,1
10,150,Agent,1,1
10,151,Agent,1,1
10,152,Agent,1,1
10,153,Agent,5,5
10,154,Agent,50,50
10,155,Agent,50,50
10,156,Agent,50,50
10,157,Agent,50,50
10,158,Agent,50,50
10,159,Agent,50,50
10,160,Agent,50,50
10,161,Agent,50,50
10,162,Agent,50,50
10,163,Agent,50,50
10,164,Agent,50,50
10,165,Agent,50,50
10,166,Agent,50,50
10,167,Agent,50,50
10,168,Agent,50,50
10,169,Agent,50,50
10,170,Agent,50,50
10,171,Agent,50,50
10,172,Agent,25,-26
10,173,Agent,1,1
10,174,Agent,1,1
10,175,Agent,1,1
10,176,Agent,1,1
10,177,Agent,1,1
10,178,Agent,1,1
10,179,Agent,1,1
10,180,Agent,1,1
10,181,Agent,1,1
10,182,Agent,1,1
10,183,Agent,1,1
10,184,Agent,1,1
10,185,Agent,1,1
10,186,Agent,1,1
10,187,Agent,1,1
10,188,Agent,1,1
10,189,Agent,1,1
10,190,Agent,1,1
10,191,Agent,1,1
10,192,Agent,1,1
10,193,Agent,1,1
10,194,Agent,1,1
10,195,Agent,1,1
10,196,Agent,2,2
10,197,Agent,1,1
10,198,Agent,1,1
10,199,Agent,1,1
10,200,Agent,1,1
10,201,Agent,50,50
10,202,Agent,50,50
10,203,Agent,50,50
10,204,Agent,50,50
10,205,Agent,50,50
10,206,Agent,50,50
10,207,Agent,50,50
10,208,Agent,2,-49
10,209,Agent,1,1
10,210,Agent,1,1
10,211,Agent,1,1
10,212,Agent,1,1
10,213,Agent,1,1
10,214,Agent,1,1
10,215,Agent,1,1
10,216,Agent,1,1
10,217,Agent,1,1
10,218,Agent,1,1
10,219,Agent,1,1
10,220,Agent,1,1
10,221,Agent,1,1
10,222,Agent,1,1
10,223,Agent,1,1
10,224,Agent,1,1
10,225,Agent,1,1
10,226,Agent,1,1
10,227,Agent,1,1
10,228,Agent,1,1
10,229,Agent,1,1
10,230,Agent,1,1
10,231,Agent,1,1
10,232,Agent,1,1
10,233,Agent,1,1
10,234,Agent,1,1
10,235,Agent,1,1
10,236,Agent,1,1
10,237,Agent,1,1
10,238,Agent,1,1
10,239,Agent,1,1
10,240,Agent,1,1
10,241,Agent,1,1
10,242,Agent,1,1
10,243,Agent,1,1
10,244,Agent,1,1
10,245,Agent,2,2
10,246,Agent,1,1
10,247,Agent,5,5
10,248,Agent,50,50
10,249,Agent,50,50
10,250,Agent,50,50
10,251,Agent,50,50
10,252,Agent,50,50
10,253,Agent,50,50
10,254,Agent,50,50
10,255,Agent,50,50
10,256,Agent,50,50
10,257,Agent,50,50
10,258,Agent,50,50
10,259,Agent,50,50
10,260,Agent,50,50
10,261,Agent,50,50
10,262,Agent,50,50
10,263,Agent,50,50
10,264,Agent,50,50
10,265,Agent,50,50
10,266,Agent,50,50
10,267,Agent,50,50
10,268,Agent,50,50
10,269,Agent,50,50
10,270,Agent,50,50
10,271,Agent,50,50
10,272,Agent,50,50
10,273,Agent,50,50
10,274,Agent,50,50
10,275,Agent,50,50
10,276,Agent,50,50
10,277,Agent,50,50
10,278,Agent,50,50
10,279,Agent,50,50
10,280,Agent,50,50
10,281,Agent,50,50
10,282,Agent,50,50
10,283,Agent,50,50
10,284,Agent,50,50
10,285,Agent,50,50
10,286,Agent,50,50
10,287,Agent,50,50
10,288,Agent,50,50
10,289,Agent,50,50
10,290,Agent,50,50
10,291,Agent,50,50
10,292,Agent,50,50
10,293,Agent,50,50
10,294,Agent,40,-11
10,295,Agent,1,1
10,296,Agent,1,1
10,297,Agent,1,1
10,298,Agent,1,1
10,299,Agent,1,1
10,300,Agent,1,1
10,301,Agent,1,1
10,302,Agent,1,1
10,303,Agent,1,1
10,304,Agent,1,1
10,305,Agent,1,1
10,306,Agent,1,1
10,307,Agent,1,1
10,308,Agent,1,1
10,309,Agent,1,1
10,310,Agent,1,1
10,311,Agent,1,1
10,312,Agent,1,1
10,313,Agent,1,1
10,314,Agent,1,1
10,315,Agent,2,2
10,316,Agent,1,1
10,317,Agent,1,1
10,318,Agent,1,1
10,319,Agent,1,1
10,320,Agent,1,1
10,321,Agent,1,1
10,322,Agent,1,1
10,323,Agent,1,1
10,324,Agent,1,1
10,325,Agent,1,1
10,326,Agent,50,50
10,327,Agent,50,50
10,328,Agent,50,50
10,329,Agent,50,50
10,330,Agent,50,50
10,331,Agent,50,50
10,332,Agent,50,50
10,333,Agent,50,50
10,334,Agent,50,50
10,335,Agent,50,50
10,336,Agent,50,50
10,337,Agent,50,50
10,338,Agent,50,50
10,339,Agent,50,50
10,340,Agent,50,50
10,341,Agent,50,50
10,342,Agent,50,50
10,343,Agent,50,50
10,344,Agent,50,50
10,345,Agent,50,50
10,346,Agent,5,-46
10,347,Agent,1,1
10,348,Agent,1,1
10,349,Agent,1,1
10,350,Agent,1,1
10,351,Agent,1,1
10,352,Agent,1,1
10,353,Agent,1,1
10,354,Agent,1,1
10,355,Agent,1,1
10,356,Agent,1,1
10,357,Agent,1,1
10,358,Agent,1,1
10,359,Agent,1,1
10,360,Agent,1,1
10,361,Agent,1,1
10,362,Agent,1,1
10,363,Agent,1,1
10,364,Agent,1,1
10,365,Agent,1,1
10,366,Agent,1,1
10,367,Agent,1,1
10,368,Agent,1,1
10,369,Agent,1,1
10,370,Agent,1,1
10,371,Agent,50,50
10,372,Agent,50,50
10,373,Agent,40,-11
10,374,Agent,1,1
10,375,Agent,1,1
10,376,Agent,1,1
10,377,Agent,1,1
10,378,Agent,1,1
10,379,Agent,1,1
10,380,Agent,1,1
10,381,Agent,1,1
10,382,Agent,1,1
10,383,Agent,1,1
10,384,Agent,1,1
10,385,Agent,1,1
10,386,Agent,1,1
10,387,Agent,1,1
10,388,Agent,1,1
10,389,Agent,1,1
10,390,Agent,1,1
10,391,Agent,1,1
10,392,Agent,1,1
10,393,Agent,1,1
10,394,Agent,1,1
10,395,Agent,1,1
10,396,Agent,1,1
10,397,Agent,1,1
10,398,Agent,1,1
10,399,Agent,1,1
10,400,Agent,1,1
10,401,Agent,1,1
10,402,Agent,1,1
10,403,Agent,2,2
10,404,Agent,1,1
10,405,Agent,1,1
10,406,Agent,2,2
10,407,Agent,1,1
10,408,Agent,1,1
10,409,Agent,1,1
10,410,Agent,50,50
10,411,Agent,50,50
10,412,Agent,50,50
10,413,Agent,50,50
10,414,Agent,50,50
10,415,Agent,50,50
10,416,Agent,50,50
10,417,Agent,50,50
10,418,Agent,50,50
10,419,Agent,50,50
10,420,Agent,50,50
10,421,Agent,50,50
10,422,Agent,50,50
10,423,Agent,50,50
10,424,Agent,50,50
10,425,Agent,50,50
10,426,Agent,50,50
10,427,Agent,50,50
10,428,Agent,50,50
10,429,Agent,50,50
10,430,Agent,50,50
10,431,Agent,50,50
10,432,Agent,50,50
10,433,Agent,50,50
10,434,Agent,50,50
10,435,Agent,50,50
10,436,Agent,50,50
10,437,Agent,50,50
10,438,Agent,50,50
10,439,Agent,50,50
10,440,Agent,50,50
10,441,Agent,50,50
10,442,Agent,50,50
10,443,Agent,50,50
10,444,Agent,50,50
10,445,Agent,50,50
10,446,Agent,50,50
10,447,Agent,50,50
10,448,Agent,50,50
10,449,Agent,50,50
10,450,Agent,50,50
10,451,Agent,50,50
10,452,Agent,50,50
10,453,Agent,50,50
10,454,Agent,50,50
10,455,Agent,50,50
10,456,Agent,50,50
10,457,Agent,50,50
10,458,Agent,50,50
10,459,Agent,50,50
10,460,Agent,50,50
10,461,Agent,50,50
10,462,Agent,50,50
10,463,Agent,50,50
10,464,Agent,50,50
10,465,Agent,50,50
10,466,Agent,50,50
10,467,Agent,50,50
10,468,Agent,50,50
10,469,Agent,50,50
10,470,Agent,50,50
10,471,Agent,50,50
10,472,Agent,50,50
10,473,Agent,50,50
10,474,Agent,50,50
10,475,Agent,50,50
10,476,Agent,50,50
10,477,Agent,50,50
10,478,Agent,50,50
10,479,Agent,50,50
10,480,Agent,50,50
10,481,Agent,50,50
10,482,Agent,50,50
10,483,Agent,50,50
10,484,Agent,50,50
10,485,Agent,50,50
10,486,Agent,35,-16
10,487,Agent,1,1
10,488,Agent,1,1
10,489,Agent,1,1
10,490,Agent,1,1
10,491,Agent,1,1
10,492,Agent,1,1
10,493,Agent,1,1
10,494,Agent,1,1
10,495,Agent,1,1
10,496,Agent,1,1
10,497,Agent,1,1
10,498,Agent,1,1
10,499,Agent,1,1
10,500,Agent,1,1
10,501,Agent,1,1
10,502,Agent,1,1
10,503,Agent,1,1
10,504,Agent,1,1
10,505,Agent,1,1
10,506,Agent,1,1
10,507,Agent,1,1
10,508,Agent,1,1
10,509,Agent,1,1
10,510,Agent,1,1
10,511,Agent,2,2
10,512,Agent,1,1
10,513,Agent,1,1
10,514,Agent,50,50
10,515,Agent,50,50
10,516,Agent,50,50
10,517,Agent,50,50
10,518,Agent,50,50
10,519,Agent,50,50
10,520,Agent,50,50
10,521,Agent,50,50
10,522,Agent,50,50
10,523,Agent,45,-6
10,524,Agent,1,1
10,525,Agent,1,1
10,526,Agent,1,1
10,527,Agent,1,1
10,528,Agent,1,1
10,529,Agent,1,1
10,530,Agent,1,1
10,531,Agent,1,1
10,532,Agent,1,1
10,533,Agent,1,1
10,534,Agent,1,1
10,535,Agent,1,1
10,536,Agent,1,1
10,537,Agent,1,1
10,538,Agent,1,1
10,539,Agent,1,1
10,540,Agent,1,1
10,541,Agent,1,1
10,542,Agent,1,1
10,543,Agent,1,1
10,544,Agent,1,1
10,545,Agent,1,1
10,546,Agent,1,1
10,547,Agent,1,1
10,548,Agent,1,1
10,549,Agent,1,1
10,550,Agent,1,1
10,551,Agent,1,1
10,552,Agent,2,2
10,553,Agent,1,1
10,554,Agent,1,1
10,555,Agent,50,50
10,556,Agent,50,50
10,557,Agent,50,50
10,558,Agent,50,50
10,559,Agent,50,50
10,560,Agent,49,-2
10,561,Agent,1,1
10,562,Agent,1,1
10,563,Agent,1,1
10,564,Agent,1,1
10,565,Agent,1,1
10,566,Agent,1,1
10,567,Agent,1,1
10,568,Agent,1,1
10,569,Agent,1,1
10,570,Agent,1,1
10,571,Agent,1,1
10,572,Agent,1,1
10,573,Agent,1,1
10,574,Agent,1,1
10,575,Agent,1,1
10,576,Agent,1,1
10,577,Agent,1,1
10,578,Agent,1,1
10,579,Agent,1,1
10,580,Agent,1,1
10,581,Agent,1,1
10,582,Agent,1,1
10,583,Agent,1,1
10,584,Agent,1,1
10,585,Agent,1,1
10,586,Agent,1,1
10,587,Agent,1,1
10,588,Agent,1,1
10,589,Agent,1,1
10,590,Agent,1,1
10,591,Agent,1,1
10,592,Agent,1,1
10,593,Agent,1,1
10,594,Agent,1,1
10,595,Agent,1,1
10,596,Agent,2,2
10,597,Agent,3,3
10,598,Agent,50,50
10,599,Agent,21,-30
10,600,Agent,1,1
10,601,Agent,1,1
10,602,Agent,1,1
10,603,Agent,1,1
10,604,Agent,1,1
10,605,Agent,1,1
10,606,Agent,1,1
10,607,Agent,1,1
10,608,Agent,1,1
10,609,Agent,1,1
10,610,Agent,1,1
10,611,Agent,1,1
10,612,Agent,1,1
10,613,Agent,1,1
10,614,Agent,1,1
10,615,Agent,1,1
10,616,Agent,1,1
10,617,Agent,1,1
10,618,Agent,1,1
10,619,Agent,1,1
10,620,Agent,1,1
10,621,Agent,1,1
10,622,Agent,1,1
10,623,Agent,1,1
10,624,Agent,1,1
10,625,Agent,1,1
10,626,Agent,1,1
10,627,Agent,1,1
10,628,Agent,1,1
10,629,Agent,1,1
10,630,Agent,1,1
10,631,Agent,2,2
10,632,Agent,1,1
10,633,Agent,50,50
10,634,Agent,50,50
10,635,Agent,50,50
10,636,Agent,50,50
10,637,Agent,50,50
10,638,Agent,50,50
10,639,Agent,50,50
10,640,Agent,50,50
10,641,Agent,50,50
10,642,Agent,50,50
10,643,Agent,50,50
10,644,Agent,50,50
10,645,Agent,50,50
10,646,Agent,50,50
10,647,Agent,50,50
10,648,Agent,50,50
10,649,Agent,50,50
10,650,Agent,50,50
10,651,Agent,50,50
10,652,Agent,50,50
10,653,Agent,50,50
10,654,Agent,50,50
10,655,Agent,50,50
10,656,Agent,50,50
10,657,Agent,50,50
10,658,Agent,50,50
10,659,Agent,50,50
10,660,Agent,16,-35
10,661,Agent,1,1
10,662,Agent,1,1
10,663,Agent,1,1
10,664,Agent,1,1
10,665,Agent,1,1
10,666,Agent,1,1
10,667,Agent,1,1
10,668,Agent,1,1
10,669,Agent,1,1
10,670,Agent,1,1
10,671,Agent,1,1
10,672,Agent,1,1
10,673,Agent,1,1
10,674,Agent,1,1
10,675,Agent,1,1
10,676,Agent,1,1
10,677,Agent,1,1
10,678,Agent,1,1
10,679,Agent,1,1
10,680,Agent,1,1
10,681,Agent,1,1
10,682,Agent,1,1
10,683,Agent,1,1
10,684,Agent,1,1
10,685,Agent,3,3
10,686,Agent,1,1
10,687,Agent,1,1
10,688,Agent,1,1
10,689,Agent,50,50
10,690,Agent,50,50
10,691,Agent,50,50
10,692,Agent,50,50
10,693,Agent,50,50
10,694,Agent,50,50
10,695,Agent,50,50
10,696,Agent,50,50
10,697,Agent,50,50
10,698,Agent,50,50
10,699,Agent,50,50
10,700,Agent,50,50
10,701,Agent,50,50
10,702,Agent,50,50
10,703,Agent,50,50
10,704,Agent,50,50
10,705,Agent,50,50
10,706,Agent,50,50
10,707,Agent,50,50
10,708,Agent,50,50
10,709,Agent,50,50
10,710,Agent,50,50
10,711,Agent,50,50
10,712,Agent,50,50
10,713,Agent,50,50
10,714,Agent,50,50
10,715,Agent,50,50
10,716,Agent,50,50
10,717,Agent,50,50
10,718,Agent,50,50
10,719,Agent,50,50
10,720,Agent,50,50
10,721,Agent,50,50
10,722,Agent,50,50
10,723,Agent,50,50
10,724,Agent,50,50
10,725,Agent,9,-42
10,726,Agent,1,1
10,727,Agent,1,1
10,728,Agent,1,1
10,729,Agent,1,1
10,730,Agent,1,1
10,731,Agent,1,1
10,732,Agent,1,1
10,733,Agent,1,1
10,734,Agent,1,1
10,735,Agent,1,1
10,736,Agent,1,1
10,737,Agent,1,1
10,738,Agent,1,1
10,739,Agent,1,1
10,740,Agent,1,1
10,741,Agent,1,1
10,742,Agent,1,1
10,743,Agent,1,1
10,744,Agent,1,1
10,745,Agent,1,1
10,746,Agent,1,1
10,747,Agent,1,1
10,748,Agent,1,1
10,749,Agent,1,1
10,750,Agent,1,1
10,751,Agent,3,3
10,752,Agent,1,1
10,753,Agent,2,2
10,754,Agent,1,1
10,755,Agent,50,50
10,756,Agent,49,-2
10,757,Agent,1,1
10,758,Agent,1,1
10,759,Agent,1,1
10,760,Agent,1,1
10,761,Agent,1,1
10,762,Agent,1,1
10,763,Agent,1,1
10,764,Agent,1,1
10,765,Agent,1,1
10,766,Agent,1,1
10,767,Agent,1,1
10,768,Agent,1,1
10,769,Agent,1,1
10,770,Agent,1,1
10,771,Agent,1,1
10,772,Agent,1,1
10,773,Agent,1,1
10,774,Agent,1,1
10,775,Agent,1,1
10,776,Agent,1,1
10,777,Agent,1,1
10,778,Agent,1,1
10,779,Agent,1,1
10,780,Agent,1,1
10,781,Agent,2,2
10,782,Agent,1,1
10,783,Agent,1,1
10,784,Agent,1,1
10,785,Agent,1,1
10,786,Agent,50,50
10,787,Agent,50,50
10,788,Agent,50,50
10,789,Agent,50,50
10,790,Agent,50,50
10,791,Agent,50,50
10,792,Agent,50,50
10,793,Agent,50,50
10,794,Agent,50,50
10,795,Agent,50,50
10,796,Agent,18,-33
10,797,Agent,1,1
10,798,Agent,1,1
10,799,Agent,1,1
10,800,Agent,1,1
10,801,Agent,1,1
10,802,Agent,1,1
10,803,Agent,1,1
10,804,Agent,1,1
10,805,Agent,1,1
10,806,Agent,1,1
10,807,Agent,1,1
10,808,Agent,1,1
10,809,Agent,1,1
10,810,Agent,1,1
10,811,Agent,1,1
10,812,Agent,1,1
10,813,Agent,1,1
10,814,Agent,1,1
10,815,Agent,1,1
10,816,Agent,1,1
10,817,Agent,1,1
10,818,Agent,1,1
10,819,Agent,1,1
10,820,Agent,1,1
10,821,Agent,1,1
10,822,Agent,1,1
10,823,Agent,1,1
10,824,Agent,1,1
10,825,Agent,1,1
10,826,Agent,50,50
10,827,Agent,50,50
10,828,Agent,50,50
10,829,Agent,50,50
10,830,Agent,50,50
10,831,Agent,50,50
10,832,Agent,50,50
10,833,Agent,50,50
10,834,Agent,50,50
10,835,Agent,50,50
10,836,Agent,50,50
10,837,Agent,50,50
10,838,Agent,50,50
10,839,Agent,50,50
10,840,Agent,50,50
10,841,Agent,50,50
10,842,Agent,16,-35
10,843,Agent,1,1
10,844,Agent,1,1
10,845,Agent,1,1
10,846,Agent,1,1
10,847,Agent,1,1
10,848,Agent,1,1
10,849,Agent,1,1
10,850,Agent,1,1
10,851,Agent,1,1
10,852,Agent,1,1
10,853,Agent,1,1
10,854,Agent,1,1
10,855,Agent,1,1
10,856,Agent,1,1
10,857,Agent,1,1
10,858,Agent,1,1
10,859,Agent,1,1
10,860,Agent,1,1
10,861,Agent,1,1
10,862,Agent,1,1
10,863,Agent,1,1
10,864,Agent,1,1
10,865,Agent,1,1
10,866,Agent,1,1
10,867,Agent,1,1
10,868,Agent,1,1
10,869,Agent,1,1
10,870,Agent,1,1
10,871,Agent,1,1
10,872,Agent,1,1
10,873,Agent,1,1
10,874,Agent,1,1
10,875,Agent,50,50
10,876,Agent,50,50
10,877,Agent,4,-47
10,878,Agent,1,1
10,879,Agent,1,1
10,880,Agent,1,1
10,881,Agent,1,1
10,882,Agent,1,1
10,883,Agent,1,1
10,884,Agent,1,1
10,885,Agent,1,1
10,886,Agent,1,1
10,887,Agent,1,1
10,888,Agent,1,1
10,889,Agent,1,1
10,890,Agent,1,1
10,891,Agent,1,1
10,892,Agent,1,1
10,893,Agent,1,1
10,894,Agent,1,1
10,895,Agent,1,1
10,896,Agent,1,1
10,897,Agent,1,1
10,898,Agent,1,1
10,899,Agent,1,1
10,900,Agent,1,1
10,901,Agent,1,1
10,902,Agent,1,1
10,903,Agent,1,1
10,904,Agent,1,1
10,905,Agent,1,1
10,906,Agent,2,2
10,907,Agent,2,2
10,908,Agent,50,50
10,909,Agent,50,50
10,910,Agent,50,50
10,911,Agent,50,50
10,912,Agent,50,50
10,913,Agent,50,50
10,914,Agent,50,50
10,915,Agent,50,50
10,916,Agent,50,50
10,917,Agent,50,50
10,918,Agent,50,50
10,919,Agent,50,50
10,920,Agent,50,50
10,921,Agent,50,50
10,922,Agent,50,50
10,923,Agent,50,50
10,924,Agent,50,50
10,925,Agent,50,50
10,926,Agent,50,50
10,927,Agent,50,50
10,928,Agent,50,50
10,929,Agent,50,50
10,930,Agent,50,50
10,931,Agent,50,50
10,932,Agent,50,50
10,933,Agent,50,50
10,934,Agent,50,50
10,935,Agent,50,50
10,936,Agent,50,50
10,937,Agent,50,50
10,938,Agent,50,50
10,939,Agent,50,50
10,940,Agent,50,50
10,941,Agent,50,50
10,942,Agent,50,50
10,943,Agent,50,50
10,944,Agent,50,50
10,945,Agent,50,50
10,946,Agent,50,50
10,947,Agent,50,50
10,948,Agent,50,50
10,949,Agent,50,50
10,950,Agent,50,50
10,951,Agent,50,50
10,952,Agent,50,50
10,953,Agent,50,50
10,954,Agent,50,50
10,955,Agent,50,50
10,956,Agent,50,50
10,957,Agent,50,50
10,958,Agent,50,50
10,959,Agent,50,50
10,960,Agent,50,50
10,961,Agent,50,50
10,962,Agent,50,50
10,963,Agent,50,50
10,964,Agent,50,50
10,965,Agent,50,50
10,966,Agent,50,50
10,967,Agent,50,50
10,968,Agent,50,50
10,969,Agent,50,50
10,970,Agent,50,50
10,971,Agent,50,50
10,972,Agent,50,50
10,973,Agent,50,50
10,974,Agent,20,-31
10,975,Agent,1,1
10,976,Agent,1,1
10,977,Agent,1,1
10,978,Agent,1,1
10,979,Agent,1,1
10,980,Agent,1,1
10,981,Agent,1,1
10,982,Agent,1,1
10,983,Agent,1,1
10,984,Agent,1,1
10,985,Agent,1,1
10,986,Agent,1,1
10,987,Agent,1,1
10,988,Agent,1,1
10,989,Agent,1,1
10,990,Agent,1,1
10,991,Agent,1,1
10,992,Agent,1,1
10,993,Agent,1,1
10,994,Agent,1,1
10,995,Agent,1,1
10,996,Agent,1,1
10,997,Agent,1,1
10,998,Agent,1,1
10,999,Agent,1,1
10,1000,Agent,1,1
11,1,Agent,1,1
11,2,Agent,2,2
11,3,Agent,1,1
11,4,Agent,50,50
11,5,Agent,50,50
11,6,Agent,50,50
11,7,Agent,7,-44
11,8,Agent,1,1
11,9,Agent,1,1
11,10,Agent,1,1
11,11,Agent,1,1
11,12,Agent,1,1
11,13,Agent,1,1
11,14,Agent,1,1
11,15,Agent,1,1
11,16,Agent,1,1
11,17,Agent,1,1
11,18,Agent,1,1
11,19,Agent,1,1
11,20,Agent,1,1
11,21,Agent,1,1
11,22,Agent,1,1
11,23,Agent,1,1
11,24,Agent,1,1
11,25,Agent,1,1
11,26,Agent,1,1
11,27,Agent,1,1
11,28,Agent,1,1
11,29,Agent,1,1
11,30,Agent,1,1
11,31,Agent,1,1
11,32,Agent,1,1
11,33,Agent,1,1
11,34,Agent,1,1
11,35,Agent,1,1
11,36,Agent,1,1
11,37,Agent,1,1
11,38,Agent,1,1
11,39,Agent,1,1
11,40,Agent,1,1
11,41,Agent,1,1
11,42,Agent,1,1
11,43,Agent,50,50
11,44,Agent,50,50
11,45,Agent,50,50
11,46,Agent,13,-38
11,47,Agent,1,1
11,48,Agent,1,1
11,49,Agent,1,1
11,50,Agent,1,1
11,51,Agent,1,1
11,52,Agent,1,1
11,53,Agent,1,1
11,54,Agent,1,1
11,55,Agent,1,1
11,56,Agent,1,1
11,57,Agent,1,1
11,58,Agent,1,1
11,59,Agent,1,1
11,60,Agent,1,1
11,61,Agent,1,1
11,62,Agent,1,1
11,63,Agent,1,1
11,64,Agent,1,1
11,65,Agent,1,1
11,66,Agent,1,1
11,67,Agent,1,1
11,68,Agent,1,1
11,69,Agent,1,1
11,70,Agent,1,1
11,71,Agent,1,1
11,72,Agent,1,1
11,73,Agent,1,1
11,74,Agent,1,1
11,75,Agent,1,1
11,76,Agent,1,1
11,77,Agent,1,1
11,78,Agent,1,1
11,79,Agent,1,1
11,80,Agent,2,2
11,81,Agent,1,1
11,82,Agent,1,1
11,83,Agent,1,1
11,84,Agent,2,2
11,85,Agent,6,6
11,86,Agent,50,50
11,87,Agent,50,50
11,88,Agent,50,50
11,89,Agent,50,50
11,90,Agent,50,50
11,91,Agent,50,50
11,92,Agent,50,50
11,93,Agent,50,50
11,94,Agent,50,50
11,95,Agent,50,50
11,96,Agent,50,50
11,97,Agent,50,50
11,98,Agent,50,50
11,99,Agent,50,50
11,100,Agent,50,50
11,101,Agent,50,50
11,102,Agent,50,50
11,103,Agent,50,50
11,104,Agent,50,50
11,105,Agent,50,50
11,106,Agent,50,50
11,107,Agent,50,50
11,108,Agent,50,50
11,109,Agent,50,50
11,110,Agent,50,50
11,111,Agent,50,50
11,112,Agent,50,50
11,113,Agent,50,50
11,114,Agent,50,50
11,115,Agent,50,50
11,116,Agent,50,50
11,117,Agent,50,50
11,118,Agent,50,50
11,119,Agent,50,50
11,120,Agent,50,50
11,121,Agent,50,50
11,122,Agent,50,50
11,123,Agent,50,50
11,124,Agent,50,50
11,125,Agent,50,50
11,126,Agent,50,50
11,127,Agent,50,50
11,128,Agent,50,50
11,129,Agent,50,50
11,130,Agent,50,50
11,131,Agent,50,50
11,132,Agent,50,50
11,133,Agent,50,50
11,134,Agent,50,50
11,135,Agent,50,50
11,136,Agent,50,50
11,137,Agent,50,50
11,138,Agent,50,50
11,139,Agent,50,50
11,140,Agent,9,-42
11,141,Agent,1,1
11,142,Agent,1,1
11,143,Agent,1,1
11,144,Agent,1,1
11,145,Agent,1,1
11,146,Agent,1,1
11,147,Agent,1,1
11,148,Agent,1,1
11,149,Agent,1,1
11,150,Agent,1,1
11,151,Agent,1,1
11,152,Agent,1,1
11,153,Agent,1,1
11,154,Agent,1,1
11,155,Agent,1,1
11,156,Agent,1,1
11,157,Agent,1,1
11,158,Agent,1,1
11,159,Agent,1,1
11,160,Agent,1,1
11,161,Agent,1,1
11,162,Agent,1,1
11,163,Agent,1,1
11,164,Agent,1,1
11,165,Agent,1,1
11,166,Agent,1,1
11,167,Agent,1,1
11,168,Agent,1,1
11,169,Agent,1,1
11,170,Agent,1,1
11,171,Agent,1,1
11,172,Agent,50,50
11,173,Agent,50,50
11,174,Agent,50,50
11,175,Agent,50,50
11,176,Agent,50,50
11,177,Agent,50,50
11,178,Agent,50,50
11,179,Agent,50,50
11,180,Agent,50,50
11,181,Agent,50,50
11,182,Agent,50,50
11,183,Agent,50,50
11,184,Agent,50,50
11,185,Agent,50,50
11,186,Agent,50,50
11,187,Agent,50,50
11,188,Agent,50,50
11,189,Agent,50,50
11,190,Agent,50,50
11,191,Agent,50,50
11,192,Agent,50,50
11,193,Agent,50,50
11,194,Agent,50,50
11,195,Agent,50,50
11,196,Agent,50,50
11,197,Agent,50,50
11,198,Agent,50,50
11,199,Agent,50,50
11,200,Agent,50,50
11,201,Agent,50,50
11,202,Agent,50,50
11,203,Agent,50,50
11,204,Agent,50,50
11,205,Agent,50,50
11,206,Agent,50,50
11,207,Agent,50,50
11,208,Agent,50,50
11,209,Agent,50,50
11,210,Agent,50,50
11,211,Agent,50,50
11,212,Agent,50,50
11,213,Agent,50,50
11,214,Agent,50,50
11,215,Agent,50,50
11,216,Agent,50,50
11,217,Agent,50,50
11,218,Agent,50,50
11,219,Agent,50,50
11,220,Agent,50,50
11,221,Agent,50,50
11,222,Agent,50,50
11,223,Agent,50,50
11,224,Agent,50,50
11,225,Agent,50,50
11,226,Agent,50,50
11,227,Agent,50,50
11,228,Agent,50,50
11,229,Agent,50,50
11,230,Agent,50,50
11,231,Agent,50,50
11,232,Agent,50,50
11,233,Agent,50,50
11,234,Agent,50,50
11,235,Agent,50,50
11,236,Agent,50,50
11,237,Agent,50,50
11,238,Agent,50,50
11,239,Agent,50,50
11,240,Agent,50,50
11,241,Agent,50,50
11,242,Agent,50,50
11,243,Agent,50,50
11,244,Agent,50,50
11,245,Agent,50,50
11,246,Agent,50,50
11,247,Agent,50,50
11,248,Agent,50,50
11,249,Agent,50,50
11,250,Agent,50,50
11,251,Agent,50,50
11,252,Agent,50,50
11,253,Agent,50,50
11,254,Agent,50,50
11,255,Agent,50,50
11,256,Agent,50,50
11,257,Agent,50,50
11,258,Agent,50,50
11,259,Agent,50,50
11,260,Agent,50,50
11,261,Agent,4,4
11,262,Agent,50,50
11,263,Agent,50,50
11,264,Agent,50,50
11,265,Agent,50,50
11,266,Agent,50,50
11,267,Agent,50,50
11,268,Agent,50,50
11,269,Agent,50,50
11,270,Agent,50,50
11,271,Agent,50,50
11,272,Agent,50,50
11,273,Agent,50,50
11,274,Agent,50,50
11,275,Agent,50,50
11,276,Agent,50,50
11,277,Agent,50,50
11,278,Agent,50,50
11,279,Agent,50,50
11,280,Agent,50,50
11,281,Agent,50,50
11,282,Agent,50,50
11,283,Agent,50,50
11,284,Agent,50,50
11,285,Agent,50,50
11,286,Agent,50,50
11,287,Agent,50,50
11,288,Agent,10,-41
11,289,Agent,1,1
11,290,Agent,1,1
11,291,Agent,1,1
11,292,Agent,1,1
11,293,Agent,1,1
11,294,Agent,1,1
11,295,Agent,1,1
11,296,Agent,1,1
11,297,Agent,1,1
11,298,Agent,1,1
11,299,Agent,1,1
11,300,Agent,1,1
11,301,Agent,1,1
11,302,Agent,1,1
11,303,Agent,1,1
11,304,Agent,1,1
11,305,Agent,1,1
11,306,Agent,1,1
11,307,Agent,1,1
11,308,Agent,1,1
11,309,Agent,1,1
11,310,Agent,1,1
11,311,Agent,1,1
11,312,Agent,1,1
11,313,Agent,1,1
11,314,Agent,1,1
11,315,Agent,1,1
11,316,Agent,1,1
11,317,Agent,1,1
11,318,Agent,1,1
11,319,Agent,1,1
11,320,Agent,1,1
11,321,Agent,1,1
11,322,Agent,1,1
11,323,Agent,1,1
11,324,Agent,1,1
11,325,Agent,1,1
11,326,Agent,3,3
11,327,Agent,50,50
11,328,Agent,50,50
11,329,Agent,50,50
11,330,Agent,50,50
11,331,Agent,50,50
11,332,Agent,50,50
11,333,Agent,50,50
11,334,Agent,50,50
11,335,Agent,50,50
11,336,Agent,50,50
11,337,Agent,50,50
11,338,Agent,50,50
11,339,Agent,50,50
11,340,Agent,50,50
11,341,Agent,50,50
11,342,Agent,50,50
11,343,Agent,50,50
11,344,Agent,50,50
11,345,Agent,50,50
11,346,Agent,50,50
11,347,Agent,50,50
11,348,Agent,50,50
11,349,Agent,50,50
11,350,Agent,50,50
11,351,Agent,50,50
11,352,Agent,50,50
11,353,Agent,50,50
11,354,Agent,50,50
11,355,Agent,50,50
11,356,Agent,50,50
11,357,Agent,50,50
11,358,Agent,50,50
11,359,Agent,50,50
11,360,Agent,50,50
11,361,Agent,50,50
11,362,Agent,50,50
11,363,Agent,50,50
11,364,Agent,50,50
11,365,Agent,50,50
11,366,Agent,50,50
11,367,Agent,50,50
11,368,Agent,50,50
11,369,Agent,50,50
11,370,Agent,50,50
11,371,Agent,40,-11
11,372,Agent,1,1
11,373,Agent,1,1
11,374,Agent,1,1
11,375,Agent,1,1
11,376,Agent,1,1
11,377,Agent,1,1
11,378,Agent,1,1
11,379,Agent,1,1
11,380,Agent,1,1
11,381,Agent,1,1
11,382,Agent,1,1
11,383,Agent,1,1
11,384,Agent,1,1
11,385,Agent,1,1
11,386,Agent,1,1
11,387,Agent,1,1
11,388,Agent,1,1
11,389,Agent,1,1
11,390,Agent,1,1
11,391,Agent,1,1
11,392,Agent,1,1
11,393,Agent,1,1
11,394,Agent,1,1
11,395,Agent,2,2
11,396,Agent,1,1
11,397,Agent,1,1
11,398,Agent,1,1
11,399,Agent,1,1
11,400,Agent,1,1
11,401,Agent,1,1
11,402,Agent,4,4
11,403,Agent,50,50
11,404,Agent,50,50
11,405,Agent,50,50
11,406,Agent,50,50
11,407,Agent,50,50
11,408,Agent,50,50
11,409,Agent,50,50
11,410,Agent,50,50
11,411,Agent,50,50
11,412,Agent,50,50
11,413,Agent,50,50
11,414,Agent,50,50
11,415,Agent,50,50
11,416,Agent,50,50
11,417,Agent,50,50
11,418,Agent,50,50
11,419,Agent,50,50
11,420,Agent,50,50
11,421,Agent,50,50
11,422,Agent,28,-23
11,423,Agent,1,1
11,424,Agent,1,1
11,425,Agent,1,1
11,426,Agent,1,1
11,427,Agent,1,1
11,428,Agent,1,1
11,429,Agent,1,1
11,430,Agent,1,1
11,431,Agent,1,1
11,432,Agent,1,1
11,433,Agent,1,1
11,434,Agent,1,1
11,435,Agent,1,1
11,436,Agent,1,1
11,437,Agent,1,1
11,438,Agent,1,1
11,439,Agent,1,1
11,440,Agent,1,1
11,441,Agent,1,1
11,442,Agent,1,1
11,443,Agent,1,1
11,444,Agent,1,1
11,445,Agent,1,1
11,446,Agent,1,1
11,447,Agent,1,1
11,448,Agent,1,1
11,449,Agent,1,1
11,450,Agent,2,2
11,451,Agent,2,2
11,452,Agent,1,1
11,453,Agent,1,1
11,454,Agent,1,1
11,455,Agent,2,2
11,456,Agent,1,1
11,457,Agent,50,50
11,458,Agent,50,50
11,459,Agent,50,50
11,460,Agent,50,50
11,461,Agent,50,50
11,462,Agent,50,50
11,463,Agent,50,50
11,464,Agent,50,50
11,465,Agent,50,50
11,466,Agent,50,50
11,467,Agent,50,50
11,468,Agent,50,50
11,469,Agent,50,50
11,470,Agent,50,50
11,471,Agent,50,50
11,472,Agent,50,50
11,473,Agent,50,50
11,474,Agent,50,50
11,475,Agent,50,50
11,476,Agent,50,50
11,477,Agent,50,50
11,478,Agent,50,50
11,479,Agent,50,50
11,480,Agent,50,50
11,481,Agent,50,50
11,482,Agent,50,50
11,483,Agent,50,50
11,484,Agent,50,50
11,485,Agent,50,50
11,486,Agent,50,50
11,487,Agent,50,50
11,488,Agent,50,50
11,489,Agent,49,-2
11,490,Agent,1,1
11,491,Agent,1,1
11,492,Agent,1,1
11,493,Agent,1,1
11,494,Agent,1,1
11,495,Agent,1,1
11,496,Agent,1,1
11,497,Agent,1,1
11,498,Agent,1,1
11,499,Agent,1,1
11,500,Agent,1,1
11,501,Agent,1,1
11,502,Agent,1,1
11,503,Agent,1,1
11,504,Agent,1,1
11,505,Agent,1,1
11,506,Agent,1,1
11,507,Agent,1,1
11,508,Agent,1,1
11,509,Agent,1,1
11,510,Agent,1,1
11,511,Agent,1,1
11,512,Agent,1,1
11,513,Agent,1,1
11,514,Agent,1,1
11,515,Agent,1,1
11,516,Agent,2,2
11,517,Agent,1,1
11,518,Agent,1,1
11,519,Agent,1,1
11,520,Agent,1,1
11,521,Agent,50,50
11,522,Agent,50,50
11,523,Agent,50,50
11,524,Agent,44,-7
11,525,Agent,1,1
11,526,Agent,1,1
11,527,Agent,1,1
11,528,Agent,1,1
11,529,Agent,1,1
11,530,Agent,1,1
11,531,Agent,1,1
11,532,Agent,1,1
11,533,Agent,1,1
11,534,Agent,1,1
11,535,Agent,1,1
11,536,Agent,1,1
11,537,Agent,1,1
11,538,Agent,1,1
11,539,Agent,1,1
11,540,Agent,1,1
11,541,Agent,1,1
11,542,Agent,1,1
11,543,Agent,1,1
11,544,Agent,1,1
11,545,Agent,1,1
11,546,Agent,1,1
11,547,Agent,1,1
11,548,Agent,1,1
11,549,Agent,1,1
11,550,Agent,1,1
11,551,Agent,1,1
11,552,Agent,1,1
11,553,Agent,1,1
11,554,Agent,1,1
11,555,Agent,1,1
11,556,Agent,2,2
11,557,Agent,1,1
11,558,Agent,50,50
11,559,Agent,50,50
11,560,Agent,50,50
11,561,Agent,50,50
11,562,Agent,50,50
11,563,Agent,50,50
11,564,Agent,50,50
11,565,Agent,50,50
11,566,Agent,50,50
11,567,Agent,50,50
11,568,Agent,50,50
11,569,Agent,50,50
11,570,Agent,50,50
11,571,Agent,50,50
11,572,Agent,50,50
11,573,Agent,50,50
11,574,Agent,50,50
11,575,Agent,50,50
11,576,Agent,50,50
11,577,Agent,50,50
11,578,Agent,50,50
11,579,Agent,50,50
11,580,Agent,50,50
11,581,Agent,50,50
11,582,Agent,50,50
11,583,Agent,50,50
11,584,Agent,50,50
11,585,Agent,50,50
11,586,Agent,50,50
11,587,Agent,50,50
11,588,Agent,50,50
11,589,Agent,50,50
11,590,Agent,50,50
11,591,Agent,50,50
11,592,Agent,50,50
11,593,Agent,50,50
11,594,Agent,50,50
11,595,Agent,50,50
11,596,Agent,50,50
11,597,Agent,50,50
11,598,Agent,50,50
11,599,Agent,50,50
11,600,Agent,50,50
11,601,Agent,50,50
11,602,Agent,50,50
11,603,Agent,50,50
11,604,Agent,50,50
11,605,Agent,50,50
11,606,Agent,50,50
11,607,Agent,50,50
11,608,Agent,50,50
11,609,Agent,50,50
11,610,Agent,50,50
11,611,Agent,50,50
11,612,Agent,9,-42
11,613,Agent,1,1
11,614,Agent,1,1
11,615,Agent,1,1
11,616,Agent,1,1
11,617,Agent,1,1
11,618,Agent,1,1
11,619,Agent,1,1
11,620,Agent,1,1
11,621,Agent,1,1
11,622,Agent,1,1
11,623,Agent,1,1
11,624,Agent,1,1
11,625,Agent,1,1
11,626,Agent,1,1
11,627,Agent,1,1
11,628,Agent,1,1
11,629,Agent,1,1
11,630,Agent,1,1
11,631,Agent,1,1
11,632,Agent,1,1
11,633,Agent,1,1
11,634,Agent,1,1
11,635,Agent,1,1
11,636,Agent,1,1
11,637,Agent,1,1
11,638,Agent,1,1
11,639,Agent,1,1
11,640,Agent,1,1
11,641,Agent,2,2
11,642,Agent,1,1
11,643,Agent,1,1
11,644,Agent,1,1
11,645,Agent,1,1
11,646,Agent,1,1
11,647,Agent,2,2
11,648,Agent,1,1
11,649,Agent,50,50
11,650,Agent,50,50
11,651,Agent,17,-34
11,652,Agent,1,1
11,653,Agent,1,1
11,654,Agent,1,1
11,655,Agent,1,1
11,656,Agent,1,1
11,657,Agent,1,1
11,658,Agent,1,1
11,659,Agent,1,1
11,660,Agent,1,1
11,661,Agent,1,1
11,662,Agent,1,1
11,663,Agent,1,1
11,664,Agent,1,1
11,665,Agent,1,1
11,666,Agent,1,1
11,667,Agent,1,1
11,668,Agent,1,1
11,669,Agent,1,1
11,670,Agent,1,1
11,671,Agent,1,1
11,672,Agent,1,1
11,673,Agent,1,1
11,674,Agent,1,1
11,675,Agent,1,1
11,676,Agent,1,1
11,677,Agent,1,1
11,678,Agent,1,1
11,679,Agent,2,2
11,680,Agent,2,2
11,681,Agent,2,2
11,682,Agent,50,50
11,683,Agent,50,50
11,684,Agent,50,50
11,685,Agent,15,-36
11,686,Agent,1,1
11,687,Agent,1,1
11,688,Agent,1,1
11,689,Agent,1,1
11,690,Agent,1,1
11,691,Agent,1,1
11,692,Agent,1,1
11,693,Agent,1,1
11,694,Agent,1,1
11,695,Agent,1,1
11,696,Agent,1,1
11,697,Agent,1,1
11,698,Agent,1,1
11,699,Agent,1,1
11,700,Agent,1,1
11,701,Agent,1,1
11,702,Agent,1,1
11,703,Agent,1,1
11,704,Agent,1,1
11,705,Agent,1,1
11,706,Agent,1,1
11,707,Agent,1,1
11,708,Agent,1,1
11,709,Agent,1,1
11,710,Agent,1,1
11,711,Agent,1,1
11,712,Agent,1,1
11,713,Agent,1,1
11,714,Agent,1,1
11,715,Agent,50,50
11,716,Agent,50,50
11,717,Agent,50,50
11,718,Agent,50,50
11,719,Agent,50,50
11,720,Agent,50,50
11,721,Agent,50,50
11,722,Agent,50,50
11,723,Agent,50,50
11,724,Agent,50,50
11,725,Agent,50,50
11,726,Agent,50,50
11,727,Agent,50,50
11,728,Agent,50,50
11,729,Agent,50,50
11,730,Agent,50,50
11,731,Agent,50,50
11,732,Agent,50,50
11,733,Agent,50,50
11,734,Agent,50,50
11,735,Agent,50,50
11,736,Agent,34,-17
11,737,Agent,1,1
11,738,Agent,1,1
11,739,Agent,1,1
11,740,Agent,1,1
11,741,Agent,1,1
11,742,Agent,1,1
11,743,Agent,1,1
11,744,Agent,1,1
11,745,Agent,1,1
11,746,Agent,1,1
11,747,Agent,1,1
11,748,Agent,1,1
11,749,Agent,1,1
11,750,Agent,1,1
11,751,Agent,1,1
11,752,Agent,1,1
11,753,Agent,1,1
11,754,Agent,1,1
11,755,Agent,1,1
11,756,Agent,1,1
11,757,Agent,1,1
11,758,Agent,1,1
11,759,Agent,1,1
11,760,Agent,1,1
11,761,Agent,1,1
11,762,Agent,1,1
11,763,Agent,2,2
11,764,Agent,1,1
11,765,Agent,2,2
11,766,Agent,50,50
11,767,Agent,50,50
11,768,Agent,50,50
11,769,Agent,50,50
11,770,Agent,50,50
11,771,Agent,50,50
11,772,Agent,26,-25
11,773,Agent,1,1
11,774,Agent,1,1
11,775,Agent,1,1
11,776,Agent,1,1
11,777,Agent,1,1
11,778,Agent,1,1
11,779,Agent,1,1
11,780,Agent,1,1
11,781,Agent,1,1
11,782,Agent,1,1
11,783,Agent,1,1
11,784,Agent,1,1
11,785,Agent,1,1
11,786,Agent,1,1
11,787,Agent,1,1
11,788,Agent,1,1
11,789,Agent,1,1
11,790,Agent,1,1
11,791,Agent,1,1
11,792,Agent,1,1
11,793,Agent,1,1
11,794,Agent,1,1
11,795,Agent,1,1
11,796,Agent,1,1
11,797,Agent,3,3
11,798,Agent,1,1
11,799,Agent,1,1
11,800,Agent,1,1
11,801,Agent,1,1
11,802,Agent,1,1
11,803,Agent,2,2
11,804,Agent,1,1
11,805,Agent,50,50
11,806,Agent,50,50
11,807,Agent,50,50
11,808,Agent,50,50
11,809,Agent,50,50
11,810,Agent,50,50
11,811,Agent,50,50
11,812,Agent,50,50
11,813,Agent,50,50
11,814,Agent,50,50
11,815,Agent,50,50
11,816,Agent,50,50
11,817,Agent,50,50
11,818,Agent,50,50
11,819,Agent,50,50
11,820,Agent,50,50
11,821,Agent,50,50
11,822,Agent,50,50
11,823,Agent,50,50
11,824,Agent,50,50
11,825,Agent,50,50
11,826,Agent,50,50
11,827,Agent,50,50
11,828,Agent,50,50
11,829,Agent,50,50
11,830,Agent,50,50
11,831,Agent,50,50
11,832,Agent,50,50
11,833,Agent,50,50
11,834,Agent,50,50
11,835,Agent,50,50
11,836,Agent,50,50
11,837,Agent,50,50
11,838,Agent,50,50
11,839,Agent,50,50
11,840,Agent,50,50
11,841,Agent,50,50
11,842,Agent,50,50
11,843,Agent,50,50
11,844,Agent,23,-28
11,845,Agent,1,1
11,846,Agent,1,1
11,847,Agent,1,1
11,848,Agent,1,1
11,849,Agent,1,1
11,850,Agent,1,1
11,851,Agent,1,1
11,852,Agent,1,1
11,853,Agent,1,1
11,854,Agent,1,1
11,855,Agent,1,1
11,856,Agent,1,1
11,857,Agent,1,1
11,858,Agent,1,1
11,859,Agent,1,1
11,860,Agent,1,1
11,861,Agent,1,1
11,862,Agent,1,1
11,863,Agent,1,1
11,864,Agent,1,1
11,865,Agent,1,1
11,866,Agent,1,1
11,867,Agent,1,1
11,868,Agent,1,1
11,869,Agent,1,1
11,870,Agent,1,1
11,871,Agent,1,1
11,872,Agent,1,1
11,873,Agent,1,1
11,874,Agent,1,1
11,875,Agent,1,1
11,876,Agent,2,2
11,877,Agent,3,3
11,878,Agent,1,1
11,879,Agent,1,1
11,880,Agent,50,50
11,881,Agent,50,50
11,882,Agent,21,-30
11,883,Agent,1,1
11,884,Agent,1,1
11,885,Agent,1,1
11,886,Agent,1,1
11,887,Agent,1,1
11,888,Agent,1,1
11,889,Agent,1,1
11,890,Agent,1,1
11,891,Agent,1,1
11,892,Agent,1,1
11,893,Agent,1,1
11,894,Agent,1,1
11,895,Agent,1,1
11,896,Agent,1,1
11,897,Agent,1,1
11,898,Agent,1,1
11,899,Agent,1,1
11,900,Agent,1,1
11,901,Agent,1,1
11,902,Agent,1,1
11,903,Agent,1,1
11,904,Agent,1,1
11,905,Agent,1,1
11,906,Agent,1,1
11,907,Agent,1,1
11,908,Agent,1,1
11,909,Agent,1,1
11,910,Agent,1,1
11,911,Agent,1,1
11,912,Agent,2,2
11,913,Agent,1,1
11,914,Agent,50,50
11,915,Agent,50,50
11,916,Agent,50,50
11,917,Agent,50,50
11,918,Agent,50,50
11,919,Agent,50,50
11,920,Agent,50,50
11,921,Agent,50,50
11,922,Agent,50,50
11,923,Agent,50,50
11,924,Agent,50,50
11,925,Agent,50,50
11,926,Agent,50,50
11,927,Agent,50,50
11,928,Agent,50,50
11,929,Agent,50,50
11,930,Agent,50,50
11,931,Agent,50,50
11,932,Agent,50,50
11,933,Agent,50,50
11,934,Agent,50,50
11,935,Agent,50,50
11,936,Agent,50,50
11,937,Agent,50,50
11,938,Agent,50,50
11,939,Agent,50,50
11,940,Agent,50,50
11,941,Agent,50,50
11,942,Agent,50,50
11,943,Agent,50,50
11,944,Agent,50,50
11,945,Agent,50,50
11,946,Agent,50,50
11,947,Agent,50,50
11,948,Agent,50,50
11,949,Agent,50,50
11,950,Agent,50,50
11,951,Agent,50,50
11,952,Agent,50,50
11,953,Agent,50,50
11,954,Agent,50,50
11,955,Agent,50,50
11,956,Agent,50,50
11,957,Agent,50,50
11,958,Agent,50,50
11,959,Agent,50,50
11,960,Agent,50,50
11,961,Agent,50,50
11,962,Agent,50,50
11,963,Agent,50,50
11,964,Agent,50,50
11,965,Agent,50,50
11,966,Agent,50,50
11,967,Agent,50,50
11,968,Agent,50,50
11,969,Agent,50,50
11,970,Agent,50,50
11,971,Agent,50,50
11,972,Agent,47,-4
11,973,Agent,1,1
11,974,Agent,1,1
11,975,Agent,1,1
11,976,Agent,1,1
11,977,Agent,1,1
11,978,Agent,1,1
11,979,Agent,1,1
11,980,Agent,1,1
11,981,Agent,1,1
11,982,Agent,1,1
11,983,Agent,1,1
11,984,Agent,1,1
11,985,Agent,1,1
11,986,Agent,1,1
11,987,Agent,1,1
11,988,Agent,1,1
11,989,Agent,1,1
11,990,Agent,1,1
11,991,Agent,2,2
11,992,Agent,1,1
11,993,Agent,1,1
11,994,Agent,1,1
11,995,Agent,2,2
11,996,Agent,3,3
11,997,Agent,50,50
11,998,Agent,50,50
11,999,Agent,50,50
11,1000,Agent,50,50
12,1,Agent,2,2
12,2,Agent,50,50
12,3,Agent,50,50
12,4,Agent,50,50
12,5,Agent,50,50
12,6,Agent,50,50
12,7,Agent,50,50
12,8,Agent,50,50
12,9,Agent,43,-8
12,10,Agent,1,1
12,11,Agent,1,1
12,12,Agent,1,1
12,13,Agent,1,1
12,14,Agent,1,1
12,15,Agent,1,1
12,16,Agent,1,1
12,17,Agent,1,1
12,18,Agent,1,1
12,19,Agent,1,1
12,20,Agent,1,1
12,21,Agent,1,1
12,22,Agent,1,1
12,23,Agent,1,1
12,24,Agent,1,1
12,25,Agent,1,1
12,26,Agent,1,1
12,27,Agent,1,1
12,28,Agent,1,1
12,29,Agent,1,1
12,30,Agent,1,1
12,31,Agent,1,1
12,32,Agent,1,1
12,33,Agent,1,1
12,34,Agent,1,1
12,35,Agent,1,1
12,36,Agent,1,1
12,37,Agent,2,2
12,38,Agent,1,1
12,39,Agent,1,1
12,40,Agent,1,1
12,41,Agent,1,1
12,42,Agent,1,1
12,43,Agent,4,4
12,44,Agent,36,-15
12,45,Agent,1,1
12,46,Agent,1,1
12,47,Agent,1,1
12,48,Agent,1,1
12,49,Agent,1,1
12,50,Agent,1,1
12,51,Agent,1,1
12,52,Agent,1,1
12,53,Agent,1,1
12,54,Agent,1,1
12,55,Agent,1,1
12,56,Agent,1,1
12,57,Agent,1,1
12,58,Agent,1,1
12,59,Agent,1,1
12,60,Agent,1,1
12,61,Agent,1,1
12,62,Agent,1,1
12,63,Agent,1,1
12,64,Agent,1,1
12,65,Agent,1,1
12,66,Agent,1,1
12,67,Agent,1,1
12,68,Agent,1,1
12,69,Agent,1,1
12,70,Agent,1,1
12,71,Agent,1,1
12,72,Agent,1,1
12,73,Agent,1,1
12,74,Agent,1,1
12,75,Agent,1,1
12,76,Agent,1,1
12,77,Agent,1,1
12,78,Agent,1,1
12,79,Agent,1,1
12,80,Agent,1,1
12,81,Agent,1,1
12,82,Agent,1,1
12,83,Agent,50,50
12,84,Agent,50,50
12,85,Agent,50,50
12,86,Agent,50,50
12,87,Agent,50,50
12,88,Agent,50,50
12,89,Agent,50,50
12,90,Agent,50,50
12,91,Agent,50,50
12,92,Agent,50,50
12,93,Agent,50,50
12,94,Agent,50,50
12,95,Agent,13,-38
12,96,Agent,1,1
12,97,Agent,1,1
12,98,Agent,1,1
12,99,Agent,1,1
12,100,Agent,1,1
12,101,Agent,1,1
12,102,Agent,1,1
12,103,Agent,1,1
12,104,Agent,1,1
12,105,Agent,1,1
12,106,Agent,1,1
12,107,Agent,1,1
12,108,Agent,1,1
12,109,Agent,1,1
12,110,Agent,1,1
12,111,Agent,1,1
12,112,Agent,1,1
12,113,Agent,1,1
12,114,Agent,1,1
12,115,Agent,1,1
12,116,Agent,1,1
12,117,Agent,1,1
12,118,Agent,1,1
12,119,Agent,1,1
12,120,Agent,2,2
12,121,Agent,2,2
12,122,Agent,50,50
12,123,Agent,50,50
12,124,Agent,50,50
12,125,Agent,50,50
12,126,Agent,50,50
12,127,Agent,50,50
12,128,Agent,50,50
12,129,Agent,50,50
12,130,Agent,50,50
12,131,Agent,50,50
12,132,Agent,27,-24
12,133,Agent,1,1
12,134,Agent,1,1
12,135,Agent,1,1
12,136,Agent,1,1
12,137,Agent,1,1
12,138,Agent,1,1
12,139,Agent,1,1
12,140,Agent,1,1
12,141,Agent,1,1
12,142,Agent,1,1
12,143,Agent,1,1
12,144,Agent,1,1
12,145,Agent,1,1
12,146,Agent,1,1
12,147,Agent,1,1
12,148,Agent,1,1
12,149,Agent,1,1
12,150,Agent,1,1
12,151,Agent,1,1
12,152,Agent,1,1
12,153,Agent,1,1
12,154,Agent,1,1
12,155,Agent,1,1
12,156,Agent,1,1
12,157,Agent,1,1
12,158,Agent,1,1
12,159,Agent,1,1
12,160,Agent,1,1
12,161,Agent,1,1
12,162,Agent,1,1
12,163,Agent,1,1
12,164,Agent,4,4
12,165,Agent,50,50
12,166,Agent,50,50
12,167,Agent,50,50
12,168,Agent,50,50
12,169,Agent,50,50
12,170,Agent,50,50
12,171,Agent,50,50
12,172,Agent,50,50
12,173,Agent,9,-42
12,174,Agent,1,1
12,175,Agent,1,1
12,176,Agent,1,1
12,177,Agent,1,1
12,178,Agent,1,1
12,179,Agent,1,1
12,180,Agent,1,1
12,181,Agent,1,1
12,182,Agent,1,1
12,183,Agent,1,1
12,184,Agent,1,1
12,185,Agent,1,1
12,186,Agent,1,1
12,187,Agent,1,1
12,188,Agent,1,1
12,189,Agent,1,1
12,190,Agent,1,1
12,191,Agent,1,1
12,192,Agent,1,1
12,193,Agent,2,2
12,194,Agent,1,1
12,195,Agent,1,1
12,196,Agent,1,1
12,197,Agent,1,1
12,198,Agent,3,3
12,199,Agent,1,1
12,200,Agent,1,1
12,201,Agent,1,1
12,202,Agent,50,50
12,203,Agent,50,50
12,204,Agent,24,-27
12,205,Agent,1,1
12,206,Agent,1,1
12,207,Agent,1,1
12,208,Agent,1,1
12,209,Agent,1,1
12,210,Agent,1,1
12,211,Agent,1,1
12,212,Agent,1,1
12,213,Agent,1,1
12,214,Agent,1,1
12,215,Agent,1,1
12,216,Agent,1,1
12,217,Agent,1,1
12,218,Agent,1,1
12,219,Agent,1,1
12,220,Agent,1,1
12,221,Agent,1,1
12,222,Agent,1,1
12,223,Agent,1,1
12,224,Agent,1,1
12,225,Agent,1,1
12,226,Agent,1,1
12,227,Agent,1,1
12,228,Agent,1,1
12,229,Agent,1,1
12,230,Agent,1,1
12,231,Agent,1,1
12,232,Agent,1,1
12,233,Agent,1,1
12,234,Agent,1,1
12,235,Agent,1,1
12,236,Agent,1,1
12,237,Agent,1,1
12,238,Agent,1,1
12,239,Agent,1,1
12,240,Agent,50,50
12,241,Agent,50,50
12,242,Agent,13,-38
12,243,Agent,1,1
12,244,Agent,1,1
12,245,Agent,1,1
12,246,Agent,1,1
12,247,Agent,1,1
12,248,Agent,1,1
12,249,Agent,1,1
12,250,Agent,1,1
12,251,Agent,1,1
12,252,Agent,1,1
12,253,Agent,1,1
12,254,Agent,1,1
12,255,Agent,1,1
12,256,Agent,1,1
12,257,Agent,1,1
12,258,Agent,1,1
12,259,Agent,1,1
12,260,Agent,1,1
12,261,Agent,1,1
12,262,Agent,1,1
12,263,Agent,1,1
12,264,Agent,1,1
12,265,Agent,1,1
12,266,Agent,1,1
12,267,Agent,1,1
12,268,Agent,1,1
12,269,Agent,1,1
12,270,Agent,1,1
12,271,Agent,1,1
12,272,Agent,2,2
12,273,Agent,1,1
12,274,Agent,1,1
12,275,Agent,1,1
12,276,Agent,2,2
12,277,Agent,1,1
12,278,Agent,1,1
12,279,Agent,50,50
12,280,Agent,50,50
12,281,Agent,50,50
12,282,Agent,50,50
12,283,Agent,50,50
12,284,Agent,50,50
12,285,Agent,50,50
12,286,Agent,50,50
12,287,Agent,50,50
12,288,Agent,50,50
12,289,Agent,50,50
12,290,Agent,50,50
12,291,Agent,50,50
12,292,Agent,50,50
12,293,Agent,50,50
12,294,Agent,50,50
12,295,Agent,50,50
12,296,Agent,50,50
12,297,Agent,50,50
12,298,Agent,50,50
12,299,Agent,8,-43
12,300,Agent,1,1
12,301,Agent,1,1
12,302,Agent,1,1
12,303,Agent,1,1
12,304,Agent,1,1
12,305,Agent,1,1
12,306,Agent,1,1
12,307,Agent,1,1
12,308,Agent,1,1
12,309,Agent,1,1
12,310,Agent,1,1
12,311,Agent,1,1
12,312,Agent,1,1
12,313,Agent,1,1
12,314,Agent,1,1
12,315,Agent,1,1
12,316,Agent,1,1
12,317,Agent,1,1
12,318,Agent,1,1
12,319,Agent,1,1
12,320,Agent,1,1
12,321,Agent,1,1
12,322,Agent,1,1
12,323,Agent,1,1
12,324,Agent,1,1
12,325,Agent,1,1
12,326,Agent,1,1
12,327,Agent,1,1
12,328,Agent,1,1
12,329,Agent,1,1
12,330,Agent,2,2
12,331,Agent,50,50
12,332,Agent,50,50
12,333,Agent,50,50
12,334,Agent,50,50
12,335,Agent,50,50
12,336,Agent,50,50
12,337,Agent,50,50
12,338,Agent,50,50
12,339,Agent,50,50
12,340,Agent,50,50
12,341,Agent,50,50
12,342,Agent,50,50
12,343,Agent,50,50
12,344,Agent,50,50
12,345,Agent,50,50
12,346,Agent,50,50
12,347,Agent,50,50
12,348,Agent,50,50
12,349,Agent,50,50
12,350,Agent,50,50
12,351,Agent,50,50
12,352,Agent,50,50
12,353,Agent,50,50
12,354,Agent,50,50
12,355,Agent,50,50
12,356,Agent,50,50
12,357,Agent,50,50
12,358,Agent,50,50
12,359,Agent,50,50
12,360,Agent,50,50
12,361,Agent,50,50
12,362,Agent,50,50
12,363,Agent,50,50
12,364,Agent,50,50
12,365,Agent,50,50
12,366,Agent,50,50
12,367,Agent,50,50
12,368,Agent,50,50
12,369,Agent,50,50
12,370,Agent,50,50
12,371,Agent,50,50
12,372,Agent,50,50
12,373,Agent,50,50
12,374,Agent,50,50
12,375,Agent,50,50
12,376,Agent,50,50
12,377,Agent,50,50
12,378,Agent,50,50
12,379,Agent,50,50
12,380,Agent,50,50
12,381,Agent,50,50
12,382,Agent,50,50
12,383,Agent,50,50
12,384,Agent,50,50
12,385,Agent,50,50
12,386,Agent,50,50
12,387,Agent,50,50
12,388,Agent,50,50
12,389,Agent,50,50
12,390,Agent,50,50
12,391,Agent,50,50
12,392,Agent,50,50
12,393,Agent,50,50
12,394,Agent,50,50
12,395,Agent,50,50
12,396,Agent,50,50
12,397,Agent,50,50
12,398,Agent,50,50
12,399,Agent,50,50
12,400,Agent,50,50
12,401,Agent,50,50
12,402,Agent,50,50
12,403,Agent,50,50
12,404,Agent,50,50
12,405,Agent,50,50
12,406,Agent,50,50
12,407,Agent,50,50
12,408,Agent,50,50
12,409,Agent,50,50
12,410,Agent,50,50
12,411,Agent,50,50
12,412,Agent,50,50
12,413,Agent,50,50
12,414,Agent,50,50
12,415,Agent,50,50
12,416,Agent,50,50
12,417,Agent,50,50
12,418,Agent,50,50
12,419,Agent,50,50
12,420,Agent,50,50
12,421,Agent,50,50
12,422,Agent,50,50
12,423,Agent,50,50
12,424,Agent,50,50
12,425,Agent,50,50
12,426,Agent,50,50
12,427,Agent,50,50
12,428,Agent,50,50
12,429,Agent,50,50
12,430,Agent,50,50
12,431,Agent,50,50
12,432,Agent,50,50
12,433,Agent,50,50
12,434,Agent,50,50
12,435,Agent,50,50
12,436,Agent,50,50
12,437,Agent,50,50
12,438,Agent,50,50
12,439,Agent,50,50
12,440,Agent,50,50
12,441,Agent,50,50
12,442,Agent,50,50
12,443,Agent,50,50
12,444,Agent,50,50
12,445,Agent,50,50
12,446,Agent,50,50
12,447,Agent,50,50
12,448,Agent,50,50
12,449,Agent,50,50
12,450,Agent,50,50
12,451,Agent,50,50
12,452,Agent,50,50
12,453,Agent,50,50
12,454,Agent,50,50
12,455,Agent,50,50
12,456,Agent,50,50
12,457,Agent,50,50
12,458,Agent,50,50
12,459,Agent,50,50
12,460,Agent,50,50
12,461,Agent,50,50
12,462,Agent,50,50
12,463,Agent,34,-17
12,464,Agent,1,1
12,465,Agent,1,1
12,466,Agent,1,1
12,467,Agent,1,1
12,468,Agent,1,1
12,469,Agent,1,1
12,470,Agent,1,1
12,471,Agent,1,1
12,472,Agent,1,1
12,473,Agent,1,1
12,474,Agent,1,1
12,475,Agent,1,1
12,476,Agent,1,1
12,477,Agent,1,1
12,478,Agent,1,1
12,479,Agent,1,1
12,480,Agent,1,1
12,481,Agent,1,1
12,482,Agent,1,1
12,483,Agent,1,1
12,484,Agent,1,1
12,485,Agent,1,1
12,486,Agent,1,1
12,487,Agent,1,1
12,488,Agent,1,1
12,489,Agent,1,1
12,490,Agent,1,1
12,491,Agent,1,1
12,492,Agent,5,5
12,493,Agent,50,50
12,494,Agent,50,50
12,495,Agent,50,50
12,496,Agent,50,50
12,497,Agent,50,50
12,498,Agent,50,50
12,499,Agent,50,50
12,500,Agent,50,50
12,501,Agent,50,50
12,502,Agent,50,50
12,503,Agent,50,50
12,504,Agent,50,50
12,505,Agent,50,50
12,506,Agent,50,50
12,507,Agent,50,50
12,508,Agent,50,50
12,509,Agent,50,50
12,510,Agent,50,50
12,511,Agent,39,-12
12,512,Agent,1,1
12,513,Agent,1,1
12,514,Agent,1,1
12,515,Agent,1,1
12,516,Agent,1,1
12,517,Agent,1,1
12,518,Agent,1,1
12,519,Agent,1,1
12,520,Agent,1,1
12,521,Agent,1,1
12,522,Agent,1,1
12,523,Agent,1,1
12,524,Agent,1,1
12,525,Agent,1,1
12,526,Agent,1,1
12,527,Agent,1,1
12,528,Agent,1,1
12,529,Agent,1,1
12,530,Agent,1,1
12,531,Agent,1,1
12,532,Agent,1,1
12,533,Agent,1,1
12,534,Agent,1,1
12,535,Agent,1,1
12,536,Agent,2,2
12,537,Agent,1,1
12,538,Agent,1,1
12,539,Agent,1,1
12,540,Agent,50,50
12,541,Agent,50,50
12,542,Agent,43,-8
12,543,Agent,1,1
12,544,Agent,1,1
12,545,Agent,1,1
12,546,Agent,1,1
12,547,Agent,1,1
12,548,Agent,1,1
12,549,Agent,1,1
12,550,Agent,1,1
12,551,Agent,1,1
12,552,Agent,1,1
12,553,Agent,1,1
12,554,Agent,1,1
12,555,Agent,1,1
12,556,Agent,1,1
12,557,Agent,1,1
12,558,Agent,1,1
12,559,Agent,1,1
12,560,Agent,1,1
12,561,Agent,1,1
12,562,Agent,1,1
12,563,Agent,2,2
12,564,Agent,1,1
12,565,Agent,1,1
12,566,Agent,1,1
12,567,Agent,2,2
12,568,Agent,3,3
12,569,Agent,50,50
12,570,Agent,50,50
12,571,Agent,50,50
12,572,Agent,50,50
12,573,Agent,50,50
12,574,Agent,50,50
12,575,Agent,50,50
12,576,Agent,50,50
12,577,Agent,50,50
12,578,Agent,50,50
12,579,Agent,50,50
12,580,Agent,50,50
12,581,Agent,50,50
12,582,Agent,50,50
12,583,Agent,50,50
12,584,Agent,50,50
12,585,Agent,50,50
12,586,Agent,50,50
12,587,Agent,50,50
12,588,Agent,50,50
12,589,Agent,50,50
12,590,Agent,50,50
12,591,Agent,50,50
12,592,Agent,50,50
12,593,Agent,50,50
12,594,Agent,12,-39
12,595,Agent,1,1
12,596,Agent,1,1
12,597,Agent,1,1
12,598,Agent,1,1
12,599,Agent,1,1
12,600,Agent,1,1
12,601,Agent,1,1
12,602,Agent,1,1
12,603,Agent,1,1
12,604,Agent,1,1
12,605,Agent,1,1
12,606,Agent,1,1
12,607,Agent,1,1
12,608,Agent,1,1
12,609,Agent,1,1
12,610,Agent,1,1
12,611,Agent,1,1
12,612,Agent,1,1
12,613,Agent,1,1
12,614,Agent,1,1
12,615,Agent,1,1
12,616,Agent,1,1
12,617,Agent,1,1
12,618,Agent,1,1
12,619,Agent,1,1
12,620,Agent,1,1
12,621,Agent,1,1
12,622,Agent,1,1
12,623,Agent,1,1
12,624,Agent,1,1
12,625,Agent,1,1
12,626,Agent,2,2
12,627,Agent,1,1
12,628,Agent,50,50
12,629,Agent,50,50
12,630,Agent,50,50
12,631,Agent,50,50
12,632,Agent,50,50
12,633,Agent,50,50
12,634,Agent,50,50
12,635,Agent,50,50
12,636,Agent,50,50
12,637,Agent,50,50
12,638,Agent,50,50
12,639,Agent,50,50
12,640,Agent,50,50
12,641,Agent,50,50
12,642,Agent,50,50
12,643,Agent,50,50
12,644,Agent,50,50
12,645,Agent,50,50
12,646,Agent,50,50
12,647,Agent,50,50
12,648,Agent,50,50
12,649,Agent,50,50
12,650,Agent,50,50
12,651,Agent,50,50
12,652,Agent,18,-33
12,653,Agent,1,1
12,654,Agent,1,1
12,655,Agent,1,1
12,656,Agent,1,1
12,657,Agent,1,1
12,658,Agent,1,1
12,659,Agent,1,1
12,660,Agent,1,1
12,661,Agent,1,1
12,662,Agent,1,1
12,663,Agent,1,1
12,664,Agent,1,1
12,665,Agent,1,1
12,666,Agent,1,1
12,667,Agent,1,1
12,668,Agent,1,1
12,669,Agent,1,1
12,670,Agent,1,1
12,671,Agent,1,1
12,672,Agent,1,1
12,673,Agent,1,1
12,674,Agent,1,1
12,675,Agent,1,1
12,676,Agent,1,1
12,677,Agent,1,1
12,678,Agent,1,1
12,679,Agent,1,1
12,680,Agent,1,1
12,681,Agent,1,1
12,682,Agent,1,1
12,683,Agent,1,1
12,684,Agent,1,1
12,685,Agent,1,1
12,686,Agent,1,1
12,687,Agent,1,1
12,688,Agent,1,1
12,689,Agent,1,1
12,690,Agent,1,1
12,691,Agent,1,1
12,692,Agent,1,1
12,693,Agent,2,2
12,694,Agent,1,1
12,695,Agent,1,1
12,696,Agent,1,1
12,697,Agent,50,50
12,698,Agent,50,50
12,699,Agent,34,-17
12,700,Agent,1,1
12,701,Agent,1,1
12,702,Agent,1,1
12,703,Agent,1,1
12,704,Agent,1,1
12,705,Agent,1,1
12,706,Agent,1,1
12,707,Agent,1,1
12,708,Agent,1,1
12,709,Agent,1,1
12,710,Agent,1,1
12,711,Agent,1,1
12,712,Agent,1,1
12,713,Agent,1,1
12,714,Agent,1,1
12,715,Agent,1,1
12,716,Agent,1,1
12,717,Agent,1,1
12,718,Agent,1,1
12,719,Agent,1,1
12,720,Agent,1,1
12,721,Agent,1,1
12,722,Agent,1,1
12,723,Agent,1,1
12,724,Agent,1,1
12,725,Agent,1,1
12,726,Agent,2,2
12,727,Agent,50,50
12,728,Agent,50,50
12,729,Agent,50,50
12,730,Agent,50,50
12,731,Agent,50,50
12,732,Agent,50,50
12,733,Agent,50,50
12,734,Agent,50,50
12,735,Agent,50,50
12,736,Agent,50,50
12,737,Agent,50,50
12,738,Agent,50,50
12,739,Agent,50,50
12,740,Agent,50,50
12,741,Agent,50,50
12,742,Agent,50,50
12,743,Agent,50,50
12,744,Agent,50,50
12,745,Agent,50,50
12,746,Agent,50,50
12,747,Agent,50,50
12,748,Agent,50,50
12,749,Agent,50,50
12,750,Agent,50,50
12,751,Agent,50,50
12,752,Agent,50,50
12,753,Agent,50,50
12,754,Agent,50,50
12,755,Agent,50,50
12,756,Agent,50,50
12,757,Agent,50,50
12,758,Agent,50,50
12,759,Agent,50,50
12,760,Agent,50,50
12,761,Agent,50,50
12,762,Agent,50,50
12,763,Agent,50,50
12,764,Agent,50,50
12,765,Agent,50,50
12,766,Agent,50,50
12,767,Agent,50,50
12,768,Agent,50,50
12,769,Agent,50,50
12,770,Agent,50,50
12,771,Agent,50,50
12,772,Agent,50,50
12,773,Agent,50,50
12,774,Agent,50,50
12,775,Agent,50,50
12,776,Agent,17,-34
12,777,Agent,1,1
12,778,Agent,1,1
12,779,Agent,1,1
12,780,Agent,1,1
12,781,Agent,1,1
12,782,Agent,1,1
12,783,Agent,1,1
12,784,Agent,1,1
12,785,Agent,1,1
12,786,Agent,1,1
12,787,Agent,1,1
12,788,Agent,1,1
12,789,Agent,1,1
12,790,Agent,1,1
12,791,Agent,1,1
12,792,Agent,1,1
12,793,Agent,1,1
12,794,Agent,1,1
12,795,Agent,1,1
12,796,Agent,1,1
12,797,Agent,1,1
12,798,Agent,1,1
12,799,Agent,1,1
12,800,Agent,1,1
12,801,Agent,1,1
12,802,Agent,1,1
12,803,Agent,1,1
12,804,Agent,1,1
12,805,Agent,1,1
12,806,Agent,1,1
12,807,Agent,1,1
12,808,Agent,1,1
12,809,Agent,2,2
12,810,Agent,1,1
12,811,Agent,2,2
12,812,Agent,1,1
12,813,Agent,48,-3
12,814,Agent,1,1
12,815,Agent,1,1
12,816,Agent,1,1
12,817,Agent,1,1
12,818,Agent,1,1
12,819,Agent,1,1
12,820,Agent,1,1
12,821,Agent,1,1
12,822,Agent,1,1
12,823,Agent,1,1
12,824,Agent,1,1
12,825,Agent,1,1
12,826,Agent,1,1
12,827,Agent,1,1
12,828,Agent,1,1
12,829,Agent,1,1
12,830,Agent,2,2
12,831,Agent,1,1
12,832,Agent,1,1
12,833,Agent,2,2
12,834,Agent,1,1
12,835,Agent,1,1
12,836,Agent,2,2
12,837,Agent,1,1
12,838,Agent,1,1
12,839,Agent,1,1
12,840,Agent,1,1
12,841,Agent,50,50
12,842,Agent,50,50
12,843,Agent,50,50
12,844,Agent,50,50
12,845,Agent,50,50
12,846,Agent,50,50
12,847,Agent,50,50
12,848,Agent,50,50
12,849,Agent,50,50
12,850,Agent,50,50
12,851,Agent,50,50
12,852,Agent,50,50
12,853,Agent,50,50
12,854,Agent,50,50
12,855,Agent,50,50
12,856,Agent,50,50
12,857,Agent,50,50
12,858,Agent,50,50
12,859,Agent,3,-48
12,860,Agent,1,1
12,861,Agent,1,1
12,862,Agent,1,1
12,863,Agent,1,1
12,864,Agent,1,1
12,865,Agent,1,1
12,866,Agent,1,1
12,867,Agent,1,1
12,868,Agent,1,1
12,869,Agent,1,1
12,870,Agent,1,1
12,871,Agent,1,1
12,872,Agent,1,1
12,873,Agent,1,1
12,874,Agent,1,1
12,875,Agent,1,1
12,876,Agent,1,1
12,877,Agent,1,1
12,878,Agent,1,1
12,879,Agent,1,1
12,880,Agent,1,1
12,881,Agent,1,1
12,882,Agent,2,2
12,883,Agent,1,1
12,884,Agent,1,1
12,885,Agent,1,1
12,886,Agent,2,2
12,887,Agent,1,1
12,888,Agent,1,1
12,889,Agent,1,1
12,890,Agent,1,1
12,891,Agent,1,1
12,892,Agent,1,1
12,893,Agent,1,1
12,894,Agent,1,1
12,895,Agent,1,1
12,896,Agent,1,1
12,897,Agent,1,1
12,898,Agent,1,1
12,899,Agent,1,1
12,900,Agent,50,50
12,901,Agent,50,50
12,902,Agent,50,50
12,903,Agent,50,50
12,904,Agent,50,50
12,905,Agent,50,50
12,906,Agent,50,50
12,907,Agent,50,50
12,908,Agent,50,50
12,909,Agent,50,50
12,910,Agent,40,-11
12,911,Agent,1,1
12,912,Agent,1,1
12,913,Agent,1,1
12,914,Agent,1,1
12,915,Agent,1,1
12,916,Agent,1,1
12,917,Agent,1,1
12,918,Agent,1,1
12,919,Agent,1,1
12,920,Agent,1,1
12,921,Agent,1,1
12,922,Agent,1,1
12,923,Agent,1,1
12,924,Agent,1,1
12,925,Agent,1,1
12,926,Agent,1,1
12,927,Agent,1,1
12,928,Agent,1,1
12,929,Agent,1,1
12,930,Agent,1,1
12,931,Agent,1,1
12,932,Agent,1,1
12,933,Agent,1,1
12,934,Agent,1,1
12,935,Agent,1,1
12,936,Agent,1,1
12,937,Agent,1,1
12,938,Agent,1,1
12,939,Agent,2,2
12,940,Agent,1,1
12,941,Agent,50,50
12,942,Agent,50,50
12,943,Agent,50,50
12,944,Agent,50,50
12,945,Agent,50,50
12,946,Agent,50,50
12,947,Agent,50,50
12,948,Agent,50,50
12,949,Agent,50,50
12,950,Agent,50,50
12,951,Agent,50,50
12,952,Agent,50,50
12,953,Agent,50,50
12,954,Agent,50,50
12,955,Agent,50,50
12,956,Agent,50,50
12,957,Agent,50,50
12,958,Agent,50,50
12,959,Agent,50,50
12,960,Agent,50,50
12,961,Agent,50,50
12,962,Agent,40,-11
12,963,Agent,1,1
12,964,Agent,1,1
12,965,Agent,1,1
12,966,Agent,1,1
12,967,Agent,1,1
12,968,Agent,1,1
12,969,Agent,1,1
12,970,Agent,1,1
12,971,Agent,1,1
12,972,Agent,1,1
12,973,Agent,1,1
12,974,Agent,1,1
12,975,Agent,1,1
12,976,Agent,1,1
12,977,Agent,1,1
12,978,Agent,1,1
12,979,Agent,1,1
12,980,Agent,1,1
12,981,Agent,1,1
12,982,Agent,1,1
12,983,Agent,1,1
12,984,Agent,1,1
12,985,Agent,1,1
12,986,Agent,1,1
12,987,Agent,1,1
12,988,Agent,1,1
12,989,Agent,2,2
12,990,Agent,1,1
12,991,Agent,1,1
12,992,Agent,50,50
12,993,Agent,50,50
12,994,Agent,50,50
12,995,Agent,50,50
12,996,Agent,50,50
12,997,Agent,50,50
12,998,Agent,50,50
12,999,Agent,50,50
12,1000,Agent,34,-17
13,1,Agent,1,1
13,2,Agent,1,1
13,3,Agent,50,50
13,4,Agent,33,-18
13,5,Agent,1,1
13,6,Agent,1,1
13,7,Agent,1,1
13,8,Agent,1,1
13,9,Agent,1,1
13,10,Agent,1,1
13,11,Agent,1,1
13,12,Agent,1,1
13,13,Agent,1,1
13,14,Agent,1,1
13,15,Agent,1,1
13,16,Agent,1,1
13,17,Agent,1,1
13,18,Agent,1,1
13,19,Agent,1,1
13,20,Agent,1,1
13,21,Agent,1,1
13,22,Agent,1,1
13,23,Agent,1,1
13,24,Agent,1,1
13,25,Agent,1,1
13,26,Agent,1,1
13,27,Agent,1,1
13,28,Agent,1,1
13,29,Agent,1,1
13,30,Agent,1,1
13,31,Agent,1,1
13,32,Agent,2,2
13,33,Agent,1,1
13,34,Agent,3,3
13,35,Agent,2,2
13,36,Agent,50,50
13,37,Agent,50,50
13,38,Agent,50,50
13,39,Agent,50,50
13,40,Agent,50,50
13,41,Agent,50,50
13,42,Agent,50,50
13,43,Agent,50,50
13,44,Agent,50,50
13,45,Agent,50,50
13,46,Agent,50,50
13,47,Agent,50,50
13,48,Agent,37,-14
13,49,Agent,1,1
13,50,Agent,1,1
13,51,Agent,1,1
13,52,Agent,1,1
13,53,Agent,1,1
13,54,Agent,1,1
13,55,Agent,1,1
13,56,Agent,1,1
13,57,Agent,1,1
13,58,Agent,1,1
13,59,Agent,1,1
13,60,Agent,1,1
13,61,Agent,1,1
13,62,Agent,1,1
13,63,Agent,1,1
13,64,Agent,1,1
13,65,Agent,1,1
13,66,Agent,1,1
13,67,Agent,1,1
13,68,Agent,1,1
13,69,Agent,1,1
13,70,Agent,1,1
13,71,Agent,2,2
13,72,Agent,1,1
13,73,Agent,1,1
13,74,Agent,1,1
13,75,Agent,1,1
13,76,Agent,1,1
13,77,Agent,1,1
13,78,Agent,1,1
13,79,Agent,1,1
13,80,Agent,1,1
13,81,Agent,1,1
13,82,Agent,1,1
13,83,Agent,2,2
13,84,Agent,1,1
13,85,Agent,50,50
13,86,Agent,50,50
13,87,Agent,50,50
13,88,Agent,50,50
13,89,Agent,50,50
13,90,Agent,50,50
13,91,Agent,50,50
13,92,Agent,50,50
13,93,Agent,50,50
13,94,Agent,50,-1
13,95,Agent,1,1
13,96,Agent,1,1
13,97,Agent,1,1
13,98,Agent,1,1
13,99,Agent,1,1
13,100,Agent,1,1
13,101,Agent,1,1
13,102,Agent,1,1
13,103,Agent,1,1
13,104,Agent,1,1
13,105,Agent,1,1
13,106,Agent,1,1
13,107,Agent,1,1
13,108,Agent,1,1
13,109,Agent,1,1
13,110,Agent,1,1
13,111,Agent,1,1
13,112,Agent,1,1
13,113,Agent,1,1
13,114,Agent,1,1
13,115,Agent,1,1
13,116,Agent,1,1
13,117,Agent,1,1
13,118,Agent,1,1
13,119,Agent,1,1
13,120,Agent,1,1
13,121,Agent,1,1
13,122,Agent,1,1
13,123,Agent,1,1
13,124,Agent,1,1
13,125,Agent,1,1
13,126,Agent,1,1
13,127,Agent,1,1
13,128,Agent,1,1
13,129,Agent,3,3
13,130,Agent,43,-8
13,131,Agent,1,1
13,132,Agent,1,1
13,133,Agent,1,1
13,134,Agent,1,1
13,135,Agent,1,1
13,136,Agent,1,1
13,137,Agent,1,1
13,138,Agent,1,1
13,139,Agent,1,1
13,140,Agent,1,1
13,141,Agent,1,1
13,142,Agent,1,1
13,143,Agent,1,1
13,144,Agent,1,1
13,145,Agent,1,1
13,146,Agent,1,1
13,147,Agent,1,1
13,148,Agent,1,1
13,149,Agent,1,1
13,150,Agent,1,1
13,151,Agent,1,1
13,152,Agent,1,1
13,153,Agent,1,1
13,154,Agent,1,1
13,155,Agent,1,1
13,156,Agent,1,1
13,157,Agent,2,2
13,158,Agent,50,50
13,159,Agent,50,50
13,160,Agent,50,50
13,161,Agent,50,50
13,162,Agent,50,50
13,163,Agent,50,50
13,164,Agent,50,50
13,165,Agent,50,50
13,166,Agent,50,50
13,167,Agent,50,50
13,168,Agent,50,50
13,169,Agent,50,50
13,170,Agent,50,50
13,171,Agent,50,50
13,172,Agent,50,50
13,173,Agent,50,50
13,174,Agent,50,50
13,175,Agent,50,50
13,176,Agent,50,50
13,177,Agent,50,50
13,178,Agent,50,50
13,179,Agent,50,50
13,180,Agent,50,50
13,181,Agent,50,50
13,182,Agent,50,50
13,183,Agent,50,50
13,184,Agent,50,50
13,185,Agent,50,50
13,186,Agent,50,50
13,187,Agent,50,50
13,188,Agent,50,50
13,189,Agent,50,50
13,190,Agent,50,50
13,191,Agent,50,50
13,192,Agent,50,50
13,193,Agent,50,50
13,194,Agent,50,50
13,195,Agent,50,50
13,196,Agent,50,50
13,197,Agent,50,50
13,198,Agent,50,50
13,199,Agent,50,50
13,200,Agent,50,50
13,201,Agent,50,50
13,202,Agent,50,50
13,203,Agent,50,50
13,204,Agent,50,-1
13,205,Agent,1,1
13,206,Agent,1,1
13,207,Agent,1,1
13,208,Agent,1,1
13,209,Agent,1,1
13,210,Agent,1,1
13,211,Agent,1,1
13,212,Agent,1,1
13,213,Agent,1,1
13,214,Agent,1,1
13,215,Agent,1,1
13,216,Agent,1,1
13,217,Agent,1,1
13,218,Agent,1,1
13,219,Agent,1,1
13,220,Agent,1,1
13,221,Agent,1,1
13,222,Agent,1,1
13,223,Agent,1,1
13,224,Agent,1,1
13,225,Agent,1,1
13,226,Agent,1,1
13,227,Agent,1,1
13,228,Agent,1,1
13,229,Agent,1,1
13,230,Agent,1,1
13,231,Agent,10,10
13,232,Agent,50,50
13,233,Agent,50,50
13,234,Agent,50,50
13,235,Agent,50,50
13,236,Agent,50,50
13,237,Agent,50,50
13,238,Agent,50,50
13,239,Agent,10,-41
13,240,Agent,1,1
13,241,Agent,1,1
13,242,Agent,1,1
13,243,Agent,1,1
13,244,Agent,1,1
13,245,Agent,1,1
13,246,Agent,1,1
13,247,Agent,1,1
13,248,Agent,1,1
13,249,Agent,1,1
13,250,Agent,1,1
13,251,Agent,1,1
13,252,Agent,1,1
13,253,Agent,1,1
13,254,Agent,1,1
13,255,Agent,1,1
13,256,Agent,1,1
13,257,Agent,1,1
13,258,Agent,1,1
13,259,Agent,1,1
13,260,Agent,1,1
13,261,Agent,1,1
13,262,Agent,1,1
13,263,Agent,1,1
13,264,Agent,1,1
13,265,Agent,1,1
13,266,Agent,2,2
13,267,Agent,1,1
13,268,Agent,1,1
13,269,Agent,1,1
13,270,Agent,1,1
13,271,Agent,50,50
13,272,Agent,50,50
13,273,Agent,50,50
13,274,Agent,50,50
13,275,Agent,50,50
13,276,Agent,50,50
13,277,Agent,50,50
13,278,Agent,50,50
13,279,Agent,50,50
13,280,Agent,50,50
13,281,Agent,50,50
13,282,Agent,50,50
13,283,Agent,50,50
13,284,Agent,50,50
13,285,Agent,50,50
13,286,Agent,50,50
13,287,Agent,50,50
13,288,Agent,50,50
13,289,Agent,50,50
13,290,Agent,50,50
13,291,Agent,50,50
13,292,Agent,50,50
13,293,Agent,50,50
13,294,Agent,50,50
13,295,Agent,50,50
13,296,Agent,13,-38
13,297,Agent,1,1
13,298,Agent,1,1
13,299,Agent,1,1
13,300,Agent,1,1
13,301,Agent,1,1
13,302,Agent,1,1
13,303,Agent,1,1
13,304,Agent,1,1
13,305,Agent,1,1
13,306,Agent,1,1
13,307,Agent,1,1
13,308,Agent,1,1
13,309,Agent,1,1
13,310,Agent,1,1
13,311,Agent,1,1
13,312,Agent,1,1
13,313,Agent,1,1
13,314,Agent,1,1
13,315,Agent,1,1
13,316,Agent,1,1
13,317,Agent,1,1
13,318,Agent,1,1
13,319,Agent,1,1
13,320,Agent,1,1
13,321,Agent,1,1
13,322,Agent,1,1
13,323,Agent,1,1
13,324,Agent,1,1
13,325,Agent,1,1
13,326,Agent,1,1
13,327,Agent,1,1
13,328,Agent,1,1
13,329,Agent,1,1
13,330,Agent,1,1
13,331,Agent,1,1
13,332,Agent,1,1
13,333,Agent,1,1
13,334,Agent,1,1
13,335,Agent,1,1
13,336,Agent,3,3
13,337,Agent,1,1
13,338,Agent,50,50
13,339,Agent,50,50
13,340,Agent,43,-8
13,341,Agent,1,1
13,342,Agent,1,1
13,343,Agent,1,1
13,344,Agent,1,1
13,345,Agent,1,1
13,346,Agent,1,1
13,347,Agent,1,1
13,348,Agent,1,1
13,349,Agent,1,1
13,350,Agent,1,1
13,351,Agent,1,1
13,352,Agent,1,1
13,353,Agent,1,1
13,354,Agent,1,1
13,355,Agent,1,1
13,356,Agent,1,1
13,357,Agent,1,1
13,358,Agent,1,1
13,359,Agent,1,1
13,360,Agent,1,1
13,361,Agent,1,1
13,362,Agent,1,1
13,363,Agent,1,1
13,364,Agent,1,1
13,365,Agent,1,1
13,366,Agent,1,1
13,367,Agent,1,1
13,368,Agent,1,1
13,369,Agent,1,1
13,370,Agent,1,1
13,371,Agent,1,1
13,372,Agent,1,1
13,373,Agent,5,5
13,374,Agent,50,50
13,375,Agent,50,50
13,376,Agent,50,50
13,377,Agent,50,50
13,378,Agent,50,50
13,379,Agent,50,50
13,380,Agent,50,50
13,381,Agent,50,50
13,382,Agent,50,50
13,383,Agent,50,50
13,384,Agent,50,50
13,385,Agent,50,50
13,386,Agent,50,50
13,387,Agent,50,50
13,388,Agent,50,50
13,389,Agent,50,50
13,390,Agent,50,50
13,391,Agent,50,50
13,392,Agent,50,50
13,393,Agent,50,50
13,394,Agent,50,50
13,395,Agent,50,50
13,396,Agent,50,50
13,397,Agent,50,50
13,398,Agent,50,50
13,399,Agent,50,50
13,400,Agent,50,50
13,401,Agent,50,50
13,402,Agent,50,50
13,403,Agent,50,50
13,404,Agent,50,50
13,405,Agent,50,50
13,406,Agent,30,-21
13,407,Agent,1,1
13,408,Agent,1,1
13,409,Agent,1,1
13,410,Agent,1,1
13,411,Agent,1,1
13,412,Agent,1,1
13,413,Agent,1,1
13,414,Agent,1,1
13,415,Agent,1,1
13,416,Agent,1,1
13,417,Agent,1,1
13,418,Agent,1,1
13,419,Agent,1,1
13,420,Agent,1,1
13,421,Agent,1,1
13,422,Agent,1,1
13,423,Agent,1,1
13,424,Agent,1,1
13,425,Agent,1,1
13,426,Agent,1,1
13,427,Agent,1,1
13,428,Agent,1,1
13,429,Agent,2,2
13,430,Agent,1,1
13,431,Agent,1,1
13,432,Agent,1,1
13,433,Agent,1,1
13,434,Agent,1,1
13,435,Agent,1,1
13,436,Agent,1,1
13,437,Agent,1,1
13,438,Agent,50,50
13,439,Agent,50,50
13,440,Agent,50,50
13,441,Agent,50,50
13,442,Agent,50,50
13,443,Agent,50,50
13,444,Agent,50,50
13,445,Agent,50,50
13,446,Agent,50,50
13,447,Agent,50,50
13,448,Agent,50,50
13,449,Agent,50,50
13,450,Agent,50,50
13,451,Agent,50,50
13,452,Agent,50,50
13,453,Agent,50,50
13,454,Agent,50,50
13,455,Agent,50,50
13,456,Agent,50,50
13,457,Agent,50,50
13,458,Agent,50,50
13,459,Agent,50,50
13,460,Agent,50,50
13,461,Agent,22,-29
13,462,Agent,1,1
13,463,Agent,1,1
13,464,Agent,1,1
13,465,Agent,1,1
13,466,Agent,1,1
13,467,Agent,1,1
13,468,Agent,1,1
13,469,Agent,1,1
13,470,Agent,1,1
13,471,Agent,1,1
13,472,Agent,1,1
13,473,Agent,1,1
13,474,Agent,1,1
13,475,Agent,1,1
13,476,Agent,1,1
13,477,Agent,1,1
13,478,Agent,1,1
13,479,Agent,1,1
13,480,Agent,1,1
13,481,Agent,1,1
13,482,Agent,1,1
13,483,Agent,1,1
13,484,Agent,1,1
13,485,Agent,1,1
13,486,Agent,1,1
13,487,Agent,1,1
13,488,Agent,1,1
13,489,Agent,1,1
13,490,Agent,1,1
13,491,Agent,1,1
13,492,Agent,1,1
13,493,Agent,1,1
13,494,Agent,1,1
13,495,Agent,50,50
13,496,Agent,50,50
13,497,Agent,50,50
13,498,Agent,50,50
13,499,Agent,50,50
13,500,Agent,50,50
13,501,Agent,50,50
13,502,Agent,50,50
13,503,Agent,37,-14
13,504,Agent,1,1
13,505,Agent,1,1
13,506,Agent,1,1
13,507,Agent,1,1
13,508,Agent,1,1
13,509,Agent,1,1
13,510,Agent,1,1
13,511,Agent,1,1
13,512,Agent,1,1
13,513,Agent,1,1
13,514,Agent,1,1
13,515,Agent,1,1
13,516,Agent,1,1
13,517,Agent,1,1
13,518,Agent,1,1
13,519,Agent,1,1
13,520,Agent,1,1
13,521,Agent,1,1
13,522,Agent,1,1
13,523,Agent,1,1
13,524,Agent,1,1
13,525,Agent,1,1
13,526,Agent,1,1
13,527,Agent,1,1
13,528,Agent,1,1
13,529,Agent,1,1
13,530,Agent,1,1
13,531,Agent,1,1
13,532,Agent,1,1
13,533,Agent,1,1
13,534,Agent,1,1
13,535,Agent,1,1
13,536,Agent,2,2
13,537,Agent,50,50
13,538,Agent,50,50
13,539,Agent,50,50
13,540,Agent,50,50
13,541,Agent,50,50
13,542,Agent,50,50
13,543,Agent,50,50
13,544,Agent,50,50
13,545,Agent,50,50
13,546,Agent,50,50
13,547,Agent,50,50
13,548,Agent,50,50
13,549,Agent,50,50
13,550,Agent,50,50
13,551,Agent,50,50
13,552,Agent,50,50
13,553,Agent,50,50
13,554,Agent,50,50
13,555,Agent,50,50
13,556,Agent,50,50
13,557,Agent,50,50
13,558,Agent,50,50
13,559,Agent,50,50
13,560,Agent,50,50
13,561,Agent,50,50
13,562,Agent,50,50
13,563,Agent,31,-20
13,564,Agent,1,1
13,565,Agent,1,1
13,566,Agent,1,1
13,567,Agent,1,1
13,568,Agent,1,1
13,569,Agent,1,1
13,570,Agent,1,1
13,571,Agent,1,1
13,572,Agent,1,1
13,573,Agent,1,1
13,574,Agent,1,1
13,575,Agent,1,1
13,576,Agent,1,1
13,577,Agent,1,1
13,578,Agent,1,1
13,579,Agent,1,1
13,580,Agent,1,1
13,581,Agent,1,1
13,582,Agent,1,1
13,583,Agent,1,1
13,584,Agent,1,1
13,585,Agent,1,1
13,586,Agent,1,1
13,587,Agent,2,2
13,588,Agent,5,5
13,589,Agent,1,1
13,590,Agent,50,50
13,591,Agent,50,50
13,592,Agent,50,50
13,593,Agent,50,50
13,594,Agent,50,50
13,595,Agent,50,50
13,596,Agent,50,50
13,597,Agent,50,50
13,598,Agent,50,50
13,599,Agent,50,50
13,600,Agent,50,50
13,601,Agent,50,50
13,602,Agent,50,50
13,603,Agent,50,50
13,604,Agent,50,50
13,605,Agent,50,50
13,606,Agent,50,50
13,607,Agent,50,50
13,608,Agent,50,50
13,609,Agent,50,50
13,610,Agent,50,50
13,611,Agent,50,50
13,612,Agent,50,50
13,613,Agent,50,50
13,614,Agent,50,50
13,615,Agent,50,50
13,616,Agent,30,-21
13,617,Agent,1,1
13,618,Agent,1,1
13,619,Agent,1,1
13,620,Agent,1,1
13,621,Agent,1,1
13,622,Agent,1,1
13,623,Agent,1,1
13,624,Agent,1,1
13,625,Agent,1,1
13,626,Agent,1,1
13,627,Agent,1,1
13,628,Agent,1,1
13,629,Agent,1,1
13,630,Agent,1,1
13,631,Agent,1,1
13,632,Agent,1,1
13,633,Agent,1,1
13,634,Agent,1,1
13,635,Agent,1,1
13,636,Agent,1,1
13,637,Agent,1,1
13,638,Agent,1,1
13,639,Agent,1,1
13,640,Agent,1,1
13,641,Agent,1,1
13,642,Agent,1,1
13,643,Agent,1,1
13,644,Agent,1,1
13,645,Agent,2,2
13,646,Agent,50,50
13,647,Agent,19,-32
13,648,Agent,1,1
13,649,Agent,1,1
13,650,Agent,1,1
13,651,Agent,1,1
13,652,Agent,1,1
13,653,Agent,1,1
13,654,Agent,1,1
13,655,Agent,1,1
13,656,Agent,1,1
13,657,Agent,1,1
13,658,Agent,1,1
13,659,Agent,1,1
13,660,Agent,1,1
13,661,Agent,1,1
13,662,Agent,1,1
13,663,Agent,1,1
13,664,Agent,1,1
13,665,Agent,1,1
13,666,Agent,1,1
13,667,Agent,1,1
13,668,Agent,1,1
13,669,Agent,1,1
13,670,Agent,1,1
13,671,Agent,1,1
13,672,Agent,1,1
13,673,Agent,1,1
13,674,Agent,1,1
13,675,Agent,1,1
13,676,Agent,1,1
13,677,Agent,1,1
13,678,Agent,1,1
13,679,Agent,1,1
13,680,Agent,1,1
13,681,Agent,1,1
13,682,Agent,1,1
13,683,Agent,1,1
13,684,Agent,1,1
13,685,Agent,1,1
13,686,Agent,39,-12
13,687,Agent,1,1
13,688,Agent,1,1
13,689,Agent,1,1
13,690,Agent,1,1
13,691,Agent,1,1
13,692,Agent,1,1
13,693,Agent,1,1
13,694,Agent,1,1
13,695,Agent,1,1
13,696,Agent,1,1
13,697,Agent,1,1
13,698,Agent,1,1
13,699,Agent,1,1
13,700,Agent,1,1
13,701,Agent,1,1
13,702,Agent,1,1
13,703,Agent,1,1
13,704,Agent,1,1
13,705,Agent,1,1
13,706,Agent,1,1
13,707,Agent,1,1
13,708,Agent,1,1
13,709,Agent,1,1
13,710,Agent,1,1
13,711,Agent,1,1
13,712,Agent,1,1
13,713,Agent,1,1
13,714,Agent,1,1
13,715,Agent,1,1
13,716,Agent,1,1
13,717,Agent,2,2
13,718,Agent,1,1
13,719,Agent,3,3
13,720,Agent,2,2
13,721,Agent,2,2
13,722,Agent,50,50
13,723,Agent,50,50
13,724,Agent,50,50
13,725,Agent,50,50
13,726,Agent,50,50
13,727,Agent,50,50
13,728,Agent,50,50
13,729,Agent,22,-29
13,730,Agent,1,1
13,731,Agent,1,1
13,732,Agent,1,1
13,733,Agent,1,1
13,734,Agent,1,1
13,735,Agent,1,1
13,736,Agent,1,1
13,737,Agent,1,1
13,738,Agent,1,1
13,739,Agent,1,1
13,740,Agent,1,1
13,741,Agent,1,1
13,742,Agent,1,1
13,743,Agent,1,1
13,744,Agent,1,1
13,745,Agent,1,1
13,746,Agent,1,1
13,747,Agent,1,1
13,748,Agent,1,1
13,749,Agent,1,1
13,750,Agent,1,1
13,751,Agent,1,1
13,752,Agent,1,1
13,753,Agent,1,1
13,754,Agent,1,1
13,755,Agent,1,1
13,756,Agent,1,1
13,757,Agent,1,1
13,758,Agent,1,1
13,759,Agent,1,1
13,760,Agent,1,1
13,761,Agent,1,1
13,762,Agent,1,1
13,763,Agent,1,1
13,764,Agent,2,2
13,765,Agent,1,1
13,766,Agent,50,50
13,767,Agent,50,50
13,768,Agent,50,50
13,769,Agent,50,50
13,770,Agent,50,50
13,771,Agent,50,50
13,772,Agent,50,50
13,773,Agent,50,50
13,774,Agent,50,50
13,775,Agent,50,50
13,776,Agent,50,50
13,777,Agent,50,50
13,778,Agent,50,50
13,779,Agent,50,50
13,780,Agent,50,50
13,781,Agent,50,50
13,782,Agent,50,50
13,783,Agent,50,50
13,784,Agent,50,50
13,785,Agent,50,50
13,786,Agent,50,50
13,787,Agent,50,50
13,788,Agent,23,-28
13,789,Agent,1,1
13,790,Agent,1,1
13,791,Agent,1,1
13,792,Agent,1,1
13,793,Agent,1,1
13,794,Agent,1,1
13,795,Agent,1,1
13,796,Agent,1,1
13,797,Agent,1,1
13,798,Agent,1,1
13,799,Agent,1,1
13,800,Agent,1,1
13,801,Agent,1,1
13,802,Agent,1,1
13,803,Agent,1,1
13,804,Agent,1,1
13,805,Agent,1,1
13,806,Agent,1,1
13,807,Agent,1,1
13,808,Agent,1,1
13,809,Agent,1,1
13,810,Agent,1,1
13,811,Agent,1,1
13,812,Agent,1,1
13,813,Agent,3,3
13,814,Agent,2,2
13,815,Agent,2,2
13,816,Agent,50,50
13,817,Agent,50,50
13,818,Agent,50,50
13,819,Agent,50,50
13,820,Agent,50,50
13,821,Agent,50,50
13,822,Agent,50,50
13,823,Agent,50,50
13,824,Agent,34,-17
13,825,Agent,1,1
13,826,Agent,1,1
13,827,Agent,1,1
13,828,Agent,1,1
13,829,Agent,1,1
13,830,Agent,1,1
13,831,Agent,1,1
13,832,Agent,1,1
13,833,Agent,1,1
13,834,Agent,1,1
13,835,Agent,1,1
13,836,Agent,1,1
13,837,Agent,1,1
13,838,Agent,1,1
13,839,Agent,1,1
13,840,Agent,1,1
13,841,Agent,1,1
13,842,Agent,1,1
13,843,Agent,1,1
13,844,Agent,1,1
13,845,Agent,1,1
13,846,Agent,1,1
13,847,Agent,1,1
13,848,Agent,1,1
13,849,Agent,1,1
13,850,Agent,1,1
13,851,Agent,1,1
13,852,Agent,1,1
13,853,Agent,1,1
13,854,Agent,1,1
13,855,Agent,1,1
13,856,Agent,1,1
13,857,Agent,2,2
13,858,Agent,1,1
13,859,Agent,50,50
13,860,Agent,50,50
13,861,Agent,50,50
13,862,Agent,50,50
13,863,Agent,50,50
13,864,Agent,50,50
13,865,Agent,50,50
13,866,Agent,50,50
13,867,Agent,50,50
13,868,Agent,50,50
13,869,Agent,50,50
13,870,Agent,50,50
13,871,Agent,19,-32
13,872,Agent,1,1
13,873,Agent,1,1
13,874,Agent,1,1
13,875,Agent,1,1
13,876,Agent,1,1
13,877,Agent,1,1
13,878,Agent,1,1
13,879,Agent,1,1
13,880,Agent,1,1
13,881,Agent,1,1
13,882,Agent,1,1
13,883,Agent,1,1
13,884,Agent,1,1
13,885,Agent,1,1
13,886,Agent,1,1
13,887,Agent,1,1
13,888,Agent,1,1
13,889,Agent,1,1
13,890,Agent,1,1
13,891,Agent,1,1
13,892,Agent,1,1
13,893,Agent,1,1
13,894,Agent,2,2
13,895,Agent,1,1
13,896,Agent,1,1
13,897,Agent,1,1
13,898,Agent,1,1
13,899,Agent,2,2
13,900,Agent,50,50
13,901,Agent,50,50
13,902,Agent,50,50
13,903,Agent,50,50
13,904,Agent,50,50
13,905,Agent,50,50
13,906,Agent,50,50
13,907,Agent,50,50
13,908,Agent,27,-24
13,909,Agent,1,1
13,910,Agent,1,1
13,911,Agent,1,1
13,912,Agent,1,1
13,913,Agent,1,1
13,914,Agent,1,1
13,915,Agent,1,1
13,916,Agent,1,1
13,917,Agent,1,1
13,918,Agent,1,1
13,919,Agent,1,1
13,920,Agent,1,1
13,921,Agent,1,1
13,922,Agent,1,1
13,923,Agent,1,1
13,924,Agent,1,1
13,925,Agent,1,1
13,926,Agent,1,1
13,927,Agent,1,1
13,928,Agent,1,1
13,929,Agent,1,1
13,930,Agent,1,1
13,931,Agent,1,1
13,932,Agent,1,1
13,933,Agent,2,2
13,934,Agent,1,1
13,935,Agent,50,50
13,936,Agent,50,50
13,937,Agent,50,50
13,938,Agent,50,50
13,939,Agent,50,50
13,940,Agent,50,50
13,941,Agent,50,50
13,942,Agent,50,50
13,943,Agent,50,50
13,944,Agent,50,50
13,945,Agent,50,50
13,946,Agent,50,50
13,947,Agent,50,50
13,948,Agent,50,50
13,949,Agent,50,50
13,950,Agent,50,50
13,951,Agent,50,50
13,952,Agent,50,50
13,953,Agent,50,50
13,954,Agent,50,50
13,955,Agent,50,50
13,956,Agent,50,50
13,957,Agent,50,50
13,958,Agent,50,50
13,959,Agent,50,50
13,960,Agent,50,50
13,961,Agent,50,50
13,962,Agent,50,50
13,963,Agent,50,50
13,964,Agent,50,50
13,965,Agent,50,50
13,966,Agent,50,50
13,967,Agent,50,50
13,968,Agent,50,50
13,969,Agent,50,50
13,970,Agent,50,50
13,971,Agent,50,50
13,972,Agent,50,50
13,973,Agent,50,50
13,974,Agent,50,50
13,975,Agent,50,50
13,976,Agent,50,50
13,977,Agent,50,50
13,978,Agent,50,50
13,979,Agent,50,50
13,980,Agent,24,-27
13,981,Agent,1,1
13,982,Agent,1,1
13,983,Agent,1,1
13,984,Agent,1,1
13,985,Agent,1,1
13,986,Agent,1,1
13,987,Agent,1,1
13,988,Agent,1,1
13,989,Agent,1,1
13,990,Agent,1,1
13,991,Agent,1,1
13,992,Agent,1,1
13,993,Agent,1,1
13,994,Agent,1,1
13,995,Agent,1,1
13,996,Agent,1,1
13,997,Agent,1,1
13,998,Agent,1,1
13,999,Agent,1,1
13,1000,Agent,1,1
14,1,Agent,1,1
14,2,Agent,1,-50
14,3,Agent,2,2
14,4,Agent,50,50
14,5,Agent,45,-6
14,6,Agent,1,1
14,7,Agent,1,1
14,8,Agent,1,1
14,9,Agent,1,1
14,10,Agent,1,1
14,11,Agent,1,1
14,12,Agent,1,1
14,13,Agent,1,1
14,14,Agent,1,1
14,15,Agent,1,1
14,16,Agent,1,1
14,17,Agent,1,1
14,18,Agent,1,1
14,19,Agent,1,1
14,20,Agent,1,1
14,21,Agent,1,1
14,22,Agent,1,1
14,23,Agent,1,1
14,24,Agent,1,1
14,25,Agent,1,1
14,26,Agent,1,1
14,27,Agent,1,1
14,28,Agent,1,1
14,29,Agent,1,1
14,30,Agent,1,1
14,31,Agent,1,1
14,32,Agent,1,1
14,33,Agent,1,1
14,34,Agent,1,1
14,35,Agent,1,1
14,36,Agent,1,1
14,37,Agent,1,1
14,38,Agent,1,1
14,39,Agent,1,1
14,40,Agent,1,1
14,41,Agent,1,1
14,42,Agent,1,1
14,43,Agent,1,1
14,44,Agent,1,1
14,45,Agent,50,50
14,46,Agent,50,50
14,47,Agent,50,50
14,48,Agent,50,50
14,49,Agent,23,-28
14,50,Agent,1,1
14,51,Agent,1,1
14,52,Agent,1,1
14,53,Agent,1,1
14,54,Agent,1,1
14,55,Agent,1,1
14,56,Agent,1,1
14,57,Agent,1,1
14,58,Agent,1,1
14,59,Agent,1,1
14,60,Agent,1,1
14,61,Agent,1,1
14,62,Agent,1,1
14,63,Agent,1,1
14,64,Agent,1,1
14,65,Agent,1,1
14,66,Agent,1,1
14,67,Agent,1,1
14,68,Agent,1,1
14,69,Agent,1,1
14,70,Agent,1,1
14,71,Agent,1,1
14,72,Agent,1,1
14,73,Agent,1,1
14,74,Agent,1,1
14,75,Agent,1,1
14,76,Agent,1,1
14,77,Agent,1,1
14,78,Agent,1,1
14,79,Agent,1,1
14,80,Agent,1,1
14,81,Agent,50,50
14,82,Agent,50,50
14,83,Agent,50,50
14,84,Agent,50,50
14,85,Agent,50,50
14,86,Agent,50,50
14,87,Agent,50,50
14,88,Agent,50,50
14,89,Agent,50,50
14,90,Agent,50,50
14,91,Agent,19,-32
14,92,Agent,1,1
14,93,Agent,1,1
14,94,Agent,1,1
14,95,Agent,1,1
14,96,Agent,1,1
14,97,Agent,1,1
14,98,Agent,1,1
14,99,Agent,1,1
14,100,Agent,1,1
14,101,Agent,1,1
14,102,Agent,1,1
14,103,Agent,1,1
14,104,Agent,1,1
14,105,Agent,1,1
14,106,Agent,1,1
14,107,Agent,1,1
14,108,Agent,1,1
14,109,Agent,1,1
14,110,Agent,1,1
14,111,Agent,1,1
14,112,Agent,1,1
14,113,Agent,1,1
14,114,Agent,1,1
14,115,Agent,1,1
14,116,Agent,1,1
14,117,Agent,1,1
14,118,Agent,2,2
14,119,Agent,1,1
14,120,Agent,1,1
14,121,Agent,1,1
14,122,Agent,1,1
14,123,Agent,1,1
14,124,Agent,1,1
14,125,Agent,1,1
14,126,Agent,50,50
14,127,Agent,50,50
14,128,Agent,50,50
14,129,Agent,50,50
14,130,Agent,50,50
14,131,Agent,50,50
14,132,Agent,50,50
14,133,Agent,50,50
14,134,Agent,50,50
14,135,Agent,50,50
14,136,Agent,50,50
14,137,Agent,50,50
14,138,Agent,50,50
14,139,Agent,50,50
14,140,Agent,50,50
14,141,Agent,50,50
14,142,Agent,50,50
14,143,Agent,50,50
14,144,Agent,50,50
14,145,Agent,50,50
14,146,Agent,11,-40
14,147,Agent,1,1
14,148,Agent,1,1
14,149,Agent,1,1
14,150,Agent,1,1
14,151,Agent,1,1
14,152,Agent,1,1
14,153,Agent,1,1
14,154,Agent,1,1
14,155,Agent,1,1
14,156,Agent,1,1
14,157,Agent,1,1
14,158,Agent,1,1
14,159,Agent,1,1
14,160,Agent,1,1
14,161,Agent,1,1
14,162,Agent,1,1
14,163,Agent,1,1
14,164,Agent,1,1
14,165,Agent,1,1
14,166,Agent,1,1
14,167,Agent,1,1
14,168,Agent,1,1
14,169,Agent,1,1
14,170,Agent,1,1
14,171,Agent,1,1
14,172,Agent,1,1
14,173,Agent,1,1
14,174,Agent,1,1
14,175,Agent,1,1
14,176,Agent,1,1
14,177,Agent,1,1
14,178,Agent,1,1
14,179,Agent,1,1
14,180,Agent,1,1
14,181,Agent,3,3
14,182,Agent,2,2
14,183,Agent,50,50
14,184,Agent,50,50
14,185,Agent,50,50
14,186,Agent,50,50
14,187,Agent,50,50
14,188,Agent,50,50
14,189,Agent,50,50
14,190,Agent,50,50
14,191,Agent,50,50
14,192,Agent,50,50
14,193,Agent,50,50
14,194,Agent,50,50
14,195,Agent,50,50
14,196,Agent,50,50
14,197,Agent,50,50
14,198,Agent,50,50
14,199,Agent,50,50
14,200,Agent,50,50
14,201,Agent,50,50
14,202,Agent,50,50
14,203,Agent,50,50
14,204,Agent,50,50
14,205,Agent,50,50
14,206,Agent,50,50
14,207,Agent,50,50
14,208,Agent,50,50
14,209,Agent,50,50
14,210,Agent,50,50
14,211,Agent,50,50
14,212,Agent,50,50
14,213,Agent,50,50
14,214,Agent,50,50
14,215,Agent,50,50
14,216,Agent,50,50
14,217,Agent,50,50
14,218,Agent,50,50
14,219,Agent,50,50
14,220,Agent,50,50
14,221,Agent,50,50
14,222,Agent,50,50
14,223,Agent,50,50
14,224,Agent,50,50
14,225,Agent,50,50
14,226,Agent,50,50
14,227,Agent,50,-1
14,228,Agent,1,1
14,229,Agent,1,1
14,230,Agent,1,1
14,231,Agent,1,1
14,232,Agent,1,1
14,233,Agent,1,1
14,234,Agent,1,1
14,235,Agent,1,1
14,236,Agent,1,1
14,237,Agent,1,1
14,238,Agent,1,1
14,239,Agent,1,1
14,240,Agent,1,1
14,241,Agent,1,1
14,242,Agent,1,1
14,243,Agent,1,1
14,244,Agent,1,1
14,245,Agent,1,1
14,246,Agent,1,1
14,247,Agent,1,1
14,248,Agent,1,1
14,249,Agent,1,1
14,250,Agent,1,1
14,251,Agent,1,1
14,252,Agent,1,1
14,253,Agent,1,1
14,254,Agent,1,1
14,255,Agent,1,1
14,256,Agent,2,2
14,257,Agent,1,1
14,258,Agent,1,1
14,259,Agent,1,1
14,260,Agent,1,1
14,261,Agent,2,2
14,262,Agent,1,1
14,263,Agent,1,1
14,264,Agent,2,2
14,265,Agent,1,1
14,266,Agent,50,50
14,267,Agent,50,50
14,268,Agent,50,50
14,269,Agent,50,50
14,270,Agent,50,50
14,271,Agent,50,50
14,272,Agent,50,50
14,273,Agent,50,50
14,274,Agent,50,50
14,275,Agent,50,50
14,276,Agent,50,50
14,277,Agent,50,50
14,278,Agent,50,50
14,279,Agent,50,50
14,280,Agent,40,-11
14,281,Agent,1,1
14,282,Agent,1,1
14,283,Agent,1,1
14,284,Agent,1,1
14,285,Agent,1,1
14,286,Agent,1,1
14,287,Agent,1,1
14,288,Agent,1,1
14,289,Agent,1,1
14,290,Agent,1,1
14,291,Agent,1,1
14,292,Agent,1,1
14,293,Agent,1,1
14,294,Agent,1,1
14,295,Agent,1,1
14,296,Agent,1,1
14,297,Agent,1,1
14,298,Agent,1,1
14,299,Agent,1,1
14,300,Agent,1,1
14,301,Agent,1,1
14,302,Agent,1,1
14,303,Agent,1,1
14,304,Agent,1,1
14,305,Agent,2,2
14,306,Agent,1,1
14,307,Agent,1,1
14,308,Agent,1,1
14,309,Agent,2,2
14,310,Agent,50,50
14,311,Agent,9,-42
14,312,Agent,1,1
14,313,Agent,1,1
14,314,Agent,1,1
14,315,Agent,1,1
14,316,Agent,1,1
14,317,Agent,1,1
14,318,Agent,1,1
14,319,Agent,1,1
14,320,Agent,1,1
14,321,Agent,1,1
14,322,Agent,1,1
14,323,Agent,1,1
14,324,Agent,1,1
14,325,Agent,1,1
14,326,Agent,1,1
14,327,Agent,1,1
14,328,Agent,1,1
14,329,Agent,1,1
14,330,Agent,1,1
14,331,Agent,1,1
14,332,Agent,1,1
14,333,Agent,1,1
14,334,Agent,1,1
14,335,Agent,1,1
14,336,Agent,1,1
14,337,Agent,2,2
14,338,Agent,1,1
14,339,Agent,1,1
14,340,Agent,2,2
14,341,Agent,1,1
14,342,Agent,1,1
14,343,Agent,1,1
14,344,Agent,50,50
14,345,Agent,50,50
14,346,Agent,25,-26
14,347,Agent,1,1
14,348,Agent,1,1
14,349,Agent,1,1
14,350,Agent,1,1
14,351,Agent,1,1
14,352,Agent,1,1
14,353,Agent,1,1
14,354,Agent,1,1
14,355,Agent,1,1
14,356,Agent,1,1
14,357,Agent,1,1
14,358,Agent,1,1
14,359,Agent,1,1
14,360,Agent,1,1
14,361,Agent,1,1
14,362,Agent,1,1
14,363,Agent,1,1
14,364,Agent,1,1
14,365,Agent,1,1
14,366,Agent,1,1
14,367,Agent,1,1
14,368,Agent,1,1
14,369,Agent,1,1
14,370,Agent,1,1
14,371,Agent,1,1
14,372,Agent,1,1
14,373,Agent,1,1
14,374,Agent,1,1
14,375,Agent,1,1
14,376,Agent,1,1
14,377,Agent,1,1
14,378,Agent,1,1
14,379,Agent,5,5
14,380,Agent,50,50
14,381,Agent,50,50
14,382,Agent,50,50
14,383,Agent,50,50
14,384,Agent,50,50
14,385,Agent,50,50
14,386,Agent,50,-1
14,387,Agent,1,1
14,388,Agent,1,1
14,389,Agent,1,1
14,390,Agent,1,1
14,391,Agent,1,1
14,392,Agent,1,1
14,393,Agent,1,1
14,394,Agent,1,1
14,395,Agent,1,1
14,396,Agent,1,1
14,397,Agent,1,1
14,398,Agent,1,1
14,399,Agent,1,1
14,400,Agent,1,1
14,401,Agent,1,1
14,402,Agent,1,1
14,403,Agent,1,1
14,404,Agent,1,1
14,405,Agent,1,1
14,406,Agent,1,1
14,407,Agent,1,1
14,408,Agent,1,1
14,409,Agent,1,1
14,410,Agent,1,1
14,411,Agent,1,1
14,412,Agent,1,1
14,413,Agent,1,1
14,414,Agent,1,1
14,415,Agent,1,1
14,416,Agent,1,1
14,417,Agent,1,1
14,418,Agent,1,1
14,419,Agent,1,1
14,420,Agent,1,1
14,421,Agent,1,1
14,422,Agent,1,1
14,423,Agent,2,2
14,424,Agent,50,50
14,425,Agent,50,50
14,426,Agent,50,50
14,427,Agent,50,50
14,428,Agent,50,50
14,429,Agent,50,50
14,430,Agent,50,50
14,431,Agent,50,50
14,432,Agent,50,50
14,433,Agent,50,50
14,434,Agent,50,50
14,435,Agent,50,50
14,436,Agent,50,50
14,437,Agent,39,-12
14,438,Agent,1,1
14,439,Agent,1,1
14,440,Agent,1,1
14,441,Agent,1,1
14,442,Agent,1,1
14,443,Agent,1,1
14,444,Agent,1,1
14,445,Agent,1,1
14,446,Agent,1,1
14,447,Agent,1,1
14,448,Agent,1,1
14,449,Agent,1,1
14,450,Agent,1,1
14,451,Agent,1,1
14,452,Agent,1,1
14,453,Agent,1,1
14,454,Agent,1,1
14,455,Agent,1,1
14,456,Agent,1,1
14,457,Agent,1,1
14,458,Agent,1,1
14,459,Agent,1,1
14,460,Agent,1,1
14,461,Agent,1,1
14,462,Agent,1,1
14,463,Agent,1,1
14,464,Agent,1,1
14,465,Agent,1,1
14,466,Agent,1,1
14,467,Agent,1,1
14,468,Agent,1,1
14,469,Agent,1,1
14,470,Agent,1,1
14,471,Agent,1,1
14,472,Agent,1,1
14,473,Agent,1,1
14,474,Agent,1,1
14,475,Agent,1,1
14,476,Agent,2,2
14,477,Agent,50,50
14,478,Agent,50,50
14,479,Agent,44,-7
14,480,Agent,1,1
14,481,Agent,1,1
14,482,Agent,1,1
14,483,Agent,1,1
14,484,Agent,1,1
14,485,Agent,1,1
14,486,Agent,1,1
14,487,Agent,1,1
14,488,Agent,1,1
14,489,Agent,1,1
14,490,Agent,1,1
14,491,Agent,1,1
14,492,Agent,1,1
14,493,Agent,1,1
14,494,Agent,1,1
14,495,Agent,1,1
14,496,Agent,1,1
14,497,Agent,1,1
14,498,Agent,1,1
14,499,Agent,1,1
14,500,Agent,1,1
14,501,Agent,1,1
14,502,Agent,1,1
14,503,Agent,1,1
14,504,Agent,1,1
14,505,Agent,1,1
14,506,Agent,1,1
14,507,Agent,1,1
14,508,Agent,1,1
14,509,Agent,1,1
14,510,Agent,1,1
14,511,Agent,1,1
14,512,Agent,3,3
14,513,Agent,1,1
14,514,Agent,1,1
14,515,Agent,1,1
14,516,Agent,1,1
14,517,Agent,2,2
14,518,Agent,50,50
14,519,Agent,50,50
14,520,Agent,50,50
14,521,Agent,50,50
14,522,Agent,50,50
14,523,Agent,50,50
14,524,Agent,50,50
14,525,Agent,34,-17
14,526,Agent,1,1
14,527,Agent,1,1
14,528,Agent,1,1
14,529,Agent,1,1
14,530,Agent,1,1
14,531,Agent,1,1
14,532,Agent,1,1
14,533,Agent,1,1
14,534,Agent,1,1
14,535,Agent,1,1
14,536,Agent,1,1
14,537,Agent,1,1
14,538,Agent,1,1
14,539,Agent,1,1
14,540,Agent,1,1
14,541,Agent,1,1
14,542,Agent,1,1
14,543,Agent,1,1
14,544,Agent,1,1
14,545,Agent,1,1
14,546,Agent,1,1
14,547,Agent,1,1
14,548,Agent,1,1
14,549,Agent,1,1
14,550,Agent,1,1
14,551,Agent,1,1
14,552,Agent,1,1
14,553,Agent,1,1
14,554,Agent,1,1
14,555,Agent,1,1
14,556,Agent,1,1
14,557,Agent,1,1
14,558,Agent,1,1
14,559,Agent,1,1
14,560,Agent,50,50
14,561,Agent,50,50
14,562,Agent,36,-15
14,563,Agent,1,1
14,564,Agent,1,1
14,565,Agent,1,1
14,566,Agent,1,1
14,567,Agent,1,1
14,568,Agent,1,1
14,569,Agent,1,1
14,570,Agent,1,1
14,571,Agent,1,1
14,572,Agent,1,1
14,573,Agent,1,1
14,574,Agent,1,1
14,575,Agent,1,1
14,576,Agent,1,1
14,577,Agent,1,1
14,578,Agent,1,1
14,579,Agent,1,1
14,580,Agent,1,1
14,581,Agent,1,1
14,582,Agent,1,1
14,583,Agent,1,1
14,584,Agent,1,1
14,585,Agent,1,1
14,586,Agent,1,1
14,587,Agent,1,1
14,588,Agent,1,1
14,589,Agent,1,1
14,590,Agent,2,2
14,591,Agent,1,1
14,592,Agent,1,1
14,593,Agent,1,1
14,594,Agent,3,3
14,595,Agent,50,50
14,596,Agent,50,50
14,597,Agent,50,50
14,598,Agent,50,50
14,599,Agent,50,50
14,600,Agent,50,50
14,601,Agent,50,50
14,602,Agent,50,50
14,603,Agent,50,50
14,604,Agent,50,50
14,605,Agent,50,50
14,606,Agent,50,50
14,607,Agent,50,50
14,608,Agent,50,50
14,609,Agent,24,-27
14,610,Agent,1,1
14,611,Agent,1,1
14,612,Agent,1,1
14,613,Agent,1,1
14,614,Agent,1,1
14,615,Agent,1,1
14,616,Agent,1,1
14,617,Agent,1,1
14,618,Agent,1,1
14,619,Agent,1,1
14,620,Agent,1,1
14,621,Agent,1,1
14,622,Agent,1,1
14,623,Agent,1,1
14,624,Agent,1,1
14,625,Agent,1,1
14,626,Agent,1,1
14,627,Agent,1,1
14,628,Agent,1,1
14,629,Agent,1,1
14,630,Agent,1,1
14,631,Agent,1,1
14,632,Agent,1,1
14,633,Agent,1,1
14,634,Agent,1,1
14,635,Agent,1,1
14,636,Agent,1,1
14,637,Agent,1,1
14,638,Agent,1,1
14,639,Agent,1,1
14,640,Agent,1,1
14,641,Agent,1,1
14,642,Agent,50,50
14,643,Agent,50,50
14,644,Agent,50,50
14,645,Agent,50,50
14,646,Agent,50,50
14,647,Agent,50,50
14,648,Agent,50,50
14,649,Agent,50,50
14,650,Agent,50,50
14,651,Agent,50,50
14,652,Agent,26,-25
14,653,Agent,1,1
14,654,Agent,1,1
14,655,Agent,1,1
14,656,Agent,1,1
14,657,Agent,1,1
14,658,Agent,1,1
14,659,Agent,1,1
14,660,Agent,1,1
14,661,Agent,1,1
14,662,Agent,1,1
14,663,Agent,1,1
14,664,Agent,1,1
14,665,Agent,1,1
14,666,Agent,1,1
14,667,Agent,1,1
14,668,Agent,1,1
14,669,Agent,1,1
14,670,Agent,1,1
14,671,Agent,1,1
14,672,Agent,1,1
14,673,Agent,1,1
14,674,Agent,1,1
14,675,Agent,1,1
14,676,Agent,1,1
14,677,Agent,1,1
14,678,Agent,1,1
14,679,Agent,1,1
14,680,Agent,1,1
14,681,Agent,1,1
14,682,Agent,1,1
14,683,Agent,1,1
14,684,Agent,1,1
14,685,Agent,50,50
14,686,Agent,50,50
14,687,Agent,50,50
14,688,Agent,50,50
14,689,Agent,50,50
14,690,Agent,50,50
14,691,Agent,50,50
14,692,Agent,50,50
14,693,Agent,50,50
14,694,Agent,50,50
14,695,Agent,50,50
14,696,Agent,50,50
14,697,Agent,50,50
14,698,Agent,50,50
14,699,Agent,50,50
14,700,Agent,50,50
14,701,Agent,50,50
14,702,Agent,50,50
14,703,Agent,50,50
14,704,Agent,50,50
14,705,Agent,50,50
14,706,Agent,50,50
14,707,Agent,50,50
14,708,Agent,50,50
14,709,Agent,50,50
14,710,Agent,50,50
14,711,Agent,50,50
14,712,Agent,5,-46
14,713,Agent,1,1
14,714,Agent,1,1
14,715,Agent,1,1
14,716,Agent,1,1
14,717,Agent,1,1
14,718,Agent,1,1
14,719,Agent,1,1
14,720,Agent,1,1
14,721,Agent,1,1
14,722,Agent,1,1
14,723,Agent,1,1
14,724,Agent,1,1
14,725,Agent,1,1
14,726,Agent,1,1
14,727,Agent,1,1
14,728,Agent,1,1
14,729,Agent,1,1
14,730,Agent,1,1
14,731,Agent,1,1
14,732,Agent,1,1
14,733,Agent,1,1
14,734,Agent,1,1
14,735,Agent,1,1
14,736,Agent,1,1
14,737,Agent,1,1
14,738,Agent,1,1
14,739,Agent,1,1
14,740,Agent,1,1
14,741,Agent,1,1
14,742,Agent,1,1
14,743,Agent,1,1
14,744,Agent,1,1
14,745,Agent,1,1
14,746,Agent,1,1
14,747,Agent,1,1
14,748,Agent,2,2
14,749,Agent,1,1
14,750,Agent,50,50
14,751,Agent,50,50
14,752,Agent,50,50
14,753,Agent,50,50
14,754,Agent,50,50
14,755,Agent,50,50
14,756,Agent,50,50
14,757,Agent,50,50
14,758,Agent,50,50
14,759,Agent,50,50
14,760,Agent,50,50
14,761,Agent,50,50
14,762,Agent,50,50
14,763,Agent,50,50
14,764,Agent,50,50
14,765,Agent,50,50
14,766,Agent,50,50
14,767,Agent,50,50
14,768,Agent,50,50
14,769,Agent,50,50
14,770,Agent,50,50
14,771,Agent,50,50
14,772,Agent,50,50
14,773,Agent,50,50
14,774,Agent,50,50
14,775,Agent,27,-24
14,776,Agent,1,1
14,777,Agent,1,1
14,778,Agent,1,1
14,779,Agent,1,1
14,780,Agent,1,1
14,781,Agent,1,1
14,782,Agent,1,1
14,783,Agent,1,1
14,784,Agent,1,1
14,785,Agent,1,1
14,786,Agent,1,1
14,787,Agent,1,1
14,788,Agent,1,1
14,789,Agent,1,1
14,790,Agent,1,1
14,791,Agent,1,1
14,792,Agent,1,1
14,793,Agent,1,1
14,794,Agent,1,1
14,795,Agent,1,1
14,796,Agent,1,1
14,797,Agent,1,1
14,798,Agent,1,1
14,799,Agent,1,1
14,800,Agent,1,1
14,801,Agent,1,1
14,802,Agent,1,1
14,803,Agent,1,1
14,804,Agent,1,1
14,805,Agent,1,1
14,806,Agent,1,1
14,807,Agent,1,1
14,808,Agent,1,1
14,809,Agent,1,1
14,810,Agent,1,1
14,811,Agent,1,1
14,812,Agent,1,1
14,813,Agent,50,50
14,814,Agent,50,50
14,815,Agent,50,50
14,816,Agent,50,50
14,817,Agent,50,50
14,818,Agent,50,50
14,819,Agent,50,50
14,820,Agent,50,50
14,821,Agent,50,50
14,822,Agent,50,50
14,823,Agent,50,50
14,824,Agent,50,50
14,825,Agent,50,50
14,826,Agent,50,50
14,827,Agent,50,50
14,828,Agent,50,50
14,829,Agent,34,-17
14,830,Agent,1,1
14,831,Agent,1,1
14,832,Agent,1,1
14,833,Agent,1,1
14,834,Agent,1,1
14,835,Agent,1,1
14,836,Agent,1,1
14,837,Agent,1,1
14,838,Agent,1,1
14,839,Agent,1,1
14,840,Agent,1,1
14,841,Agent,1,1
14,842,Agent,1,1
14,843,Agent,1,1
14,844,Agent,1,1
14,845,Agent,1,1
14,846,Agent,1,1
14,847,Agent,1,1
14,848,Agent,1,1
14,849,Agent,1,1
14,850,Agent,1,1
14,851,Agent,1,1
14,852,Agent,1,1
14,853,Agent,1,1
14,854,Agent,1,1
14,855,Agent,1,1
14,856,Agent,1,1
14,857,Agent,1,1
14,858,Agent,1,1
14,859,Agent,1,1
14,860,Agent,1,1
14,861,Agent,1,1
14,862,Agent,1,1
14,863,Agent,2,2
14,864,Agent,2,2
14,865,Agent,50,50
14,866,Agent,50,50
14,867,Agent,50,50
14,868,Agent,50,50
14,869,Agent,50,50
14,870,Agent,50,50
14,871,Agent,50,50
14,872,Agent,50,50
14,873,Agent,50,50
14,874,Agent,50,50
14,875,Agent,15,-36
14,876,Agent,1,1
14,877,Agent,1,1
14,878,Agent,1,1
14,879,Agent,1,1
14,880,Agent,1,1
14,881,Agent,1,1
14,882,Agent,1,1
14,883,Agent,1,1
14,884,Agent,1,1
14,885,Agent,1,1
14,886,Agent,1,1
14,887,Agent,1,1
14,888,Agent,1,1
14,889,Agent,1,1
14,890,Agent,1,1
14,891,Agent,1,1
14,892,Agent,1,1
14,893,Agent,1,1
14,894,Agent,1,1
14,895,Agent,1,1
14,896,Agent,1,1
14,897,Agent,1,1
14,898,Agent,1,1
14,899,Agent,1,1
14,900,Agent,1,1
14,901,Agent,1,1
14,902,Agent,1,1
14,903,Agent,1,1
14,904,Agent,1,1
14,905,Agent,1,1
14,906,Agent,1,1
14,907,Agent,1,1
14,908,Agent,1,1
14,909,Agent,1,1
14,910,Agent,1,1
14,911,Agent,1,1
14,912,Agent,2,2
14,913,Agent,1,1
14,914,Agent,1,1
14,915,Agent,1,1
14,916,Agent,50,50
14,917,Agent,50,50
14,918,Agent,50,50
14,919,Agent,50,50
14,920,Agent,50,50
14,921,Agent,50,50
14,922,Agent,50,50
14,923,Agent,50,50
14,924,Agent,50,50
14,925,Agent,50,50
14,926,Agent,50,50
14,927,Agent,50,50
14,928,Agent,50,50
14,929,Agent,50,50
14,930,Agent,50,50
14,931,Agent,50,50
14,932,Agent,27,-24
14,933,Agent,1,1
14,934,Agent,1,1
14,935,Agent,1,1
14,936,Agent,1,1
14,937,Agent,1,1
14,938,Agent,1,1
14,939,Agent,1,1
14,940,Agent,1,1
14,941,Agent,1,1
14,942,Agent,1,1
14,943,Agent,1,1
14,944,Agent,1,1
14,945,Agent,1,1
14,946,Agent,1,1
14,947,Agent,1,1
14,948,Agent,1,1
14,949,Agent,1,1
14,950,Agent,1,1
14,951,Agent,1,1
14,952,Agent,1,1
14,953,Agent,1,1
14,954,Agent,1,1
14,955,Agent,1,1
14,956,Agent,1,1
14,957,Agent,1,1
14,958,Agent,1,1
14,959,Agent,1,1
14,960,Agent,2,2
14,961,Agent,1,1
14,962,Agent,1,1
14,963,Agent,1,1
14,964,Agent,1,1
14,965,Agent,1,1
14,966,Agent,1,1
14,967,Agent,1,1
14,968,Agent,1,1
14,969,Agent,50,50
14,970,Agent,50,50
14,971,Agent,50,50
14,972,Agent,50,50
14,973,Agent,50,50
14,974,Agent,37,-14
14,975,Agent,1,1
14,976,Agent,1,1
14,977,Agent,1,1
14,978,Agent,1,1
14,979,Agent,1,1
14,980,Agent,1,1
14,981,Agent,1,1
14,982,Agent,1,1
14,983,Agent,1,1
14,984,Agent,1,1
14,985,Agent,1,1
14,986,Agent,1,1
14,987,Agent,1,1
14,988,Agent,1,1
14,989,Agent,1,1
14,990,Agent,1,1
14,991,Agent,1,1
14,992,Agent,1,1
14,993,Agent,1,1
14,994,Agent,1,1
14,995,Agent,1,1
14,996,Agent,1,1
14,997,Agent,1,1
14,998,Agent,1,1
14,999,Agent,1,1
14,1000,Agent,1,1
15,1,Agent,3,3
15,2,Agent,50,50
15,3,Agent,20,-31
15,4,Agent,1,1
15,5,Agent,1,1
15,6,Agent,1,1
15,7,Agent,1,1
15,8,Agent,1,1
15,9,Agent,1,1
15,10,Agent,1,1
15,11,Agent,1,1
15,12,Agent,1,1
15,13,Agent,1,1
15,14,Agent,1,1
15,15,Agent,1,1
15,16,Agent,1,1
15,17,Agent,1,1
15,18,Agent,1,1
15,19,Agent,1,1
15,20,Agent,1,1
15,21,Agent,1,1
15,22,Agent,1,1
15,23,Agent,1,1
15,24,Agent,1,1
15,25,Agent,1,1
15,26,Agent,1,1
15,27,Agent,1,1
15,28,Agent,1,1
15,29,Agent,4,4
15,30,Agent,1,1
15,31,Agent,50,50
15,32,Agent,50,50
15,33,Agent,50,50
15,34,Agent,32,-19
15,35,Agent,1,1
15,36,Agent,1,1
15,37,Agent,1,1
15,38,Agent,1,1
15,39,Agent,1,1
15,40,Agent,1,1
15,41,Agent,1,1
15,42,Agent,1,1
15,43,Agent,1,1
15,44,Agent,1,1
15,45,Agent,1,1
15,46,Agent,1,1
15,47,Agent,1,1
15,48,Agent,1,1
15,49,Agent,1,1
15,50,Agent,1,1
15,51,Agent,1,1
15,52,Agent,1,1
15,53,Agent,1,1
15,54,Agent,1,1
15,55,Agent,1,1
15,56,Agent,1,1
15,57,Agent,1,1
15,58,Agent,1,1
15,59,Agent,1,1
15,60,Agent,1,1
15,61,Agent,1,1
15,62,Agent,2,2
15,63,Agent,2,2
15,64,Agent,2,2
15,65,Agent,50,50
15,66,Agent,50,50
15,67,Agent,50,50
15,68,Agent,50,50
15,69,Agent,50,50
15,70,Agent,50,50
15,71,Agent,50,50
15,72,Agent,50,50
15,73,Agent,50,50
15,74,Agent,50,50
15,75,Agent,50,50
15,76,Agent,50,50
15,77,Agent,50,50
15,78,Agent,50,50
15,79,Agent,50,50
15,80,Agent,50,50
15,81,Agent,50,50
15,82,Agent,50,50
15,83,Agent,50,50
15,84,Agent,50,50
15,85,Agent,50,50
15,86,Agent,50,50
15,87,Agent,50,50
15,88,Agent,50,50
15,89,Agent,50,50
15,90,Agent,50,50
15,91,Agent,50,50
15,92,Agent,50,50
15,93,Agent,50,50
15,94,Agent,50,50
15,95,Agent,50,50
15,96,Agent,50,50
15,97,Agent,50,50
15,98,Agent,50,50
15,99,Agent,50,50
15,100,Agent,50,50
15,101,Agent,50,50
15,102,Agent,50,50
15,103,Agent,50,50
15,104,Agent,50,50
15,105,Agent,50,50
15,106,Agent,50,50
15,107,Agent,50,50
15,108,Agent,50,50
15,109,Agent,50,50
15,110,Agent,50,50
15,111,Agent,50,50
15,112,Agent,50,50
15,113,Agent,50,50
15,114,Agent,50,50
15,115,Agent,49,-2
15,116,Agent,1,1
15,117,Agent,1,1
15,118,Agent,1,1
15,119,Agent,1,1
15,120,Agent,1,1
15,121,Agent,1,1
15,122,Agent,1,1
15,123,Agent,1,1
15,124,Agent,1,1
15,125,Agent,1,1
15,126,Agent,1,1
15,127,Agent,1,1
15,128,Agent,1,1
15,129,Agent,1,1
15,130,Agent,1,1
15,131,Agent,1,1
15,132,Agent,1,1
15,133,Agent,1,1
15,134,Agent,1,1
15,135,Agent,1,1
15,136,Agent,1,1
15,137,Agent,1,1
15,138,Agent,1,1
15,139,Agent,1,1
15,140,Agent,1,1
15,141,Agent,1,1
15,142,Agent,1,1
15,143,Agent,1,1
15,144,Agent,1,1
15,145,Agent,1,1
15,146,Agent,2,2
15,147,Agent,1,1
15,148,Agent,1,1
15,149,Agent,3,3
15,150,Agent,50,50
15,151,Agent,50,50
15,152,Agent,50,50
15,153,Agent,50,50
15,154,Agent,50,50
15,155,Agent,50,50
15,156,Agent,50,50
15,157,Agent,50,50
15,158,Agent,50,50
15,159,Agent,18,-33
15,160,Agent,1,1
15,161,Agent,1,1
15,162,Agent,1,1
15,163,Agent,1,1
15,164,Agent,1,1
15,165,Agent,1,1
15,166,Agent,1,1
15,167,Agent,1,1
15,168,Agent,1,1
15,169,Agent,1,1
15,170,Agent,1,1
15,171,Agent,1,1
15,172,Agent,1,1
15,173,Agent,1,1
15,174,Agent,1,1
15,175,Agent,1,1
15,176,Agent,1,1
15,177,Agent,1,1
15,178,Agent,1,1
15,179,Agent,1,1
15,180,Agent,1,1
15,181,Agent,1,1
15,182,Agent,1,1
15,183,Agent,1,1
15,184,Agent,1,1
15,185,Agent,1,1
15,186,Agent,1,1
15,187,Agent,1,1
15,188,Agent,1,1
15,189,Agent,1,1
15,190,Agent,1,1
15,191,Agent,1,1
15,192,Agent,50,50
15,193,Agent,50,50
15,194,Agent,50,50
15,195,Agent,50,50
15,196,Agent,50,50
15,197,Agent,38,-13
15,198,Agent,1,1
15,199,Agent,1,1
15,200,Agent,1,1
15,201,Agent,1,1
15,202,Agent,1,1
15,203,Agent,1,1
15,204,Agent,1,1
15,205,Agent,1,1
15,206,Agent,1,1
15,207,Agent,1,1
15,208,Agent,1,1
15,209,Agent,1,1
15,210,Agent,1,1
15,211,Agent,1,1
15,212,Agent,1,1
15,213,Agent,1,1
15,214,Agent,1,1
15,215,Agent,1,1
15,216,Agent,1,1
15,217,Agent,1,1
15,218,Agent,1,1
15,219,Agent,1,1
15,220,Agent,1,1
15,221,Agent,1,1
15,222,Agent,1,1
15,223,Agent,1,1
15,224,Agent,1,1
15,225,Agent,1,1
15,226,Agent,1,1
15,227,Agent,1,1
15,228,Agent,1,1
15,229,Agent,1,1
15,230,Agent,1,1
15,231,Agent,1,1
15,232,Agent,1,1
15,233,Agent,50,50
15,234,Agent,50,50
15,235,Agent,50,50
15,236,Agent,23,-28
15,237,Agent,1,1
15,238,Agent,1,1
15,239,Agent,1,1
15,240,Agent,1,1
15,241,Agent,1,1
15,242,Agent,1,1
15,243,Agent,1,1
15,244,Agent,1,1
15,245,Agent,1,1
15,246,Agent,1,1
15,247,Agent,1,1
15,248,Agent,1,1
15,249,Agent,1,1
15,250,Agent,1,1
15,251,Agent,1,1
15,252,Agent,1,1
15,253,Agent,1,1
15,254,Agent,1,1
15,255,Agent,1,1
15,256,Agent,1,1
15,257,Agent,1,1
15,258,Agent,1,1
15,259,Agent,1,1
15,260,Agent,1,1
15,261,Agent,1,1
15,262,Agent,1,1
15,263,Agent,1,1
15,264,Agent,1,1
15,265,Agent,1,1
15,266,Agent,1,1
15,267,Agent,1,1
15,268,Agent,1,1
15,269,Agent,50,50
15,270,Agent,50,50
15,271,Agent,50,50
15,272,Agent,50,50
15,273,Agent,50,50
15,274,Agent,50,50
15,275,Agent,50,50
15,276,Agent,50,50
15,277,Agent,50,50
15,278,Agent,50,50
15,279,Agent,50,50
15,280,Agent,50,50
15,281,Agent,50,50
15,282,Agent,50,50
15,283,Agent,50,50
15,284,Agent,50,50
15,285,Agent,50,50
15,286,Agent,7,-44
15,287,Agent,1,1
15,288,Agent,1,1
15,289,Agent,1,1
15,290,Agent,1,1
15,291,Agent,1,1
15,292,Agent,1,1
15,293,Agent,1,1
15,294,Agent,1,1
15,295,Agent,1,1
15,296,Agent,1,1
15,297,Agent,1,1
15,298,Agent,1,1
15,299,Agent,1,1
15,300,Agent,1,1
15,301,Agent,1,1
15,302,Agent,1,1
15,303,Agent,1,1
15,304,Agent,1,1
15,305,Agent,1,1
15,306,Agent,2,2
15,307,Agent,1,1
15,308,Agent,1,1
15,309,Agent,1,1
15,310,Agent,1,1
15,311,Agent,1,1
15,312,Agent,1,1
15,313,Agent,1,1
15,314,Agent,1,1
15,315,Agent,1,1
15,316,Agent,1,1
15,317,Agent,1,1
15,318,Agent,50,50
15,319,Agent,50,50
15,320,Agent,50,50
15,321,Agent,50,50
15,322,Agent,50,50
15,323,Agent,50,50
15,324,Agent,50,50
15,325,Agent,50,50
15,326,Agent,50,50
15,327,Agent,50,50
15,328,Agent,50,50
15,329,Agent,50,50
15,330,Agent,50,50
15,331,Agent,50,50
15,332,Agent,50,50
15,333,Agent,50,50
15,334,Agent,50,50
15,335,Agent,50,50
15,336,Agent,50,50
15,337,Agent,50,50
15,338,Agent,50,50
15,339,Agent,50,50
15,340,Agent,50,50
15,341,Agent,50,50
15,342,Agent,15,-36
15,343,Agent,1,1
15,344,Agent,1,1
15,345,Agent,1,1
15,346,Agent,1,1
15,347,Agent,1,1
15,348,Agent,1,1
15,349,Agent,1,1
15,350,Agent,1,1
15,351,Agent,1,1
15,352,Agent,1,1
15,353,Agent,1,1
15,354,Agent,1,1
15,355,Agent,1,1
15,356,Agent,1,1
15,357,Agent,1,1
15,358,Agent,1,1
15,359,Agent,1,1
15,360,Agent,1,1
15,361,Agent,1,1
15,362,Agent,1,1
15,363,Agent,1,1
15,364,Agent,1,1
15,365,Agent,1,1
15,366,Agent,1,1
15,367,Agent,1,1
15,368,Agent,1,1
15,369,Agent,1,1
15,370,Agent,1,1
15,371,Agent,1,1
15,372,Agent,2,2
15,373,Agent,1,1
15,374,Agent,2,2
15,375,Agent,1,1
15,376,Agent,50,50
15,377,Agent,50,50
15,378,Agent,50,50
15,379,Agent,50,50
15,380,Agent,50,50
15,381,Agent,50,50
15,382,Agent,50,50
15,383,Agent,50,50
15,384,Agent,50,50
15,385,Agent,50,50
15,386,Agent,50,50
15,387,Agent,50,50
15,388,Agent,50,50
15,389,Agent,50,50
15,390,Agent,50,50
15,391,Agent,50,50
15,392,Agent,50,50
15,393,Agent,50,50
15,394,Agent,50,50
15,395,Agent,50,50
15,396,Agent,20,-31
15,397,Agent,1,1
15,398,Agent,1,1
15,399,Agent,1,1
15,400,Agent,1,1
15,401,Agent,1,1
15,402,Agent,1,1
15,403,Agent,1,1
15,404,Agent,1,1
15,405,Agent,1,1
15,406,Agent,1,1
15,407,Agent,1,1
15,408,Agent,1,1
15,409,Agent,1,1
15,410,Agent,1,1
15,411,Agent,1,1
15,412,Agent,1,1
15,413,Agent,1,1
15,414,Agent,1,1
15,415,Agent,1,1
15,416,Agent,1,1
15,417,Agent,1,1
15,418,Agent,1,1
15,419,Agent,1,1
15,420,Agent,1,1
15,421,Agent,1,1
15,422,Agent,1,1
15,423,Agent,1,1
15,424,Agent,1,1
15,425,Agent,1,1
15,426,Agent,1,1
15,427,Agent,1,1
15,428,Agent,1,1
15,429,Agent,1,1
15,430,Agent,1,1
15,431,Agent,1,1
15,432,Agent,2,2
15,433,Agent,50,50
15,434,Agent,50,50
15,435,Agent,50,50
15,436,Agent,50,50
15,437,Agent,50,50
15,438,Agent,50,50
15,439,Agent,50,50
15,440,Agent,50,50
15,441,Agent,50,50
15,442,Agent,50,50
15,443,Agent,50,50
15,444,Agent,50,50
15,445,Agent,50,50
15,446,Agent,50,50
15,447,Agent,50,50
15,448,Agent,50,50
15,449,Agent,50,50
15,450,Agent,50,50
15,451,Agent,50,50
15,452,Agent,50,50
15,453,Agent,50,50
15,454,Agent,50,50
15,455,Agent,50,50
15,456,Agent,50,50
15,457,Agent,50,50
15,458,Agent,50,50
15,459,Agent,50,50
15,460,Agent,50,50
15,461,Agent,50,50
15,462,Agent,50,50
15,463,Agent,50,50
15,464,Agent,50,50
15,465,Agent,50,50
15,466,Agent,50,50
15,467,Agent,50,50
15,468,Agent,50,50
15,469,Agent,50,50
15,470,Agent,50,50
15,471,Agent,50,50
15,472,Agent,50,50
15,473,Agent,50,50
15,474,Agent,50,50
15,475,Agent,50,50
15,476,Agent,50,50
15,477,Agent,50,50
15,478,Agent,50,50
15,479,Agent,50,50
15,480,Agent,50,50
15,481,Agent,50,50
15,482,Agent,50,50
15,483,Agent,50,50
15,484,Agent,50,50
15,485,Agent,50,50
15,486,Agent,50,50
15,487,Agent,50,50
15,488,Agent,50,50
15,489,Agent,50,50
15,490,Agent,50,50
15,491,Agent,50,50
15,492,Agent,50,50
15,493,Agent,50,50
15,494,Agent,50,50
15,495,Agent,50,50
15,496,Agent,50,50
15,497,Agent,50,50
15,498,Agent,50,50
15,499,Agent,50,50
15,500,Agent,50,50
15,501,Agent,50,50
15,502,Agent,50,50
15,503,Agent,50,50
15,504,Agent,50,50
15,505,Agent,50,50
15,506,Agent,50,50
15,507,Agent,50,50
15,508,Agent,50,50
15,509,Agent,50,50
15,510,Agent,50,50
15,511,Agent,50,50
15,512,Agent,50,50
15,513,Agent,27,-24
15,514,Agent,1,1
15,515,Agent,1,1
15,516,Agent,1,1
15,517,Agent,1,1
15,518,Agent,1,1
15,519,Agent,1,1
15,520,Agent,1,1
15,521,Agent,1,1
15,522,Agent,1,1
15,523,Agent,1,1
15,524,Agent,1,1
15,525,Agent,1,1
15,526,Agent,1,1
15,527,Agent,1,1
15,528,Agent,1,1
15,529,Agent,1,1
15,530,Agent,1,1
15,531,Agent,1,1
15,532,Agent,1,1
15,533,Agent,1,1
15,534,Agent,2,2
15,535,Agent,1,1
15,536,Agent,1,1
15,537,Agent,1,1
15,538,Agent,1,1
15,539,Agent,1,1
15,540,Agent,1,1
15,541,Agent,1,1
15,542,Agent,1,1
15,543,Agent,1,1
15,544,Agent,2,2
15,545,Agent,1,1
15,546,Agent,3,3
15,547,Agent,1,1
15,548,Agent,1,1
15,549,Agent,50,50
15,550,Agent,50,50
15,551,Agent,50,50
15,552,Agent,50,50
15,553,Agent,50,50
15,554,Agent,50,50
15,555,Agent,50,50
15,556,Agent,50,50
15,557,Agent,50,50
15,558,Agent,50,50
15,559,Agent,50,50
15,560,Agent,50,50
15,561,Agent,50,50
15,562,Agent,50,-1
15,563,Agent,1,1
15,564,Agent,1,1
15,565,Agent,1,1
15,566,Agent,1,1
15,567,Agent,1,1
15,568,Agent,1,1
15,569,Agent,1,1
15,570,Agent,1,1
15,571,Agent,1,1
15,572,Agent,1,1
15,573,Agent,1,1
15,574,Agent,1,1
15,575,Agent,1,1
15,576,Agent,1,1
15,577,Agent,1,1
15,578,Agent,1,1
15,579,Agent,1,1
15,580,Agent,1,1
15,581,Agent,1,1
15,582,Agent,1,1
15,583,Agent,1,1
15,584,Agent,1,1
15,585,Agent,1,1
15,586,Agent,1,1
15,587,Agent,1,1
15,588,Agent,1,1
15,589,Agent,1,1
15,590,Agent,2,2
15,591,Agent,3,3
15,592,Agent,50,50
15,593,Agent,50,50
15,594,Agent,50,50
15,595,Agent,50,50
15,596,Agent,50,50
15,597,Agent,50,50
15,598,Agent,50,50
15,599,Agent,50,50
15,600,Agent,50,50
15,601,Agent,50,50
15,602,Agent,50,50
15,603,Agent,35,-16
15,604,Agent,1,1
15,605,Agent,1,1
15,606,Agent,1,1
15,607,Agent,1,1
15,608,Agent,1,1
15,609,Agent,1,1
15,610,Agent,1,1
15,611,Agent,1,1
15,612,Agent,1,1
15,613,Agent,1,1
15,614,Agent,1,1
15,615,Agent,1,1
15,616,Agent,1,1
15,617,Agent,1,1
15,618,Agent,1,1
15,619,Agent,1,1
15,620,Agent,1,1
15,621,Agent,1,1
15,622,Agent,1,1
15,623,Agent,1,1
15,624,Agent,1,1
15,625,Agent,1,1
15,626,Agent,1,1
15,627,Agent,1,1
15,628,Agent,1,1
15,629,Agent,1,1
15,630,Agent,1,1
15,631,Agent,2,2
15,632,Agent,50,50
15,633,Agent,50,50
15,634,Agent,50,50
15,635,Agent,50,50
15,636,Agent,30,-21
15,637,Agent,1,1
15,638,Agent,1,1
15,639,Agent,1,1
15,640,Agent,1,1
15,641,Agent,1,1
15,642,Agent,1,1
15,643,Agent,1,1
15,644,Agent,1,1
15,645,Agent,1,1
15,646,Agent,1,1
15,647,Agent,1,1
15,648,Agent,1,1
15,649,Agent,1,1
15,650,Agent,1,1
15,651,Agent,1,1
15,652,Agent,1,1
15,653,Agent,1,1
15,654,Agent,1,1
15,655,Agent,1,1
15,656,Agent,1,1
15,657,Agent,1,1
15,658,Agent,1,1
15,659,Agent,1,1
15,660,Agent,1,1
15,661,Agent,1,1
15,662,Agent,1,1
15,663,Agent,1,1
15,664,Agent,1,1
15,665,Agent,1,1
15,666,Agent,1,1
15,667,Agent,1,1
15,668,Agent,1,1
15,669,Agent,1,1
15,670,Agent,1,1
15,671,Agent,1,1
15,672,Agent,1,1
15,673,Agent,1,1
15,674,Agent,1,1
15,675,Agent,1,1
15,676,Agent,2,2
15,677,Agent,50,50
15,678,Agent,50,50
15,679,Agent,50,50
15,680,Agent,50,-1
15,681,Agent,1,1
15,682,Agent,1,1
15,683,Agent,1,1
15,684,Agent,1,1
15,685,Agent,1,1
15,686,Agent,1,1
15,687,Agent,1,1
15,688,Agent,1,1
15,689,Agent,1,1
15,690,Agent,1,1
15,691,Agent,1,1
15,692,Agent,1,1
15,693,Agent,1,1
15,694,Agent,1,1
15,695,Agent,1,1
15,696,Agent,1,1
15,697,Agent,1,1
15,698,Agent,1,1
15,699,Agent,1,1
15,700,Agent,1,1
15,701,Agent,1,1
15,702,Agent,1,1
15,703,Agent,1,1
15,704,Agent,1,1
15,705,Agent,1,1
15,706,Agent,1,1
15,707,Agent,1,1
15,708,Agent,1,1
15,709,Agent,1,1
15,710,Agent,1,1
15,711,Agent,2,2
15,712,Agent,50,50
15,713,Agent,39,-12
15,714,Agent,1,1
15,715,Agent,1,1
15,716,Agent,1,1
15,717,Agent,1,1
15,718,Agent,1,1
15,719,Agent,1,1
15,720,Agent,1,1
15,721,Agent,1,1
15,722,Agent,1,1
15,723,Agent,1,1
15,724,Agent,1,1
15,725,Agent,1,1
15,726,Agent,1,1
15,727,Agent,1,1
15,728,Agent,1,1
15,729,Agent,1,1
15,730,Agent,1,1
15,731,Agent,1,1
15,732,Agent,1,1
15,733,Agent,1,1
15,734,Agent,1,1
15,735,Agent,1,1
15,736,Agent,1,1
15,737,Agent,1,1
15,738,Agent,1,1
15,739,Agent,1,1
15,740,Agent,1,1
15,741,Agent,1,1
15,742,Agent,1,1
15,743,Agent,1,1
15,744,Agent,1,1
15,745,Agent,3,3
15,746,Agent,1,1
15,747,Agent,50,50
15,748,Agent,50,50
15,749,Agent,50,50
15,750,Agent,50,50
15,751,Agent,50,50
15,752,Agent,50,50
15,753,Agent,50,50
15,754,Agent,50,50
15,755,Agent,50,50
15,756,Agent,50,50
15,757,Agent,50,50
15,758,Agent,50,50
15,759,Agent,50,50
15,760,Agent,50,50
15,761,Agent,50,50
15,762,Agent,50,50
15,763,Agent,50,50
15,764,Agent,50,50
15,765,Agent,50,50
15,766,Agent,50,50
15,767,Agent,50,50
15,768,Agent,40,-11
15,769,Agent,1,1
15,770,Agent,1,1
15,771,Agent,1,1
15,772,Agent,1,1
15,773,Agent,1,1
15,774,Agent,1,1
15,775,Agent,1,1
15,776,Agent,1,1
15,777,Agent,1,1
15,778,Agent,1,1
15,779,Agent,1,1
15,780,Agent,1,1
15,781,Agent,1,1
15,782,Agent,1,1
15,783,Agent,1,1
15,784,Agent,1,1
15,785,Agent,1,1
15,786,Agent,1,1
15,787,Agent,1,1
15,788,Agent,1,1
15,789,Agent,1,1
15,790,Agent,1,1
15,791,Agent,1,1
15,792,Agent,1,1
15,793,Agent,2,2
15,794,Agent,1,1
15,795,Agent,2,2
15,796,Agent,2,2
15,797,Agent,2,2
15,798,Agent,1,1
15,799,Agent,1,1
15,800,Agent,50,50
15,801,Agent,50,50
15,802,Agent,50,50
15,803,Agent,50,50
15,804,Agent,24,-27
15,805,Agent,1,1
15,806,Agent,1,1
15,807,Agent,1,1
15,808,Agent,1,1
15,809,Agent,1,1
15,810,Agent,1,1
15,811,Agent,1,1
15,812,Agent,1,1
15,813,Agent,1,1
15,814,Agent,1,1
15,815,Agent,1,1
15,816,Agent,1,1
15,817,Agent,1,1
15,818,Agent,1,1
15,819,Agent,1,1
15,820,Agent,1,1
15,821,Agent,1,1
15,822,Agent,1,1
15,823,Agent,1,1
15,824,Agent,1,1
15,825,Agent,1,1
15,826,Agent,1,1
15,827,Agent,1,1
15,828,Agent,1,1
15,829,Agent,1,1
15,830,Agent,1,1
15,831,Agent,1,1
15,832,Agent,1,1
15,833,Agent,1,1
15,834,Agent,1,1
15,835,Agent,1,1
15,836,Agent,4,4
15,837,Agent,50,50
15,838,Agent,50,50
15,839,Agent,50,50
15,840,Agent,50,50
15,841,Agent,50,50
15,842,Agent,50,50
15,843,Agent,50,50
15,844,Agent,50,50
15,845,Agent,50,50
15,846,Agent,50,50
15,847,Agent,50,50
15,848,Agent,50,50
15,849,Agent,50,50
15,850,Agent,50,50
15,851,Agent,50,50
15,852,Agent,50,50
15,853,Agent,50,50
15,854,Agent,50,50
15,855,Agent,50,50
15,856,Agent,50,50
15,857,Agent,50,50
15,858,Agent,50,50
15,859,Agent,50,50
15,860,Agent,50,50
15,861,Agent,50,50
15,862,Agent,50,50
15,863,Agent,50,50
15,864,Agent,13,-38
15,865,Agent,1,1
15,866,Agent,1,1
15,867,Agent,1,1
15,868,Agent,1,1
15,869,Agent,1,1
15,870,Agent,1,1
15,871,Agent,1,1
15,872,Agent,1,1
15,873,Agent,1,1
15,874,Agent,1,1
15,875,Agent,1,1
15,876,Agent,1,1
15,877,Agent,1,1
15,878,Agent,1,1
15,879,Agent,1,1
15,880,Agent,1,1
15,881,Agent,1,1
15,882,Agent,1,1
15,883,Agent,1,1
15,884,Agent,1,1
15,885,Agent,1,1
15,886,Agent,1,1
15,887,Agent,1,1
15,888,Agent,1,1
15,889,Agent,1,1
15,890,Agent,1,1
15,891,Agent,1,1
15,892,Agent,1,1
15,893,Agent,1,1
15,894,Agent,1,1
15,895,Agent,1,1
15,896,Agent,2,2
15,897,Agent,1,1
15,898,Agent,1,1
15,899,Agent,2,2
15,900,Agent,4,4
15,901,Agent,50,50
15,902,Agent,50,50
15,903,Agent,48,48
15,904,Agent,50,50
15,905,Agent,50,50
15,906,Agent,50,50
15,907,Agent,50,50
15,908,Agent,50,50
15,909,Agent,50,50
15,910,Agent,50,50
15,911,Agent,50,50
15,912,Agent,50,50
15,913,Agent,50,50
15,914,Agent,50,50
15,915,Agent,50,50
15,916,Agent,50,50
15,917,Agent,50,50
15,918,Agent,50,50
15,919,Agent,50,50
15,920,Agent,50,50
15,921,Agent,50,50
15,922,Agent,50,50
15,923,Agent,50,50
15,924,Agent,50,50
15,925,Agent,50,50
15,926,Agent,50,50
15,927,Agent,50,50
15,928,Agent,50,50
15,929,Agent,50,50
15,930,Agent,50,50
15,931,Agent,50,50
15,932,Agent,50,50
15,933,Agent,50,50
15,934,Agent,50,50
15,935,Agent,50,50
15,936,Agent,50,50
15,937,Agent,50,50
15,938,Agent,50,50
15,939,Agent,50,50
15,940,Agent,50,50
15,941,Agent,50,50
15,942,Agent,50,50
15,943,Agent,50,50
15,944,Agent,50,50
15,945,Agent,50,50
15,946,Agent,50,50
15,947,Agent,50,50
15,948,Agent,50,50
15,949,Agent,50,50
15,950,Agent,50,50
15,951,Agent,50,50
15,952,Agent,50,50
15,953,Agent,50,50
15,954,Agent,50,50
15,955,Agent,50,50
15,956,Agent,50,50
15,957,Agent,50,50
15,958,Agent,50,50
15,959,Agent,50,50
15,960,Agent,50,50
15,961,Agent,50,50
15,962,Agent,50,50
15,963,Agent,50,50
15,964,Agent,50,50
15,965,Agent,50,50
15,966,Agent,50,50
15,967,Agent,50,50
15,968,Agent,50,50
15,969,Agent,50,50
15,970,Agent,50,50
15,971,Agent,50,50
15,972,Agent,50,50
15,973,Agent,50,50
15,974,Agent,50,50
15,975,Agent,50,50
15,976,Agent,50,50
15,977,Agent,50,50
15,978,Agent,50,50
15,979,Agent,50,50
15,980,Agent,50,50
15,981,Agent,50,50
15,982,Agent,50,50
15,983,Agent,50,50
15,984,Agent,50,50
15,985,Agent,50,50
15,986,Agent,50,50
15,987,Agent,50,50
15,988,Agent,50,50
15,989,Agent,50,50
15,990,Agent,50,50
15,991,Agent,50,50
15,992,Agent,50,50
15,993,Agent,50,50
15,994,Agent,50,50
15,995,Agent,50,50
15,996,Agent,50,50
15,997,Agent,50,50
15,998,Agent,50,50
15,999,Agent,50,50
15,1000,Agent,50,50
16,1,Agent,5,-46
16,2,Agent,1,1
16,3,Agent,1,1
16,4,Agent,1,1
16,5,Agent,1,1
16,6,Agent,1,1
16,7,Agent,1,1
16,8,Agent,1,1
16,9,Agent,1,1
16,10,Agent,1,1
16,11,Agent,1,1
16,12,Agent,1,1
16,13,Agent,1,1
16,14,Agent,1,1
16,15,Agent,1,1
16,16,Agent,1,1
16,17,Agent,1,1
16,18,Agent,1,1
16,19,Agent,1,1
16,20,Agent,1,1
16,21,Agent,1,1
16,22,Agent,1,1
16,23,Agent,1,1
16,24,Agent,1,1
16,25,Agent,1,1
16,26,Agent,1,1
16,27,Agent,1,1
16,28,Agent,3,3
16,29,Agent,1,1
16,30,Agent,1,1
16,31,Agent,1,1
16,32,Agent,3,3
16,33,Agent,50,50
16,34,Agent,50,50
16,35,Agent,50,50
16,36,Agent,50,50
16,37,Agent,50,50
16,38,Agent,50,50
16,39,Agent,50,50
16,40,Agent,50,50
16,41,Agent,50,50
16,42,Agent,50,50
16,43,Agent,50,50
16,44,Agent,50,50
16,45,Agent,15,-36
16,46,Agent,1,1
16,47,Agent,1,1
16,48,Agent,1,1
16,49,Agent,1,1
16,50,Agent,1,1
16,51,Agent,1,1
16,52,Agent,1,1
16,53,Agent,1,1
16,54,Agent,1,1
16,55,Agent,1,1
16,56,Agent,1,1
16,57,Agent,1,1
16,58,Agent,1,1
16,59,Agent,1,1
16,60,Agent,1,1
16,61,Agent,1,1
16,62,Agent,1,1
16,63,Agent,1,1
16,64,Agent,1,1
16,65,Agent,1,1
16,66,Agent,1,1
16,67,Agent,1,1
16,68,Agent,1,1
16,69,Agent,1,1
16,70,Agent,1,1
16,71,Agent,1,1
16,72,Agent,1,1
16,73,Agent,1,1
16,74,Agent,1,1
16,75,Agent,2,2
16,76,Agent,1,1
16,77,Agent,1,1
16,78,Agent,1,1
16,79,Agent,1,1
16,80,Agent,2,2
16,81,Agent,2,2
16,82,Agent,1,1
16,83,Agent,50,50
16,84,Agent,50,50
16,85,Agent,50,50
16,86,Agent,50,50
16,87,Agent,50,50
16,88,Agent,50,50
16,89,Agent,50,50
16,90,Agent,50,50
16,91,Agent,50,50
16,92,Agent,50,50
16,93,Agent,50,50
16,94,Agent,50,50
16,95,Agent,50,50
16,96,Agent,50,50
16,97,Agent,18,-33
16,98,Agent,1,1
16,99,Agent,1,1
16,100,Agent,1,1
16,101,Agent,1,1
16,102,Agent,1,1
16,103,Agent,1,1
16,104,Agent,1,1
16,105,Agent,1,1
16,106,Agent,1,1
16,107,Agent,1,1
16,108,Agent,1,1
16,109,Agent,1,1
16,110,Agent,1,1
16,111,Agent,1,1
16,112,Agent,1,1
16,113,Agent,1,1
16,114,Agent,1,1
16,115,Agent,1,1
16,116,Agent,1,1
16,117,Agent,1,1
16,118,Agent,1,1
16,119,Agent,1,1
16,120,Agent,1,1
16,121,Agent,1,1
16,122,Agent,1,1
16,123,Agent,1,1
16,124,Agent,1,1
16,125,Agent,1,1
16,126,Agent,1,1
16,127,Agent,1,1
16,128,Agent,1,1
16,129,Agent,1,1
16,130,Agent,1,1
16,131,Agent,1,1
16,132,Agent,1,1
16,133,Agent,1,1
16,134,Agent,1,1
16,135,Agent,1,1
16,136,Agent,1,1
16,137,Agent,1,1
16,138,Agent,2,2
16,139,Agent,50,50
16,140,Agent,50,50
16,141,Agent,50,50
16,142,Agent,50,50
16,143,Agent,50,50
16,144,Agent,50,50
16,145,Agent,50,50
16,146,Agent,50,50
16,147,Agent,50,50
16,148,Agent,50,50
16,149,Agent,50,50
16,150,Agent,50,50
16,151,Agent,47,-4
16,152,Agent,1,1
16,153,Agent,1,1
16,154,Agent,1,1
16,155,Agent,1,1
16,156,Agent,1,1
16,157,Agent,1,1
16,158,Agent,1,1
16,159,Agent,1,1
16,160,Agent,1,1
16,161,Agent,1,1
16,162,Agent,1,1
16,163,Agent,1,1
16,164,Agent,1,1
16,165,Agent,1,1
16,166,Agent,1,1
16,167,Agent,1,1
16,168,Agent,1,1
16,169,Agent,1,1
16,170,Agent,1,1
16,171,Agent,1,1
16,172,Agent,1,1
16,173,Agent,1,1
16,174,Agent,1,1
16,175,Agent,1,1
16,176,Agent,1,1
16,177,Agent,1,1
16,178,Agent,1,1
16,179,Agent,1,1
16,180,Agent,1,1
16,181,Agent,1,1
16,182,Agent,1,1
16,183,Agent,1,1
16,184,Agent,1,1
16,185,Agent,1,1
16,186,Agent,1,1
16,187,Agent,1,1
16,188,Agent,50,50
16,189,Agent,50,50
16,190,Agent,50,50
16,191,Agent,34,34
16,192,Agent,50,50
16,193,Agent,50,50
16,194,Agent,50,50
16,195,Agent,50,50
16,196,Agent,50,50
16,197,Agent,50,50
16,198,Agent,50,50
16,199,Agent,50,50
16,200,Agent,50,50
16,201,Agent,50,50
16,202,Agent,50,50
16,203,Agent,50,50
16,204,Agent,50,50
16,205,Agent,50,50
16,206,Agent,50,50
16,207,Agent,50,50
16,208,Agent,50,50
16,209,Agent,50,50
16,210,Agent,50,50
16,211,Agent,50,50
16,212,Agent,50,50
16,213,Agent,50,50
16,214,Agent,50,50
16,215,Agent,50,50
16,216,Agent,50,50
16,217,Agent,50,50
16,218,Agent,50,50
16,219,Agent,50,50
16,220,Agent,50,50
16,221,Agent,50,50
16,222,Agent,50,50
16,223,Agent,50,50
16,224,Agent,50,50
16,225,Agent,50,50
16,226,Agent,50,50
16,227,Agent,50,50
16,228,Agent,50,50
16,229,Agent,50,50
16,230,Agent,3,-48
16,231,Agent,1,1
16,232,Agent,1,1
16,233,Agent,1,1
16,234,Agent,1,1
16,235,Agent,1,1
16,236,Agent,1,1
16,237,Agent,1,1
16,238,Agent,1,1
16,239,Agent,1,1
16,240,Agent,1,1
16,241,Agent,1,1
16,242,Agent,1,1
16,243,Agent,1,1
16,244,Agent,1,1
16,245,Agent,1,1
16,246,Agent,1,1
16,247,Agent,1,1
16,248,Agent,1,1
16,249,Agent,1,1
16,250,Agent,1,1
16,251,Agent,1,1
16,252,Agent,1,1
16,253,Agent,1,1
16,254,Agent,1,1
16,255,Agent,1,1
16,256,Agent,1,1
16,257,Agent,1,1
16,258,Agent,1,1
16,259,Agent,1,1
16,260,Agent,1,1
16,261,Agent,1,1
16,262,Agent,1,1
16,263,Agent,1,1
16,264,Agent,1,1
16,265,Agent,2,2
16,266,Agent,1,1
16,267,Agent,1,1
16,268,Agent,1,1
16,269,Agent,50,50
16,270,Agent,50,50
16,271,Agent,50,50
16,272,Agent,50,50
16,273,Agent,50,50
16,274,Agent,50,50
16,275,Agent,50,50
16,276,Agent,50,50
16,277,Agent,50,50
16,278,Agent,50,50
16,279,Agent,50,50
16,280,Agent,50,50
16,281,Agent,50,50
16,282,Agent,50,50
16,283,Agent,50,50
16,284,Agent,50,50
16,285,Agent,50,50
16,286,Agent,50,50
16,287,Agent,50,50
16,288,Agent,50,50
16,289,Agent,9,-42
16,290,Agent,1,1
16,291,Agent,1,1
16,292,Agent,1,1
16,293,Agent,1,1
16,294,Agent,1,1
16,295,Agent,1,1
16,296,Agent,1,1
16,297,Agent,1,1
16,298,Agent,1,1
16,299,Agent,1,1
16,300,Agent,1,1
16,301,Agent,1,1
16,302,Agent,1,1
16,303,Agent,1,1
16,304,Agent,1,1
16,305,Agent,1,1
16,306,Agent,1,1
16,307,Agent,1,1
16,308,Agent,1,1
16,309,Agent,1,1
16,310,Agent,1,1
16,311,Agent,1,1
16,312,Agent,1,1
16,313,Agent,1,1
16,314,Agent,1,1
16,315,Agent,1,1
16,316,Agent,1,1
16,317,Agent,1,1
16,318,Agent,1,1
16,319,Agent,1,1
16,320,Agent,1,1
16,321,Agent,1,1
16,322,Agent,1,1
16,323,Agent,1,1
16,324,Agent,1,1
16,325,Agent,1,1
16,326,Agent,1,1
16,327,Agent,2,2
16,328,Agent,50,50
16,329,Agent,50,50
16,330,Agent,50,50
16,331,Agent,50,50
16,332,Agent,50,50
16,333,Agent,50,50
16,334,Agent,50,50
16,335,Agent,50,50
16,336,Agent,50,50
16,337,Agent,50,50
16,338,Agent,50,50
16,339,Agent,50,50
16,340,Agent,50,50
16,341,Agent,50,50
16,342,Agent,50,50
16,343,Agent,34,-17
16,344,Agent,1,1
16,345,Agent,1,1
16,346,Agent,1,1
16,347,Agent,1,1
16,348,Agent,1,1
16,349,Agent,1,1
16,350,Agent,1,1
16,351,Agent,1,1
16,352,Agent,1,1
16,353,Agent,1,1
16,354,Agent,1,1
16,355,Agent,1,1
16,356,Agent,1,1
16,357,Agent,1,1
16,358,Agent,1,1
16,359,Agent,1,1
16,360,Agent,1,1
16,361,Agent,1,1
16,362,Agent,1,1
16,363,Agent,2,2
16,364,Agent,1,1
16,365,Agent,1,1
16,366,Agent,1,1
16,367,Agent,1,1
16,368,Agent,1,1
16,369,Agent,1,1
16,370,Agent,1,1
16,371,Agent,1,1
16,372,Agent,1,1
16,373,Agent,50,50
16,374,Agent,36,-15
16,375,Agent,1,1
16,376,Agent,1,1
16,377,Agent,1,1
16,378,Agent,1,1
16,379,Agent,1,1
16,380,Agent,1,1
16,381,Agent,1,1
16,382,Agent,1,1
16,383,Agent,1,1
16,384,Agent,1,1
16,385,Agent,1,1
16,386,Agent,1,1
16,387,Agent,1,1
16,388,Agent,1,1
16,389,Agent,1,1
16,390,Agent,1,1
16,391,Agent,1,1
16,392,Agent,1,1
16,393,Agent,1,1
16,394,Agent,1,1
16,395,Agent,1,1
16,396,Agent,1,1
16,397,Agent,1,1
16,398,Agent,1,1
16,399,Agent,1,1
16,400,Agent,1,1
16,401,Agent,1,1
16,402,Agent,1,1
16,403,Agent,2,2
16,404,Agent,1,1
16,405,Agent,1,1
16,406,Agent,1,1
16,407,Agent,2,2
16,408,Agent,9,-42
16,409,Agent,1,1
16,410,Agent,1,1
16,411,Agent,1,1
16,412,Agent,1,1
16,413,Agent,1,1
16,414,Agent,1,1
16,415,Agent,1,1
16,416,Agent,1,1
16,417,Agent,1,1
16,418,Agent,1,1
16,419,Agent,1,1
16,420,Agent,1,1
16,421,Agent,1,1
16,422,Agent,1,1
16,423,Agent,1,1
16,424,Agent,1,1
16,425,Agent,1,1
16,426,Agent,1,1
16,427,Agent,1,1
16,428,Agent,1,1
16,429,Agent,1,1
16,430,Agent,1,1
16,431,Agent,1,1
16,432,Agent,1,1
16,433,Agent,1,1
16,434,Agent,1,1
16,435,Agent,1,1
16,436,Agent,1,1
16,437,Agent,1,1
16,438,Agent,2,2
16,439,Agent,3,3
16,440,Agent,50,50
16,441,Agent,50,50
16,442,Agent,50,50
16,443,Agent,50,50
16,444,Agent,50,50
16,445,Agent,50,50
16,446,Agent,50,50
16,447,Agent,31,-20
16,448,Agent,1,1
16,449,Agent,1,1
16,450,Agent,1,1
16,451,Agent,1,1
16,452,Agent,1,1
16,453,Agent,1,1
16,454,Agent,1,1
16,455,Agent,1,1
16,456,Agent,1,1
16,457,Agent,1,1
16,458,Agent,1,1
16,459,Agent,1,1
16,460,Agent,1,1
16,461,Agent,1,1
16,462,Agent,1,1
16,463,Agent,1,1
16,464,Agent,1,1
16,465,Agent,1,1
16,466,Agent,1,1
16,467,Agent,1,1
16,468,Agent,1,1
16,469,Agent,1,1
16,470,Agent,1,1
16,471,Agent,1,1
16,472,Agent,1,1
16,473,Agent,1,1
16,474,Agent,1,1
16,475,Agent,1,1
16,476,Agent,1,1
16,477,Agent,2,2
16,478,Agent,50,50
16,479,Agent,50,50
16,480,Agent,50,50
16,481,Agent,50,50
16,482,Agent,50,50
16,483,Agent,50,50
16,484,Agent,50,50
16,485,Agent,50,50
16,486,Agent,50,50
16,487,Agent,50,50
16,488,Agent,50,50
16,489,Agent,50,50
16,490,Agent,19,-32
16,491,Agent,1,1
16,492,Agent,1,1
16,493,Agent,1,1
16,494,Agent,1,1
16,495,Agent,1,1
16,496,Agent,1,1
16,497,Agent,1,1
16,498,Agent,1,1
16,499,Agent,1,1
16,500,Agent,1,1
16,501,Agent,1,1
16,502,Agent,1,1
16,503,Agent,1,1
16,504,Agent,1,1
16,505,Agent,1,1
16,506,Agent,1,1
16,507,Agent,1,1
16,508,Agent,1,1
16,509,Agent,1,1
16,510,Agent,1,1
16,511,Agent,1,1
16,512,Agent,1,1
16,513,Agent,1,1
16,514,Agent,1,1
16,515,Agent,1,1
16,516,Agent,1,1
16,517,Agent,1,1
16,518,Agent,1,1
16,519,Agent,1,1
16,520,Agent,1,1
16,521,Agent,1,1
16,522,Agent,2,2
16,523,Agent,3,3
16,524,Agent,2,2
16,525,Agent,50,50
16,526,Agent,50,50
16,527,Agent,50,50
16,528,Agent,50,50
16,529,Agent,50,50
16,530,Agent,35,-16
16,531,Agent,1,1
16,532,Agent,1,1
16,533,Agent,1,1
16,534,Agent,1,1
16,535,Agent,1,1
16,536,Agent,1,1
16,537,Agent,1,1
16,538,Agent,1,1
16,539,Agent,1,1
16,540,Agent,1,1
16,541,Agent,1,1
16,542,Agent,1,1
16,543,Agent,1,1
16,544,Agent,1,1
16,545,Agent,1,1
16,546,Agent,1,1
16,547,Agent,1,1
16,548,Agent,1,1
16,549,Agent,1,1
16,550,Agent,1,1
16,551,Agent,1,1
16,552,Agent,1,1
16,553,Agent,1,1
16,554,Agent,1,1
16,555,Agent,1,1
16,556,Agent,1,1
16,557,Agent,1,1
16,558,Agent,1,1
16,559,Agent,1,1
16,560,Agent,1,1
16,561,Agent,1,1
16,562,Agent,1,1
16,563,Agent,1,1
16,564,Agent,1,1
16,565,Agent,1,1
16,566,Agent,1,1
16,567,Agent,1,1
16,568,Agent,50,50
16,569,Agent,50,50
16,570,Agent,50,50
16,571,Agent,50,50
16,572,Agent,50,50
16,573,Agent,50,50
16,574,Agent,50,50
16,575,Agent,28,-23
16,576,Agent,1,1
16,577,Agent,1,1
16,578,Agent,1,1
16,579,Agent,1,1
16,580,Agent,1,1
16,581,Agent,1,1
16,582,Agent,1,1
16,583,Agent,1,1
16,584,Agent,1,1
16,585,Agent,1,1
16,586,Agent,1,1
16,587,Agent,1,1
16,588,Agent,1,1
16,589,Agent,1,1
16,590,Agent,1,1
16,591,Agent,1,1
16,592,Agent,1,1
16,593,Agent,1,1
16,594,Agent,1,1
16,595,Agent,1,1
16,596,Agent,1,1
16,597,Agent,1,1
16,598,Agent,1,1
16,599,Agent,1,1
16,600,Agent,1,1
16,601,Agent,1,1
16,602,Agent,1,1
16,603,Agent,1,1
16,604,Agent,1,1
16,605,Agent,1,1
16,606,Agent,1,1
16,607,Agent,1,1
16,608,Agent,1,1
16,609,Agent,1,1
16,610,Agent,1,1
16,611,Agent,1,1
16,612,Agent,5,5
16,613,Agent,50,50
16,614,Agent,50,50
16,615,Agent,50,50
16,616,Agent,50,50
16,617,Agent,50,50
16,618,Agent,50,50
16,619,Agent,50,50
16,620,Agent,50,50
16,621,Agent,50,50
16,622,Agent,50,50
16,623,Agent,50,50
16,624,Agent,50,50
16,625,Agent,50,50
16,626,Agent,50,50
16,627,Agent,50,50
16,628,Agent,50,50
16,629,Agent,50,50
16,630,Agent,12,-39
16,631,Agent,1,1
16,632,Agent,1,1
16,633,Agent,1,1
16,634,Agent,1,1
16,635,Agent,1,1
16,636,Agent,1,1
16,637,Agent,1,1
16,638,Agent,1,1
16,639,Agent,1,1
16,640,Agent,1,1
16,641,Agent,1,1
16,642,Agent,1,1
16,643,Agent,1,1
16,644,Agent,1,1
16,645,Agent,1,1
16,646,Agent,1,1
16,647,Agent,1,1
16,648,Agent,1,1
16,649,Agent,1,1
16,650,Agent,1,1
16,651,Agent,1,1
16,652,Agent,1,1
16,653,Agent,1,1
16,654,Agent,1,1
16,655,Agent,1,1
16,656,Agent,1,1
16,657,Agent,1,1
16,658,Agent,1,1
16,659,Agent,4,4
16,660,Agent,50,50
16,661,Agent,50,50
16,662,Agent,50,50
16,663,Agent,9,-42
16,664,Agent,1,1
16,665,Agent,1,1
16,666,Agent,1,1
16,667,Agent,1,1
16,668,Agent,1,1
16,669,Agent,1,1
16,670,Agent,1,1
16,671,Agent,1,1
16,672,Agent,1,1
16,673,Agent,1,1
16,674,Agent,1,1
16,675,Agent,1,1
16,676,Agent,1,1
16,677,Agent,1,1
16,678,Agent,1,1
16,679,Agent,1,1
16,680,Agent,1,1
16,681,Agent,1,1
16,682,Agent,1,1
16,683,Agent,1,1
16,684,Agent,1,1
16,685,Agent,1,1
16,686,Agent,1,1
16,687,Agent,1,1
16,688,Agent,1,1
16,689,Agent,1,1
16,690,Agent,1,1
16,691,Agent,1,1
16,692,Agent,1,1
16,693,Agent,1,1
16,694,Agent,50,50
16,695,Agent,4,-47
16,696,Agent,1,1
16,697,Agent,1,1
16,698,Agent,1,1
16,699,Agent,1,1
16,700,Agent,1,1
16,701,Agent,1,1
16,702,Agent,1,1
16,703,Agent,1,1
16,704,Agent,1,1
16,705,Agent,1,1
16,706,Agent,1,1
16,707,Agent,1,1
16,708,Agent,1,1
16,709,Agent,1,1
16,710,Agent,1,1
16,711,Agent,1,1
16,712,Agent,1,1
16,713,Agent,1,1
16,714,Agent,1,1
16,715,Agent,1,1
16,716,Agent,1,1
16,717,Agent,1,1
16,718,Agent,1,1
16,719,Agent,1,1
16,720,Agent,1,1
16,721,Agent,1,1
16,722,Agent,1,1
16,723,Agent,1,1
16,724,Agent,1,1
16,725,Agent,1,1
16,726,Agent,1,1
16,727,Agent,1,1
16,728,Agent,1,1
16,729,Agent,3,3
16,730,Agent,50,50
16,731,Agent,50,50
16,732,Agent,50,50
16,733,Agent,50,50
16,734,Agent,50,50
16,735,Agent,50,50
16,736,Agent,50,50
16,737,Agent,50,50
16,738,Agent,50,50
16,739,Agent,50,50
16,740,Agent,50,50
16,741,Agent,50,50
16,742,Agent,50,50
16,743,Agent,50,50
16,744,Agent,50,50
16,745,Agent,50,50
16,746,Agent,50,50
16,747,Agent,50,50
16,748,Agent,50,50
16,749,Agent,50,50
16,750,Agent,50,50
16,751,Agent,50,50
16,752,Agent,50,50
16,753,Agent,50,50
16,754,Agent,50,50
16,755,Agent,50,50
16,756,Agent,50,50
16,757,Agent,50,50
16,758,Agent,50,50
16,759,Agent,50,50
16,760,Agent,50,50
16,761,Agent,50,50
16,762,Agent,50,50
16,763,Agent,50,50
16,764,Agent,50,50
16,765,Agent,50,50
16,766,Agent,50,50
16,767,Agent,50,50
16,768,Agent,50,50
16,769,Agent,50,50
16,770,Agent,50,50
16,771,Agent,22,-29
16,772,Agent,1,1
16,773,Agent,1,1
16,774,Agent,1,1
16,775,Agent,1,1
16,776,Agent,1,1
16,777,Agent,1,1
16,778,Agent,1,1
16,779,Agent,1,1
16,780,Agent,1,1
16,781,Agent,1,1
16,782,Agent,1,1
16,783,Agent,1,1
16,784,Agent,1,1
16,785,Agent,1,1
16,786,Agent,1,1
16,787,Agent,1,1
16,788,Agent,1,1
16,789,Agent,1,1
16,790,Agent,1,1
16,791,Agent,1,1
16,792,Agent,1,1
16,793,Agent,1,1
16,794,Agent,1,1
16,795,Agent,1,1
16,796,Agent,2,2
16,797,Agent,1,1
16,798,Agent,1,1
16,799,Agent,1,1
16,800,Agent,50,50
16,801,Agent,50,50
16,802,Agent,50,50
16,803,Agent,50,50
16,804,Agent,50,50
16,805,Agent,50,50
16,806,Agent,50,50
16,807,Agent,50,50
16,808,Agent,50,50
16,809,Agent,50,50
16,810,Agent,50,50
16,811,Agent,50,50
16,812,Agent,50,50
16,813,Agent,28,-23
16,814,Agent,1,1
16,815,Agent,1,1
16,816,Agent,1,1
16,817,Agent,1,1
16,818,Agent,1,1
16,819,Agent,1,1
16,820,Agent,1,1
16,821,Agent,1,1
16,822,Agent,1,1
16,823,Agent,1,1
16,824,Agent,1,1
16,825,Agent,1,1
16,826,Agent,1,1
16,827,Agent,1,1
16,828,Agent,1,1
16,829,Agent,1,1
16,830,Agent,1,1
16,831,Agent,1,1
16,832,Agent,1,1
16,833,Agent,1,1
16,834,Agent,1,1
16,835,Agent,1,1
16,836,Agent,1,1
16,837,Agent,1,1
16,838,Agent,1,1
16,839,Agent,1,1
16,840,Agent,1,1
16,841,Agent,1,1
16,842,Agent,1,1
16,843,Agent,1,1
16,844,Agent,1,1
16,845,Agent,1,1
16,846,Agent,2,2
16,847,Agent,1,1
16,848,Agent,1,1
16,849,Agent,50,50
16,850,Agent,50,50
16,851,Agent,50,50
16,852,Agent,50,50
16,853,Agent,50,50
16,854,Agent,50,50
16,855,Agent,50,50
16,856,Agent,50,50
16,857,Agent,50,50
16,858,Agent,50,50
16,859,Agent,50,50
16,860,Agent,50,50
16,861,Agent,50,50
16,862,Agent,50,50
16,863,Agent,50,50
16,864,Agent,50,50
16,865,Agent,50,50
16,866,Agent,50,50
16,867,Agent,50,50
16,868,Agent,50,50
16,869,Agent,50,50
16,870,Agent,50,50
16,871,Agent,50,50
16,872,Agent,50,50
16,873,Agent,39,-12
16,874,Agent,1,1
16,875,Agent,1,1
16,876,Agent,1,1
16,877,Agent,1,1
16,878,Agent,1,1
16,879,Agent,1,1
16,880,Agent,1,1
16,881,Agent,1,1
16,882,Agent,1,1
16,883,Agent,1,1
16,884,Agent,1,1
16,885,Agent,1,1
16,886,Agent,1,1
16,887,Agent,1,1
16,888,Agent,1,1
16,889,Agent,1,1
16,890,Agent,1,1
16,891,Agent,1,1
16,892,Agent,1,1
16,893,Agent,1,1
16,894,Agent,1,1
16,895,Agent,1,1
16,896,Agent,1,1
16,897,Agent,1,1
16,898,Agent,1,1
16,899,Agent,1,1
16,900,Agent,1,1
16,901,Agent,1,1
16,902,Agent,1,1
16,903,Agent,1,1
16,904,Agent,1,1
16,905,Agent,1,1
16,906,Agent,1,1
16,907,Agent,1,1
16,908,Agent,3,3
16,909,Agent,50,50
16,910,Agent,50,50
16,911,Agent,50,50
16,912,Agent,32,-19
16,913,Agent,1,1
16,914,Agent,1,1
16,915,Agent,1,1
16,916,Agent,1,1
16,917,Agent,1,1
16,918,Agent,1,1
16,919,Agent,1,1
16,920,Agent,1,1
16,921,Agent,1,1
16,922,Agent,1,1
16,923,Agent,1,1
16,924,Agent,1,1
16,925,Agent,1,1
16,926,Agent,1,1
16,927,Agent,1,1
16,928,Agent,1,1
16,929,Agent,1,1
16,930,Agent,1,1
16,931,Agent,1,1
16,932,Agent,1,1
16,933,Agent,1,1
16,934,Agent,1,1
16,935,Agent,1,1
16,936,Agent,1,1
16,937,Agent,1,1
16,938,Agent,1,1
16,939,Agent,1,1
16,940,Agent,1,1
16,941,Agent,1,1
16,942,Agent,1,1
16,943,Agent,1,1
16,944,Agent,2,2
16,945,Agent,3,3
16,946,Agent,50,50
16,947,Agent,3,3
16,948,Agent,50,50
16,949,Agent,50,50
16,950,Agent,50,50
16,951,Agent,50,50
16,952,Agent,50,50
16,953,Agent,48,-3
16,954,Agent,1,1
16,955,Agent,1,1
16,956,Agent,1,1
16,957,Agent,1,1
16,958,Agent,1,1
16,959,Agent,1,1
16,960,Agent,1,1
16,961,Agent,1,1
16,962,Agent,1,1
16,963,Agent,1,1
16,964,Agent,1,1
16,965,Agent,1,1
16,966,Agent,1,1
16,967,Agent,1,1
16,968,Agent,1,1
16,969,Agent,1,1
16,970,Agent,1,1
16,971,Agent,1,1
16,972,Agent,1,1
16,973,Agent,1,1
16,974,Agent,1,1
16,975,Agent,1,1
16,976,Agent,1,1
16,977,Agent,1,1
16,978,Agent,1,1
16,979,Agent,1,1
16,980,Agent,1,1
16,981,Agent,1,1
16,982,Agent,1,1
16,983,Agent,1,1
16,984,Agent,1,1
16,985,Agent,1,1
16,986,Agent,1,1
16,987,Agent,1,1
16,988,Agent,50,50
16,989,Agent,50,50
16,990,Agent,50,50
16,991,Agent,50,50
16,992,Agent,50,50
16,993,Agent,50,50
16,994,Agent,50,50
16,995,Agent,50,50
16,996,Agent,50,50
16,997,Agent,50,50
16,998,Agent,48,-3
16,999,Agent,1,1
16,1000,Agent,1,1
17,1,Agent,1,1
17,2,Agent,1,1
17,3,Agent,2,2
17,4,Agent,1,1
17,5,Agent,2,2
17,6,Agent,1,1
17,7,Agent,50,50
17,8,Agent,50,50
17,9,Agent,50,50
17,10,Agent,50,50
17,11,Agent,50,50
17,12,Agent,35,-16
17,13,Agent,1,1
17,14,Agent,1,1
17,15,Agent,1,1
17,16,Agent,1,1
17,17,Agent,1,1
17,18,Agent,1,1
17,19,Agent,1,1
17,20,Agent,1,1
17,21,Agent,1,1
17,22,Agent,1,1
17,23,Agent,1,1
17,24,Agent,1,1
17,25,Agent,1,1
17,26,Agent,1,1
17,27,Agent,1,1
17,28,Agent,1,1
17,29,Agent,1,1
17,30,Agent,1,1
17,31,Agent,1,1
17,32,Agent,1,1
17,33,Agent,1,1
17,34,Agent,1,1
17,35,Agent,1,1
17,36,Agent,1,1
17,37,Agent,1,1
17,38,Agent,1,1
17,39,Agent,1,1
17,40,Agent,1,1
17,41,Agent,1,1
17,42,Agent,1,1
17,43,Agent,1,1
17,44,Agent,1,1
17,45,Agent,1,1
17,46,Agent,1,1
17,47,Agent,7,7
17,48,Agent,50,50
17,49,Agent,50,50
17,50,Agent,22,-29
17,51,Agent,1,1
17,52,Agent,1,1
17,53,Agent,1,1
17,54,Agent,1,1
17,55,Agent,1,1
17,56,Agent,1,1
17,57,Agent,1,1
17,58,Agent,1,1
17,59,Agent,1,1
17,60,Agent,1,1
17,61,Agent,1,1
17,62,Agent,1,1
17,63,Agent,1,1
17,64,Agent,1,1
17,65,Agent,1,1
17,66,Agent,1,1
17,67,Agent,1,1
17,68,Agent,1,1
17,69,Agent,1,1
17,70,Agent,1,1
17,71,Agent,1,1
17,72,Agent,1,1
17,73,Agent,1,1
17,74,Agent,1,1
17,75,Agent,1,1
17,76,Agent,1,1
17,77,Agent,1,1
17,78,Agent,1,1
17,79,Agent,1,1
17,80,Agent,1,1
17,81,Agent,1,1
17,82,Agent,2,2
17,83,Agent,3,3
17,84,Agent,50,50
17,85,Agent,50,50
17,86,Agent,50,50
17,87,Agent,50,50
17,88,Agent,50,50
17,89,Agent,50,50
17,90,Agent,50,50
17,91,Agent,50,50
17,92,Agent,50,50
17,93,Agent,50,50
17,94,Agent,36,-15
17,95,Agent,1,1
17,96,Agent,1,1
17,97,Agent,1,1
17,98,Agent,1,1
17,99,Agent,1,1
17,100,Agent,1,1
17,101,Agent,1,1
17,102,Agent,1,1
17,103,Agent,1,1
17,104,Agent,1,1
17,105,Agent,1,1
17,106,Agent,1,1
17,107,Agent,1,1
17,108,Agent,1,1
17,109,Agent,1,1
17,110,Agent,1,1
17,111,Agent,1,1
17,112,Agent,1,1
17,113,Agent,1,1
17,114,Agent,1,1
17,115,Agent,1,1
17,116,Agent,1,1
17,117,Agent,1,1
17,118,Agent,1,1
17,119,Agent,1,1
17,120,Agent,1,1
17,121,Agent,1,1
17,122,Agent,1,1
17,123,Agent,1,1
17,124,Agent,50,50
17,125,Agent,50,50
17,126,Agent,50,50
17,127,Agent,50,50
17,128,Agent,50,50
17,129,Agent,50,50
17,130,Agent,50,50
17,131,Agent,50,50
17,132,Agent,50,50
17,133,Agent,50,50
17,134,Agent,50,50
17,135,Agent,50,50
17,136,Agent,50,50
17,137,Agent,50,50
17,138,Agent,50,50
17,139,Agent,50,50
17,140,Agent,32,-19
17,141,Agent,1,1
17,142,Agent,1,1
17,143,Agent,1,1
17,144,Agent,1,1
17,145,Agent,1,1
17,146,Agent,1,1
17,147,Agent,1,1
17,148,Agent,1,1
17,149,Agent,1,1
17,150,Agent,1,1
17,151,Agent,1,1
17,152,Agent,1,1
17,153,Agent,1,1
17,154,Agent,1,1
17,155,Agent,1,1
17,156,Agent,1,1
17,157,Agent,1,1
17,158,Agent,1,1
17,159,Agent,1,1
17,160,Agent,1,1
17,161,Agent,1,1
17,162,Agent,1,1
17,163,Agent,1,1
17,164,Agent,1,1
17,165,Agent,2,2
17,166,Agent,1,1
17,167,Agent,1,1
17,168,Agent,50,50
17,169,Agent,50,50
17,170,Agent,50,50
17,171,Agent,50,50
17,172,Agent,50,50
17,173,Agent,50,50
17,174,Agent,50,50
17,175,Agent,50,50
17,176,Agent,50,50
17,177,Agent,50,50
17,178,Agent,50,50
17,179,Agent,50,50
17,180,Agent,50,50
17,181,Agent,50,50
17,182,Agent,50,50
17,183,Agent,50,50
17,184,Agent,50,50
17,185,Agent,50,50
17,186,Agent,50,50
17,187,Agent,50,50
17,188,Agent,50,50
17,189,Agent,50,50
17,190,Agent,50,50
17,191,Agent,50,50
17,192,Agent,50,50
17,193,Agent,50,50
17,194,Agent,20,-31
17,195,Agent,1,1
17,196,Agent,1,1
17,197,Agent,1,1
17,198,Agent,1,1
17,199,Agent,1,1
17,200,Agent,1,1
17,201,Agent,1,1
17,202,Agent,1,1
17,203,Agent,1,1
17,204,Agent,1,1
17,205,Agent,1,1
17,206,Agent,1,1
17,207,Agent,1,1
17,208,Agent,1,1
17,209,Agent,1,1
17,210,Agent,1,1
17,211,Agent,1,1
17,212,Agent,1,1
17,213,Agent,1,1
17,214,Agent,1,1
17,215,Agent,1,1
17,216,Agent,1,1
17,217,Agent,1,1
17,218,Agent,1,1
17,219,Agent,1,1
17,220,Agent,1,1
17,221,Agent,1,1
17,222,Agent,1,1
17,223,Agent,1,1
17,224,Agent,1,1
17,225,Agent,1,1
17,226,Agent,1,1
17,227,Agent,1,1
17,228,Agent,50,50
17,229,Agent,50,50
17,230,Agent,50,50
17,231,Agent,50,50
17,232,Agent,50,50
17,233,Agent,50,50
17,234,Agent,50,50
17,235,Agent,50,50
17,236,Agent,50,50
17,237,Agent,50,50
17,238,Agent,50,50
17,239,Agent,50,50
17,240,Agent,50,50
17,241,Agent,50,50
17,242,Agent,50,50
17,243,Agent,50,50
17,244,Agent,50,50
17,245,Agent,50,50
17,246,Agent,50,50
17,247,Agent,50,50
17,248,Agent,50,50
17,249,Agent,50,50
17,250,Agent,50,50
17,251,Agent,50,50
17,252,Agent,50,50
17,253,Agent,50,50
17,254,Agent,50,50
17,255,Agent,50,50
17,256,Agent,50,50
17,257,Agent,50,-1
17,258,Agent,1,1
17,259,Agent,1,1
17,260,Agent,1,1
17,261,Agent,1,1
17,262,Agent,1,1
17,263,Agent,1,1
17,264,Agent,1,1
17,265,Agent,1,1
17,266,Agent,1,1
17,267,Agent,1,1
17,268,Agent,1,1
17,269,Agent,1,1
17,270,Agent,1,1
17,271,Agent,1,1
17,272,Agent,1,1
17,273,Agent,1,1
17,274,Agent,1,1
17,275,Agent,1,1
17,276,Agent,1,1
17,277,Agent,1,1
17,278,Agent,1,1
17,279,Agent,1,1
17,280,Agent,1,1
17,281,Agent,2,2
17,282,Agent,1,1
17,283,Agent,1,1
17,284,Agent,1,1
17,285,Agent,1,1
17,286,Agent,2,2
17,287,Agent,1,1
17,288,Agent,1,1
17,289,Agent,1,1
17,290,Agent,1,1
17,291,Agent,2,2
17,292,Agent,1,1
17,293,Agent,1,1
17,294,Agent,7,7
17,295,Agent,50,50
17,296,Agent,50,50
17,297,Agent,50,50
17,298,Agent,50,50
17,299,Agent,50,50
17,300,Agent,50,50
17,301,Agent,50,50
17,302,Agent,50,50
17,303,Agent,50,50
17,304,Agent,50,50
17,305,Agent,50,50
17,306,Agent,50,50
17,307,Agent,50,50
17,308,Agent,50,50
17,309,Agent,50,50
17,310,Agent,50,50
17,311,Agent,50,50
17,312,Agent,50,50
17,313,Agent,50,50
17,314,Agent,50,50
17,315,Agent,50,50
17,316,Agent,50,50
17,317,Agent,50,50
17,318,Agent,50,50
17,319,Agent,50,50
17,320,Agent,50,50
17,321,Agent,50,50
17,322,Agent,50,50
17,323,Agent,50,-1
17,324,Agent,1,1
17,325,Agent,1,1
17,326,Agent,1,1
17,327,Agent,1,1
17,328,Agent,1,1
17,329,Agent,1,1
17,330,Agent,1,1
17,331,Agent,1,1
17,332,Agent,1,1
17,333,Agent,1,1
17,334,Agent,1,1
17,335,Agent,1,1
17,336,Agent,1,1
17,337,Agent,1,1
17,338,Agent,1,1
17,339,Agent,1,1
17,340,Agent,1,1
17,341,Agent,1,1
17,342,Agent,1,1
17,343,Agent,1,1
17,344,Agent,1,1
17,345,Agent,1,1
17,346,Agent,1,1
17,347,Agent,1,1
17,348,Agent,1,1
17,349,Agent,1,1
17,350,Agent,1,1
17,351,Agent,1,1
17,352,Agent,1,1
17,353,Agent,1,1
17,354,Agent,2,2
17,355,Agent,1,1
17,356,Agent,3,3
17,357,Agent,50,50
17,358,Agent,50,50
17,359,Agent,50,50
17,360,Agent,50,50
17,361,Agent,50,50
17,362,Agent,50,50
17,363,Agent,50,50
17,364,Agent,50,50
17,365,Agent,50,50
17,366,Agent,50,50
17,367,Agent,50,50
17,368,Agent,50,50
17,369,Agent,50,50
17,370,Agent,50,50
17,371,Agent,50,50
17,372,Agent,50,50
17,373,Agent,40,-11
17,374,Agent,1,1
17,375,Agent,1,1
17,376,Agent,1,1
17,377,Agent,1,1
17,378,Agent,1,1
17,379,Agent,1,1
17,380,Agent,1,1
17,381,Agent,1,1
17,382,Agent,1,1
17,383,Agent,1,1
17,384,Agent,1,1
17,385,Agent,1,1
17,386,Agent,1,1
17,387,Agent,1,1
17,388,Agent,1,1
17,389,Agent,1,1
17,390,Agent,1,1
17,391,Agent,1,1
17,392,Agent,1,1
17,393,Agent,1,1
17,394,Agent,1,1
17,395,Agent,1,1
17,396,Agent,1,1
17,397,Agent,1,1
17,398,Agent,1,1
17,399,Agent,1,1
17,400,Agent,1,1
17,401,Agent,1,1
17,402,Agent,1,1
17,403,Agent,1,1
17,404,Agent,1,1
17,405,Agent,1,1
17,406,Agent,1,1
17,407,Agent,1,1
17,408,Agent,2,2
17,409,Agent,1,1
17,410,Agent,2,2
17,411,Agent,50,50
17,412,Agent,50,50
17,413,Agent,50,50
17,414,Agent,50,50
17,415,Agent,50,50
17,416,Agent,50,50
17,417,Agent,50,50
17,418,Agent,50,50
17,419,Agent,37,-14
17,420,Agent,1,1
17,421,Agent,1,1
17,422,Agent,1,1
17,423,Agent,1,1
17,424,Agent,1,1
17,425,Agent,1,1
17,426,Agent,1,1
17,427,Agent,1,1
17,428,Agent,1,1
17,429,Agent,1,1
17,430,Agent,1,1
17,431,Agent,1,1
17,432,Agent,1,1
17,433,Agent,1,1
17,434,Agent,1,1
17,435,Agent,1,1
17,436,Agent,1,1
17,437,Agent,1,1
17,438,Agent,1,1
17,439,Agent,1,1
17,440,Agent,1,1
17,441,Agent,1,1
17,442,Agent,1,1
17,443,Agent,1,1
17,444,Agent,1,1
17,445,Agent,1,1
17,446,Agent,1,1
17,447,Agent,1,1
17,448,Agent,1,1
17,449,Agent,1,1
17,450,Agent,1,1
17,451,Agent,1,1
17,452,Agent,1,1
17,453,Agent,2,2
17,454,Agent,1,1
17,455,Agent,34,-17
17,456,Agent,1,1
17,457,Agent,1,1
17,458,Agent,1,1
17,459,Agent,1,1
17,460,Agent,1,1
17,461,Agent,1,1
17,462,Agent,1,1
17,463,Agent,1,1
17,464,Agent,1,1
17,465,Agent,1,1
17,466,Agent,1,1
17,467,Agent,1,1
17,468,Agent,1,1
17,469,Agent,1,1
17,470,Agent,1,1
17,471,Agent,1,1
17,472,Agent,1,1
17,473,Agent,1,1
17,474,Agent,1,1
17,475,Agent,1,1
17,476,Agent,1,1
17,477,Agent,1,1
17,478,Agent,1,1
17,479,Agent,1,1
17,480,Agent,1,1
17,481,Agent,1,1
17,482,Agent,1,1
17,483,Agent,1,1
17,484,Agent,1,1
17,485,Agent,1,1
17,486,Agent,1,1
17,487,Agent,1,1
17,488,Agent,1,1
17,489,Agent,1,1
17,490,Agent,1,1
17,491,Agent,2,2
17,492,Agent,50,50
17,493,Agent,50,50
17,494,Agent,50,50
17,495,Agent,50,50
17,496,Agent,50,50
17,497,Agent,50,50
17,498,Agent,50,50
17,499,Agent,50,50
17,500,Agent,50,50
17,501,Agent,50,50
17,502,Agent,50,50
17,503,Agent,50,50
17,504,Agent,50,50
17,505,Agent,50,50
17,506,Agent,50,50
17,507,Agent,50,50
17,508,Agent,50,50
17,509,Agent,50,50
17,510,Agent,50,50
17,511,Agent,50,50
17,512,Agent,50,50
17,513,Agent,50,50
17,514,Agent,50,50
17,515,Agent,50,50
17,516,Agent,50,50
17,517,Agent,11,-40
17,518,Agent,1,1
17,519,Agent,1,1
17,520,Agent,1,1
17,521,Agent,1,1
17,522,Agent,1,1
17,523,Agent,1,1
17,524,Agent,1,1
17,525,Agent,1,1
17,526,Agent,1,1
17,527,Agent,1,1
17,528,Agent,1,1
17,529,Agent,1,1
17,530,Agent,1,1
17,531,Agent,1,1
17,532,Agent,1,1
17,533,Agent,1,1
17,534,Agent,1,1
17,535,Agent,1,1
17,536,Agent,1,1
17,537,Agent,1,1
17,538,Agent,1,1
17,539,Agent,1,1
17,540,Agent,2,2
17,541,Agent,1,1
17,542,Agent,1,1
17,543,Agent,1,1
17,544,Agent,1,1
17,545,Agent,50,50
17,546,Agent,50,50
17,547,Agent,50,50
17,548,Agent,50,50
17,549,Agent,50,50
17,550,Agent,50,50
17,551,Agent,50,50
17,552,Agent,50,50
17,553,Agent,50,50
17,554,Agent,50,50
17,555,Agent,50,50
17,556,Agent,50,50
17,557,Agent,50,50
17,558,Agent,50,50
17,559,Agent,50,50
17,560,Agent,50,50
17,561,Agent,50,50
17,562,Agent,50,50
17,563,Agent,50,50
17,564,Agent,50,50
17,565,Agent,50,50
17,566,Agent,50,50
17,567,Agent,50,50
17,568,Agent,50,50
17,569,Agent,50,50
17,570,Agent,50,50
17,571,Agent,50,50
17,572,Agent,50,50
17,573,Agent,50,50
17,574,Agent,50,50
17,575,Agent,50,50
17,576,Agent,50,50
17,577,Agent,36,-15
17,578,Agent,1,1
17,579,Agent,1,1
17,580,Agent,1,1
17,581,Agent,1,1
17,582,Agent,1,1
17,583,Agent,1,1
17,584,Agent,1,1
17,585,Agent,1,1
17,586,Agent,1,1
17,587,Agent,1,1
17,588,Agent,1,1
17,589,Agent,1,1
17,590,Agent,1,1
17,591,Agent,1,1
17,592,Agent,1,1
17,593,Agent,1,1
17,594,Agent,1,1
17,595,Agent,1,1
17,596,Agent,1,1
17,597,Agent,1,1
17,598,Agent,1,1
17,599,Agent,1,1
17,600,Agent,1,1
17,601,Agent,1,1
17,602,Agent,1,1
17,603,Agent,1,1
17,604,Agent,1,1
17,605,Agent,1,1
17,606,Agent,1,1
17,607,Agent,1,1
17,608,Agent,1,1
17,609,Agent,2,2
17,610,Agent,1,1
17,611,Agent,50,50
17,612,Agent,50,50
17,613,Agent,50,50
17,614,Agent,50,50
17,615,Agent,50,50
17,616,Agent,50,50
17,617,Agent,50,50
17,618,Agent,25,-26
17,619,Agent,1,1
17,620,Agent,1,1
17,621,Agent,1,1
17,622,Agent,1,1
17,623,Agent,1,1
17,624,Agent,1,1
17,625,Agent,1,1
17,626,Agent,1,1
17,627,Agent,1,1
17,628,Agent,1,1
17,629,Agent,1,1
17,630,Agent,1,1
17,631,Agent,1,1
17,632,Agent,1,1
17,633,Agent,1,1
17,634,Agent,1,1
17,635,Agent,1,1
17,636,Agent,1,1
17,637,Agent,1,1
17,638,Agent,1,1
17,639,Agent,1,1
17,640,Agent,1,1
17,641,Agent,1,1
17,642,Agent,1,1
17,643,Agent,1,1
17,644,Agent,1,1
17,645,Agent,1,1
17,646,Agent,1,1
17,647,Agent,1,1
17,648,Agent,1,1
17,649,Agent,1,1
17,650,Agent,1,1
17,651,Agent,2,2
17,652,Agent,2,2
17,653,Agent,50,50
17,654,Agent,50,50
17,655,Agent,50,50
17,656,Agent,50,50
17,657,Agent,50,50
17,658,Agent,50,50
17,659,Agent,50,50
17,660,Agent,50,50
17,661,Agent,50,50
17,662,Agent,50,50
17,663,Agent,50,50
17,664,Agent,50,50
17,665,Agent,50,50
17,666,Agent,50,50
17,667,Agent,50,50
17,668,Agent,50,50
17,669,Agent,50,50
17,670,Agent,50,50
17,671,Agent,50,50
17,672,Agent,50,50
17,673,Agent,50,50
17,674,Agent,50,50
17,675,Agent,50,50
17,676,Agent,50,50
17,677,Agent,50,50
17,678,Agent,50,50
17,679,Agent,50,50
17,680,Agent,50,50
17,681,Agent,50,50
17,682,Agent,50,50
17,683,Agent,50,50
17,684,Agent,50,50
17,685,Agent,50,50
17,686,Agent,50,50
17,687,Agent,50,50
17,688,Agent,50,50
17,689,Agent,50,50
17,690,Agent,50,50
17,691,Agent,50,50
17,692,Agent,50,50
17,693,Agent,50,50
17,694,Agent,50,50
17,695,Agent,50,50
17,696,Agent,50,50
17,697,Agent,50,50
17,698,Agent,50,50
17,699,Agent,50,50
17,700,Agent,50,50
17,701,Agent,50,50
17,702,Agent,50,50
17,703,Agent,18,-33
17,704,Agent,1,1
17,705,Agent,1,1
17,706,Agent,1,1
17,707,Agent,1,1
17,708,Agent,1,1
17,709,Agent,1,1
17,710,Agent,1,1
17,711,Agent,1,1
17,712,Agent,1,1
17,713,Agent,1,1
17,714,Agent,1,1
17,715,Agent,1,1
17,716,Agent,1,1
17,717,Agent,1,1
17,718,Agent,1,1
17,719,Agent,1,1
17,720,Agent,1,1
17,721,Agent,1,1
17,722,Agent,1,1
17,723,Agent,1,1
17,724,Agent,1,1
17,725,Agent,1,1
17,726,Agent,1,1
17,727,Agent,1,1
17,728,Agent,1,1
17,729,Agent,1,1
17,730,Agent,1,1
17,731,Agent,1,1
17,732,Agent,1,1
17,733,Agent,1,1
17,734,Agent,1,1
17,735,Agent,1,1
17,736,Agent,1,1
17,737,Agent,1,1
17,738,Agent,1,1
17,739,Agent,1,1
17,740,Agent,1,1
17,741,Agent,1,1
17,742,Agent,1,1
17,743,Agent,2,2
17,744,Agent,1,1
17,745,Agent,43,-8
17,746,Agent,1,1
17,747,Agent,1,1
17,748,Agent,1,1
17,749,Agent,1,1
17,750,Agent,1,1
17,751,Agent,1,1
17,752,Agent,1,1
17,753,Agent,1,1
17,754,Agent,1,1
17,755,Agent,1,1
17,756,Agent,1,1
17,757,Agent,1,1
17,758,Agent,1,1
17,759,Agent,1,1
17,760,Agent,1,1
17,761,Agent,1,1
17,762,Agent,1,1
17,763,Agent,1,1
17,764,Agent,1,1
17,765,Agent,1,1
17,766,Agent,1,1
17,767,Agent,1,1
17,768,Agent,1,1
17,769,Agent,1,1
17,770,Agent,1,1
17,771,Agent,1,1
17,772,Agent,1,1
17,773,Agent,1,1
17,774,Agent,1,1
17,775,Agent,2,2
17,776,Agent,50,50
17,777,Agent,50,50
17,778,Agent,50,50
17,779,Agent,50,50
17,780,Agent,43,-8
17,781,Agent,1,1
17,782,Agent,1,1
17,783,Agent,1,1
17,784,Agent,1,1
17,785,Agent,1,1
17,786,Agent,1,1
17,787,Agent,1,1
17,788,Agent,1,1
17,789,Agent,1,1
17,790,Agent,1,1
17,791,Agent,1,1
17,792,Agent,1,1
17,793,Agent,1,1
17,794,Agent,1,1
17,795,Agent,1,1
17,796,Agent,1,1
17,797,Agent,1,1
17,798,Agent,1,1
17,799,Agent,1,1
17,800,Agent,1,1
17,801,Agent,1,1
17,802,Agent,1,1
17,803,Agent,1,1
17,804,Agent,1,1
17,805,Agent,1,1
17,806,Agent,1,1
17,807,Agent,1,1
17,808,Agent,1,1
17,809,Agent,1,1
17,810,Agent,1,1
17,811,Agent,1,1
17,812,Agent,1,1
17,813,Agent,1,1
17,814,Agent,5,5
17,815,Agent,50,50
17,816,Agent,50,50
17,817,Agent,50,50
17,818,Agent,50,50
17,819,Agent,50,50
17,820,Agent,50,50
17,821,Agent,50,50
17,822,Agent,50,50
17,823,Agent,50,50
17,824,Agent,50,50
17,825,Agent,50,50
17,826,Agent,50,50
17,827,Agent,50,50
17,828,Agent,7,-44
17,829,Agent,1,1
17,830,Agent,1,1
17,831,Agent,1,1
17,832,Agent,1,1
17,833,Agent,1,1
17,834,Agent,1,1
17,835,Agent,1,1
17,836,Agent,1,1
17,837,Agent,1,1
17,838,Agent,1,1
17,839,Agent,1,1
17,840,Agent,1,1
17,841,Agent,1,1
17,842,Agent,1,1
17,843,Agent,1,1
17,844,Agent,1,1
17,845,Agent,1,1
17,846,Agent,1,1
17,847,Agent,1,1
17,848,Agent,1,1
17,849,Agent,1,1
17,850,Agent,1,1
17,851,Agent,1,1
17,852,Agent,1,1
17,853,Agent,2,2
17,854,Agent,1,1
17,855,Agent,1,1
17,856,Agent,1,1
17,857,Agent,1,1
17,858,Agent,50,50
17,859,Agent,50,50
17,860,Agent,50,50
17,861,Agent,50,50
17,862,Agent,50,50
17,863,Agent,50,50
17,864,Agent,50,50
17,865,Agent,50,50
17,866,Agent,50,50
17,867,Agent,50,50
17,868,Agent,50,50
17,869,Agent,50,50
17,870,Agent,50,50
17,871,Agent,50,50
17,872,Agent,50,50
17,873,Agent,50,50
17,874,Agent,50,50
17,875,Agent,50,50
17,876,Agent,50,50
17,877,Agent,50,50
17,878,Agent,50,50
17,879,Agent,8,8
17,880,Agent,38,-13
17,881,Agent,1,1
17,882,Agent,1,1
17,883,Agent,1,1
17,884,Agent,1,1
17,885,Agent,1,1
17,886,Agent,1,1
17,887,Agent,1,1
17,888,Agent,1,1
17,889,Agent,1,1
17,890,Agent,1,1
17,891,Agent,1,1
17,892,Agent,1,1
17,893,Agent,1,1
17,894,Agent,1,1
17,895,Agent,1,1
17,896,Agent,1,1
17,897,Agent,1,1
17,898,Agent,1,1
17,899,Agent,1,1
17,900,Agent,1,1
17,901,Agent,1,1
17,902,Agent,1,1
17,903,Agent,1,1
17,904,Agent,2,2
17,905,Agent,1,1
17,906,Agent,1,1
17,907,Agent,1,1
17,908,Agent,1,1
17,909,Agent,1,1
17,910,Agent,1,1
17,911,Agent,4,4
17,912,Agent,50,50
17,913,Agent,50,50
17,914,Agent,50,50
17,915,Agent,50,50
17,916,Agent,50,50
17,917,Agent,50,50
17,918,Agent,50,50
17,919,Agent,50,50
17,920,Agent,50,50
17,921,Agent,50,50
17,922,Agent,50,50
17,923,Agent,50,50
17,924,Agent,50,50
17,925,Agent,50,50
17,926,Agent,50,50
17,927,Agent,50,50
17,928,Agent,50,50
17,929,Agent,50,50
17,930,Agent,50,50
17,931,Agent,23,-28
17,932,Agent,1,1
17,933,Agent,1,1
17,934,Agent,1,1
17,935,Agent,1,1
17,936,Agent,1,1
17,937,Agent,1,1
17,938,Agent,1,1
17,939,Agent,1,1
17,940,Agent,1,1
17,941,Agent,1,1
17,942,Agent,1,1
17,943,Agent,1,1
17,944,Agent,1,1
17,945,Agent,1,1
17,946,Agent,1,1
17,947,Agent,1,1
17,948,Agent,1,1
17,949,Agent,1,1
17,950,Agent,1,1
17,951,Agent,1,1
17,952,Agent,1,1
17,953,Agent,1,1
17,954,Agent,1,1
17,955,Agent,1,1
17,956,Agent,1,1
17,957,Agent,1,1
17,958,Agent,1,1
17,959,Agent,1,1
17,960,Agent,1,1
17,961,Agent,1,1
17,962,Agent,1,1
17,963,Agent,1,1
17,964,Agent,1,1
17,965,Agent,1,1
17,966,Agent,1,1
17,967,Agent,1,1
17,968,Agent,1,1
17,969,Agent,27,-24
17,970,Agent,1,1
17,971,Agent,1,1
17,972,Agent,1,1
17,973,Agent,1,1
17,974,Agent,1,1
17,975,Agent,1,1
17,976,Agent,1,1
17,977,Agent,1,1
17,978,Agent,1,1
17,979,Agent,1,1
17,980,Agent,1,1
17,981,Agent,1,1
17,982,Agent,1,1
17,983,Agent,1,1
17,984,Agent,1,1
17,985,Agent,1,1
17,986,Agent,1,1
17,987,Agent,1,1
17,988,Agent,1,1
17,989,Agent,1,1
17,990,Agent,1,1
17,991,Agent,1,1
17,992,Agent,1,1
17,993,Agent,1,1
17,994,Agent,1,1
17,995,Agent,1,1
17,996,Agent,1,1
17,997,Agent,1,1
17,998,Agent,1,1
17,999,Agent,1,1
17,1000,Agent,1,1
18,1,Agent,2,2
18,2,Agent,1,1
18,3,Agent,1,1
18,4,Agent,2,2
18,5,Agent,1,1
18,6,Agent,50,50
18,7,Agent,48,-3
18,8,Agent,1,1
18,9,Agent,1,1
18,10,Agent,1,1
18,11,Agent,1,1
18,12,Agent,1,1
18,13,Agent,1,1
18,14,Agent,1,1
18,15,Agent,1,1
18,16,Agent,1,1
18,17,Agent,1,1
18,18,Agent,1,1
18,19,Agent,1,1
18,20,Agent,1,1
18,21,Agent,1,1
18,22,Agent,1,1
18,23,Agent,1,1
18,24,Agent,1,1
18,25,Agent,1,1
18,26,Agent,1,1
18,27,Agent,1,1
18,28,Agent,1,1
18,29,Agent,1,1
18,30,Agent,1,1
18,31,Agent,1,1
18,32,Agent,1,1
18,33,Agent,1,1
18,34,Agent,1,1
18,35,Agent,1,1
18,36,Agent,1,1
18,37,Agent,2,2
18,38,Agent,2,2
18,39,Agent,50,50
18,40,Agent,50,50
18,41,Agent,50,50
18,42,Agent,50,50
18,43,Agent,50,50
18,44,Agent,50,50
18,45,Agent,50,50
18,46,Agent,50,50
18,47,Agent,50,50
18,48,Agent,50,50
18,49,Agent,50,50
18,50,Agent,50,50
18,51,Agent,50,50
18,52,Agent,13,-38
18,53,Agent,1,1
18,54,Agent,1,1
18,55,Agent,1,1
18,56,Agent,1,1
18,57,Agent,1,1
18,58,Agent,1,1
18,59,Agent,1,1
18,60,Agent,1,1
18,61,Agent,1,1
18,62,Agent,1,1
18,63,Agent,1,1
18,64,Agent,1,1
18,65,Agent,1,1
18,66,Agent,1,1
18,67,Agent,1,1
18,68,Agent,1,1
18,69,Agent,1,1
18,70,Agent,1,1
18,71,Agent,1,1
18,72,Agent,1,1
18,73,Agent,1,1
18,74,Agent,1,1
18,75,Agent,1,1
18,76,Agent,1,1
18,77,Agent,1,1
18,78,Agent,1,1
18,79,Agent,1,1
18,80,Agent,1,1
18,81,Agent,1,1
18,82,Agent,1,1
18,83,Agent,1,1
18,84,Agent,1,1
18,85,Agent,1,1
18,86,Agent,2,2
18,87,Agent,3,3
18,88,Agent,50,50
18,89,Agent,50,50
18,90,Agent,50,50
18,91,Agent,50,50
18,92,Agent,5,-46
18,93,Agent,1,1
18,94,Agent,1,1
18,95,Agent,1,1
18,96,Agent,1,1
18,97,Agent,1,1
18,98,Agent,1,1
18,99,Agent,1,1
18,100,Agent,1,1
18,101,Agent,1,1
18,102,Agent,1,1
18,103,Agent,1,1
18,104,Agent,1,1
18,105,Agent,1,1
18,106,Agent,1,1
18,107,Agent,1,1
18,108,Agent,1,1
18,109,Agent,1,1
18,110,Agent,1,1
18,111,Agent,1,1
18,112,Agent,1,1
18,113,Agent,1,1
18,114,Agent,1,1
18,115,Agent,1,1
18,116,Agent,1,1
18,117,Agent,3,3
18,118,Agent,1,1
18,119,Agent,1,1
18,120,Agent,1,1
18,121,Agent,1,1
18,122,Agent,50,50
18,123,Agent,50,50
18,124,Agent,50,50
18,125,Agent,21,-30
18,126,Agent,1,1
18,127,Agent,1,1
18,128,Agent,1,1
18,129,Agent,1,1
18,130,Agent,1,1
18,131,Agent,1,1
18,132,Agent,1,1
18,133,Agent,1,1
18,134,Agent,1,1
18,135,Agent,1,1
18,136,Agent,1,1
18,137,Agent,1,1
18,138,Agent,1,1
18,139,Agent,1,1
18,140,Agent,1,1
18,141,Agent,1,1
18,142,Agent,1,1
18,143,Agent,1,1
18,144,Agent,1,1
18,145,Agent,1,1
18,146,Agent,1,1
18,147,Agent,1,1
18,148,Agent,1,1
18,149,Agent,1,1
18,150,Agent,2,2
18,151,Agent,1,1
18,152,Agent,1,1
18,153,Agent,1,1
18,154,Agent,1,1
18,155,Agent,1,1
18,156,Agent,1,1
18,157,Agent,1,1
18,158,Agent,6,6
18,159,Agent,50,50
18,160,Agent,50,50
18,161,Agent,50,50
18,162,Agent,50,50
18,163,Agent,50,50
18,164,Agent,50,50
18,165,Agent,50,50
18,166,Agent,50,50
18,167,Agent,50,50
18,168,Agent,50,50
18,169,Agent,50,50
18,170,Agent,50,50
18,171,Agent,50,50
18,172,Agent,50,50
18,173,Agent,50,50
18,174,Agent,50,50
18,175,Agent,50,50
18,176,Agent,50,50
18,177,Agent,50,50
18,178,Agent,50,50
18,179,Agent,50,50
18,180,Agent,50,50
18,181,Agent,50,50
18,182,Agent,50,50
18,183,Agent,50,50
18,184,Agent,50,50
18,185,Agent,50,50
18,186,Agent,50,50
18,187,Agent,50,50
18,188,Agent,50,50
18,189,Agent,50,50
18,190,Agent,50,50
18,191,Agent,50,50
18,192,Agent,50,50
18,193,Agent,20,-31
18,194,Agent,1,1
18,195,Agent,1,1
18,196,Agent,1,1
18,197,Agent,1,1
18,198,Agent,1,1
18,199,Agent,1,1
18,200,Agent,1,1
18,201,Agent,1,1
18,202,Agent,1,1
18,203,Agent,1,1
18,204,Agent,1,1
18,205,Agent,1,1
18,206,Agent,1,1
18,207,Agent,1,1
18,208,Agent,1,1
18,209,Agent,1,1
18,210,Agent,1,1
18,211,Agent,1,1
18,212,Agent,1,1
18,213,Agent,1,1
18,214,Agent,1,1
18,215,Agent,1,1
18,216,Agent,1,1
18,217,Agent,1,1
18,218,Agent,1,1
18,219,Agent,1,1
18,220,Agent,1,1
18,221,Agent,1,1
18,222,Agent,1,1
18,223,Agent,1,1
18,224,Agent,1,1
18,225,Agent,2,2
18,226,Agent,2,2
18,227,Agent,50,50
18,228,Agent,50,50
18,229,Agent,50,50
18,230,Agent,50,50
18,231,Agent,50,50
18,232,Agent,50,50
18,233,Agent,50,50
18,234,Agent,50,50
18,235,Agent,50,50
18,236,Agent,50,50
18,237,Agent,50,50
18,238,Agent,50,50
18,239,Agent,50,50
18,240,Agent,50,50
18,241,Agent,50,50
18,242,Agent,50,50
18,243,Agent,50,50
18,244,Agent,50,50
18,245,Agent,50,50
18,246,Agent,50,50
18,247,Agent,50,50
18,248,Agent,50,50
18,249,Agent,50,50
18,250,Agent,50,50
18,251,Agent,50,50
18,252,Agent,50,50
18,253,Agent,50,50
18,254,Agent,50,50
18,255,Agent,50,50
18,256,Agent,50,50
18,257,Agent,32,-19
18,258,Agent,1,1
18,259,Agent,1,1
18,260,Agent,1,1
18,261,Agent,1,1
18,262,Agent,1,1
18,263,Agent,1,1
18,264,Agent,1,1
18,265,Agent,1,1
18,266,Agent,1,1
18,267,Agent,1,1
18,268,Agent,1,1
18,269,Agent,1,1
18,270,Agent,1,1
18,271,Agent,1,1
18,272,Agent,1,1
18,273,Agent,1,1
18,274,Agent,1,1
18,275,Agent,1,1
18,276,Agent,1,1
18,277,Agent,1,1
18,278,Agent,1,1
18,279,Agent,1,1
18,280,Agent,1,1
18,281,Agent,1,1
18,282,Agent,1,1
18,283,Agent,1,1
18,284,Agent,1,1
18,285,Agent,1,1
18,286,Agent,2,2
18,287,Agent,1,1
18,288,Agent,1,1
18,289,Agent,1,1
18,290,Agent,1,1
18,291,Agent,9,-42
18,292,Agent,1,1
18,293,Agent,1,1
18,294,Agent,1,1
18,295,Agent,1,1
18,296,Agent,1,1
18,297,Agent,1,1
18,298,Agent,1,1
18,299,Agent,1,1
18,300,Agent,1,1
18,301,Agent,1,1
18,302,Agent,1,1
18,303,Agent,1,1
18,304,Agent,1,1
18,305,Agent,1,1
18,306,Agent,1,1
18,307,Agent,1,1
18,308,Agent,1,1
18,309,Agent,1,1
18,310,Agent,1,1
18,311,Agent,1,1
18,312,Agent,1,1
18,313,Agent,1,1
18,314,Agent,1,1
18,315,Agent,1,1
18,316,Agent,1,1
18,317,Agent,2,2
18,318,Agent,1,1
18,319,Agent,1,1
18,320,Agent,3,3
18,321,Agent,50,50
18,322,Agent,50,50
18,323,Agent,50,50
18,324,Agent,50,50
18,325,Agent,50,50
18,326,Agent,50,50
18,327,Agent,50,50
18,328,Agent,50,50
18,329,Agent,50,50
18,330,Agent,50,50
18,331,Agent,50,50
18,332,Agent,50,50
18,333,Agent,12,-39
18,334,Agent,1,1
18,335,Agent,1,1
18,336,Agent,1,1
18,337,Agent,1,1
18,338,Agent,1,1
18,339,Agent,1,1
18,340,Agent,1,1
18,341,Agent,1,1
18,342,Agent,1,1
18,343,Agent,1,1
18,344,Agent,1,1
18,345,Agent,1,1
18,346,Agent,1,1
18,347,Agent,1,1
18,348,Agent,1,1
18,349,Agent,1,1
18,350,Agent,1,1
18,351,Agent,1,1
18,352,Agent,1,1
18,353,Agent,1,1
18,354,Agent,1,1
18,355,Agent,1,1
18,356,Agent,1,1
18,357,Agent,1,1
18,358,Agent,1,1
18,359,Agent,1,1
18,360,Agent,1,1
18,361,Agent,1,1
18,362,Agent,1,1
18,363,Agent,1,1
18,364,Agent,1,1
18,365,Agent,1,1
18,366,Agent,1,1
18,367,Agent,2,2
18,368,Agent,2,2
18,369,Agent,50,50
18,370,Agent,50,50
18,371,Agent,50,50
18,372,Agent,50,50
18,373,Agent,50,50
18,374,Agent,50,50
18,375,Agent,50,50
18,376,Agent,50,50
18,377,Agent,50,50
18,378,Agent,50,50
18,379,Agent,50,50
18,380,Agent,50,50
18,381,Agent,50,50
18,382,Agent,50,50
18,383,Agent,50,50
18,384,Agent,50,50
18,385,Agent,47,-4
18,386,Agent,1,1
18,387,Agent,1,1
18,388,Agent,1,1
18,389,Agent,1,1
18,390,Agent,1,1
18,391,Agent,1,1
18,392,Agent,1,1
18,393,Agent,1,1
18,394,Agent,1,1
18,395,Agent,1,1
18,396,Agent,1,1
18,397,Agent,1,1
18,398,Agent,1,1
18,399,Agent,1,1
18,400,Agent,1,1
18,401,Agent,1,1
18,402,Agent,1,1
18,403,Agent,1,1
18,404,Agent,1,1
18,405,Agent,1,1
18,406,Agent,1,1
18,407,Agent,1,1
18,408,Agent,1,1
18,409,Agent,1,1
18,410,Agent,1,1
18,411,Agent,1,1
18,412,Agent,1,1
18,413,Agent,1,1
18,414,Agent,1,1
18,415,Agent,1,1
18,416,Agent,1,1
18,417,Agent,1,1
18,418,Agent,5,5
18,419,Agent,50,50
18,420,Agent,50,50
18,421,Agent,50,50
18,422,Agent,50,50
18,423,Agent,50,50
18,424,Agent,50,50
18,425,Agent,50,50
18,426,Agent,50,50
18,427,Agent,15,-36
18,428,Agent,1,1
18,429,Agent,1,1
18,430,Agent,1,1
18,431,Agent,1,1
18,432,Agent,1,1
18,433,Agent,1,1
18,434,Agent,1,1
18,435,Agent,1,1
18,436,Agent,1,1
18,437,Agent,1,1
18,438,Agent,1,1
18,439,Agent,1,1
18,440,Agent,1,1
18,441,Agent,1,1
18,442,Agent,1,1
18,443,Agent,1,1
18,444,Agent,1,1
18,445,Agent,1,1
18,446,Agent,1,1
18,447,Agent,1,1
18,448,Agent,1,1
18,449,Agent,1,1
18,450,Agent,1,1
18,451,Agent,1,1
18,452,Agent,1,1
18,453,Agent,1,1
18,454,Agent,1,1
18,455,Agent,2,2
18,456,Agent,1,1
18,457,Agent,1,1
18,458,Agent,1,1
18,459,Agent,2,2
18,460,Agent,1,1
18,461,Agent,4,4
18,462,Agent,50,50
18,463,Agent,50,50
18,464,Agent,44,-7
18,465,Agent,1,1
18,466,Agent,1,1
18,467,Agent,1,1
18,468,Agent,1,1
18,469,Agent,1,1
18,470,Agent,1,1
18,471,Agent,1,1
18,472,Agent,1,1
18,473,Agent,1,1
18,474,Agent,1,1
18,475,Agent,1,1
18,476,Agent,1,1
18,477,Agent,1,1
18,478,Agent,1,1
18,479,Agent,1,1
18,480,Agent,1,1
18,481,Agent,1,1
18,482,Agent,1,1
18,483,Agent,1,1
18,484,Agent,1,1
18,485,Agent,1,1
18,486,Agent,1,1
18,487,Agent,1,1
18,488,Agent,2,2
18,489,Agent,1,1
18,490,Agent,2,2
18,491,Agent,1,1
18,492,Agent,50,50
18,493,Agent,50,50
18,494,Agent,38,-13
18,495,Agent,1,1
18,496,Agent,1,1
18,497,Agent,1,1
18,498,Agent,1,1
18,499,Agent,1,1
18,500,Agent,1,1
18,501,Agent,1,1
18,502,Agent,1,1
18,503,Agent,1,1
18,504,Agent,1,1
18,505,Agent,1,1
18,506,Agent,1,1
18,507,Agent,1,1
18,508,Agent,1,1
18,509,Agent,1,1
18,510,Agent,1,1
18,511,Agent,1,1
18,512,Agent,1,1
18,513,Agent,1,1
18,514,Agent,1,1
18,515,Agent,1,1
18,516,Agent,1,1
18,517,Agent,1,1
18,518,Agent,1,1
18,519,Agent,2,2
18,520,Agent,1,1
18,521,Agent,1,1
18,522,Agent,1,1
18,523,Agent,1,1
18,524,Agent,1,1
18,525,Agent,1,1
18,526,Agent,1,1
18,527,Agent,2,2
18,528,Agent,2,2
18,529,Agent,50,50
18,530,Agent,50,50
18,531,Agent,50,50
18,532,Agent,50,50
18,533,Agent,50,50
18,534,Agent,50,50
18,535,Agent,50,50
18,536,Agent,50,50
18,537,Agent,50,50
18,538,Agent,50,50
18,539,Agent,50,50
18,540,Agent,50,50
18,541,Agent,50,50
18,542,Agent,50,50
18,543,Agent,50,50
18,544,Agent,50,50
18,545,Agent,50,50
18,546,Agent,50,50
18,547,Agent,50,50
18,548,Agent,50,50
18,549,Agent,50,50
18,550,Agent,50,50
18,551,Agent,50,50
18,552,Agent,50,50
18,553,Agent,50,50
18,554,Agent,50,-1
18,555,Agent,1,1
18,556,Agent,1,1
18,557,Agent,1,1
18,558,Agent,1,1
18,559,Agent,1,1
18,560,Agent,1,1
18,561,Agent,1,1
18,562,Agent,1,1
18,563,Agent,1,1
18,564,Agent,1,1
18,565,Agent,1,1
18,566,Agent,1,1
18,567,Agent,1,1
18,568,Agent,1,1
18,569,Agent,1,1
18,570,Agent,1,1
18,571,Agent,1,1
18,572,Agent,1,1
18,573,Agent,1,1
18,574,Agent,1,1
18,575,Agent,1,1
18,576,Agent,1,1
18,577,Agent,1,1
18,578,Agent,1,1
18,579,Agent,1,1
18,580,Agent,1,1
18,581,Agent,1,1
18,582,Agent,1,1
18,583,Agent,1,1
18,584,Agent,1,1
18,585,Agent,2,2
18,586,Agent,1,1
18,587,Agent,3,3
18,588,Agent,2,2
18,589,Agent,50,50
18,590,Agent,50,50
18,591,Agent,50,50
18,592,Agent,50,50
18,593,Agent,50,50
18,594,Agent,50,50
18,595,Agent,50,50
18,596,Agent,50,50
18,597,Agent,50,50
18,598,Agent,50,50
18,599,Agent,50,50
18,600,Agent,50,50
18,601,Agent,50,50
18,602,Agent,50,50
18,603,Agent,50,50
18,604,Agent,50,50
18,605,Agent,50,50
18,606,Agent,50,50
18,607,Agent,18,-33
18,608,Agent,1,1
18,609,Agent,1,1
18,610,Agent,1,1
18,611,Agent,1,1
18,612,Agent,1,1
18,613,Agent,1,1
18,614,Agent,1,1
18,615,Agent,1,1
18,616,Agent,1,1
18,617,Agent,1,1
18,618,Agent,1,1
18,619,Agent,1,1
18,620,Agent,1,1
18,621,Agent,1,1
18,622,Agent,1,1
18,623,Agent,1,1
18,624,Agent,1,1
18,625,Agent,1,1
18,626,Agent,1,1
18,627,Agent,1,1
18,628,Agent,1,1
18,629,Agent,1,1
18,630,Agent,1,1
18,631,Agent,1,1
18,632,Agent,1,1
18,633,Agent,1,1
18,634,Agent,1,1
18,635,Agent,1,1
18,636,Agent,1,1
18,637,Agent,1,1
18,638,Agent,1,1
18,639,Agent,3,3
18,640,Agent,1,1
18,641,Agent,1,1
18,642,Agent,1,1
18,643,Agent,50,50
18,644,Agent,50,50
18,645,Agent,50,50
18,646,Agent,50,50
18,647,Agent,50,50
18,648,Agent,50,50
18,649,Agent,50,50
18,650,Agent,50,50
18,651,Agent,50,50
18,652,Agent,50,50
18,653,Agent,50,50
18,654,Agent,50,50
18,655,Agent,50,50
18,656,Agent,50,50
18,657,Agent,50,50
18,658,Agent,50,50
18,659,Agent,50,50
18,660,Agent,50,50
18,661,Agent,50,50
18,662,Agent,50,50
18,663,Agent,50,50
18,664,Agent,50,50
18,665,Agent,50,50
18,666,Agent,50,50
18,667,Agent,50,50
18,668,Agent,50,50
18,669,Agent,50,50
18,670,Agent,50,50
18,671,Agent,50,50
18,672,Agent,50,50
18,673,Agent,50,50
18,674,Agent,50,50
18,675,Agent,50,50
18,676,Agent,49,-2
18,677,Agent,1,1
18,678,Agent,1,1
18,679,Agent,1,1
18,680,Agent,1,1
18,681,Agent,1,1
18,682,Agent,1,1
18,683,Agent,1,1
18,684,Agent,1,1
18,685,Agent,1,1
18,686,Agent,1,1
18,687,Agent,1,1
18,688,Agent,1,1
18,689,Agent,1,1
18,690,Agent,1,1
18,691,Agent,1,1
18,692,Agent,1,1
18,693,Agent,1,1
18,694,Agent,1,1
18,695,Agent,1,1
18,696,Agent,1,1
18,697,Agent,1,1
18,698,Agent,1,1
18,699,Agent,1,1
18,700,Agent,1,1
18,701,Agent,1,1
18,702,Agent,1,1
18,703,Agent,1,1
18,704,Agent,1,1
18,705,Agent,1,1
18,706,Agent,1,1
18,707,Agent,1,1
18,708,Agent,1,1
18,709,Agent,1,1
18,710,Agent,1,1
18,711,Agent,1,1
18,712,Agent,1,1
18,713,Agent,1,1
18,714,Agent,2,2
18,715,Agent,1,1
18,716,Agent,50,50
18,717,Agent,50,50
18,718,Agent,50,50
18,719,Agent,50,50
18,720,Agent,50,50
18,721,Agent,50,50
18,722,Agent,7,-44
18,723,Agent,1,1
18,724,Agent,1,1
18,725,Agent,1,1
18,726,Agent,1,1
18,727,Agent,1,1
18,728,Agent,1,1
18,729,Agent,1,1
18,730,Agent,1,1
18,731,Agent,1,1
18,732,Agent,1,1
18,733,Agent,1,1
18,734,Agent,1,1
18,735,Agent,1,1
18,736,Agent,1,1
18,737,Agent,1,1
18,738,Agent,1,1
18,739,Agent,1,1
18,740,Agent,1,1
18,741,Agent,1,1
18,742,Agent,1,1
18,743,Agent,1,1
18,744,Agent,1,1
18,745,Agent,1,1
18,746,Agent,1,1
18,747,Agent,1,1
18,748,Agent,1,1
18,749,Agent,1,1
18,750,Agent,1,1
18,751,Agent,1,1
18,752,Agent,1,1
18,753,Agent,1,1
18,754,Agent,1,1
18,755,Agent,1,1
18,756,Agent,1,1
18,757,Agent,2,2
18,758,Agent,50,50
18,759,Agent,50,50
18,760,Agent,50,50
18,761,Agent,50,50
18,762,Agent,50,50
18,763,Agent,50,50
18,764,Agent,50,50
18,765,Agent,50,50
18,766,Agent,50,50
18,767,Agent,50,50
18,768,Agent,50,50
18,769,Agent,50,50
18,770,Agent,50,50
18,771,Agent,50,50
18,772,Agent,50,50
18,773,Agent,50,50
18,774,Agent,50,50
18,775,Agent,50,50
18,776,Agent,50,50
18,777,Agent,50,50
18,778,Agent,50,50
18,779,Agent,19,-32
18,780,Agent,1,1
18,781,Agent,1,1
18,782,Agent,1,1
18,783,Agent,1,1
18,784,Agent,1,1
18,785,Agent,1,1
18,786,Agent,1,1
18,787,Agent,1,1
18,788,Agent,1,1
18,789,Agent,1,1
18,790,Agent,1,1
18,791,Agent,1,1
18,792,Agent,1,1
18,793,Agent,1,1
18,794,Agent,1,1
18,795,Agent,1,1
18,796,Agent,1,1
18,797,Agent,1,1
18,798,Agent,1,1
18,799,Agent,1,1
18,800,Agent,1,1
18,801,Agent,1,1
18,802,Agent,1,1
18,803,Agent,1,1
18,804,Agent,1,1
18,805,Agent,1,1
18,806,Agent,2,2
18,807,Agent,2,2
18,808,Agent,3,3
18,809,Agent,50,50
18,810,Agent,50,50
18,811,Agent,50,50
18,812,Agent,50,50
18,813,Agent,24,-27
18,814,Agent,1,1
18,815,Agent,1,1
18,816,Agent,1,1
18,817,Agent,1,1
18,818,Agent,1,1
18,819,Agent,1,1
18,820,Agent,1,1
18,821,Agent,1,1
18,822,Agent,1,1
18,823,Agent,1,1
18,824,Agent,1,1
18,825,Agent,1,1
18,826,Agent,1,1
18,827,Agent,1,1
18,828,Agent,1,1
18,829,Agent,1,1
18,830,Agent,1,1
18,831,Agent,1,1
18,832,Agent,1,1
18,833,Agent,1,1
18,834,Agent,1,1
18,835,Agent,1,1
18,836,Agent,1,1
18,837,Agent,1,1
18,838,Agent,1,1
18,839,Agent,1,1
18,840,Agent,1,1
18,841,Agent,1,1
18,842,Agent,1,1
18,843,Agent,1,1
18,844,Agent,1,1
18,845,Agent,1,1
18,846,Agent,1,1
18,847,Agent,1,1
18,848,Agent,1,1
18,849,Agent,1,1
18,850,Agent,1,1
18,851,Agent,1,1
18,852,Agent,2,2
18,853,Agent,1,1
18,854,Agent,50,50
18,855,Agent,50,50
18,856,Agent,50,50
18,857,Agent,50,50
18,858,Agent,50,50
18,859,Agent,50,50
18,860,Agent,50,50
18,861,Agent,17,-34
18,862,Agent,1,1
18,863,Agent,1,1
18,864,Agent,1,1
18,865,Agent,1,1
18,866,Agent,1,1
18,867,Agent,1,1
18,868,Agent,1,1
18,869,Agent,1,1
18,870,Agent,1,1
18,871,Agent,1,1
18,872,Agent,1,1
18,873,Agent,1,1
18,874,Agent,1,1
18,875,Agent,1,1
18,876,Agent,1,1
18,877,Agent,1,1
18,878,Agent,1,1
18,879,Agent,1,1
18,880,Agent,1,1
18,881,Agent,2,2
18,882,Agent,1,1
18,883,Agent,1,1
18,884,Agent,1,1
18,885,Agent,1,1
18,886,Agent,1,1
18,887,Agent,1,1
18,888,Agent,1,1
18,889,Agent,3,3
18,890,Agent,50,50
18,891,Agent,50,50
18,892,Agent,50,50
18,893,Agent,50,50
18,894,Agent,50,50
18,895,Agent,50,50
18,896,Agent,50,50
18,897,Agent,50,50
18,898,Agent,50,50
18,899,Agent,50,50
18,900,Agent,50,50
18,901,Agent,50,50
18,902,Agent,50,50
18,903,Agent,50,50
18,904,Agent,50,50
18,905,Agent,50,50
18,906,Agent,50,50
18,907,Agent,50,50
18,908,Agent,50,50
18,909,Agent,17,-34
18,910,Agent,1,1
18,911,Agent,1,1
18,912,Agent,1,1
18,913,Agent,1,1
18,914,Agent,1,1
18,915,Agent,1,1
18,916,Agent,1,1
18,917,Agent,1,1
18,918,Agent,1,1
18,919,Agent,1,1
18,920,Agent,1,1
18,921,Agent,1,1
18,922,Agent,1,1
18,923,Agent,1,1
18,924,Agent,1,1
18,925,Agent,1,1
18,926,Agent,1,1
18,927,Agent,1,1
18,928,Agent,1,1
18,929,Agent,1,1
18,930,Agent,1,1
18,931,Agent,1,1
18,932,Agent,1,1
18,933,Agent,1,1
18,934,Agent,1,1
18,935,Agent,1,1
18,936,Agent,1,1
18,937,Agent,1,1
18,938,Agent,1,1
18,939,Agent,1,1
18,940,Agent,3,3
18,941,Agent,1,1
18,942,Agent,1,1
18,943,Agent,3,3
18,944,Agent,50,50
18,945,Agent,50,50
18,946,Agent,50,50
18,947,Agent,50,50
18,948,Agent,50,50
18,949,Agent,50,50
18,950,Agent,50,50
18,951,Agent,50,50
18,952,Agent,50,50
18,953,Agent,50,50
18,954,Agent,50,50
18,955,Agent,32,-19
18,956,Agent,1,1
18,957,Agent,1,1
18,958,Agent,1,1
18,959,Agent,1,1
18,960,Agent,1,1
18,961,Agent,1,1
18,962,Agent,1,1
18,963,Agent,1,1
18,964,Agent,1,1
18,965,Agent,1,1
18,966,Agent,1,1
18,967,Agent,1,1
18,968,Agent,1,1
18,969,Agent,1,1
18,970,Agent,1,1
18,971,Agent,1,1
18,972,Agent,1,1
18,973,Agent,1,1
18,974,Agent,1,1
18,975,Agent,1,1
18,976,Agent,1,1
18,977,Agent,1,1
18,978,Agent,1,1
18,979,Agent,1,1
18,980,Agent,1,1
18,981,Agent,1,1
18,982,Agent,1,1
18,983,Agent,1,1
18,984,Agent,1,1
18,985,Agent,1,1
18,986,Agent,1,1
18,987,Agent,1,1
18,988,Agent,1,1
18,989,Agent,1,1
18,990,Agent,1,1
18,991,Agent,50,50
18,992,Agent,50,50
18,993,Agent,50,50
18,994,Agent,50,50
18,995,Agent,50,50
18,996,Agent,50,50
18,997,Agent,50,50
18,998,Agent,50,50
18,999,Agent,15,-36
18,1000,Agent,1,1
19,1,Agent,1,1
19,2,Agent,3,3
19,3,Agent,50,50
19,4,Agent,50,50
19,5,Agent,32,-19
19,6,Agent,1,1
19,7,Agent,1,1
19,8,Agent,1,1
19,9,Agent,1,1
19,10,Agent,1,1
19,11,Agent,1,1
19,12,Agent,1,1
19,13,Agent,1,1
19,14,Agent,1,1
19,15,Agent,1,1
19,16,Agent,1,1
19,17,Agent,1,1
19,18,Agent,1,1
19,19,Agent,1,1
19,20,Agent,1,1
19,21,Agent,1,1
19,22,Agent,1,1
19,23,Agent,1,1
19,24,Agent,1,1
19,25,Agent,1,1
19,26,Agent,1,1
19,27,Agent,1,1
19,28,Agent,1,1
19,29,Agent,1,1
19,30,Agent,1,1
19,31,Agent,1,1
19,32,Agent,1,1
19,33,Agent,1,1
19,34,Agent,1,1
19,35,Agent,1,1
19,36,Agent,1,1
19,37,Agent,1,1
19,38,Agent,1,1
19,39,Agent,1,1
19,40,Agent,1,1
19,41,Agent,1,1
19,42,Agent,4,4
19,43,Agent,5,5
19,44,Agent,50,50
19,45,Agent,50,50
19,46,Agent,50,50
19,47,Agent,50,50
19,48,Agent,50,50
19,49,Agent,50,50
19,50,Agent,50,50
19,51,Agent,48,-3
19,52,Agent,1,1
19,53,Agent,1,1
19,54,Agent,1,1
19,55,Agent,1,1
19,56,Agent,1,1
19,57,Agent,1,1
19,58,Agent,1,1
19,59,Agent,1,1
19,60,Agent,1,1
19,61,Agent,1,1
19,62,Agent,1,1
19,63,Agent,1,1
19,64,Agent,1,1
19,65,Agent,1,1
19,66,Agent,1,1
19,67,Agent,1,1
19,68,Agent,1,1
19,69,Agent,1,1
19,70,Agent,1,1
19,71,Agent,1,1
19,72,Agent,1,1
19,73,Agent,1,1
19,74,Agent,1,1
19,75,Agent,1,1
19,76,Agent,1,1
19,77,Agent,1,1
19,78,Agent,1,1
19,79,Agent,1,1
19,80,Agent,1,1
19,81,Agent,1,1
19,82,Agent,2,2
19,83,Agent,1,1
19,84,Agent,50,50
19,85,Agent,50,50
19,86,Agent,50,50
19,87,Agent,50,50
19,88,Agent,50,50
19,89,Agent,50,50
19,90,Agent,50,50
19,91,Agent,50,50
19,92,Agent,50,50
19,93,Agent,50,50
19,94,Agent,50,50
19,95,Agent,50,50
19,96,Agent,50,50
19,97,Agent,50,50
19,98,Agent,50,50
19,99,Agent,50,50
19,100,Agent,50,50
19,101,Agent,50,50
19,102,Agent,50,50
19,103,Agent,50,50
19,104,Agent,21,-30
19,105,Agent,1,1
19,106,Agent,1,1
19,107,Agent,1,1
19,108,Agent,1,1
19,109,Agent,1,1
19,110,Agent,1,1
19,111,Agent,1,1
19,112,Agent,1,1
19,113,Agent,1,1
19,114,Agent,1,1
19,115,Agent,1,1
19,116,Agent,1,1
19,117,Agent,1,1
19,118,Agent,1,1
19,119,Agent,1,1
19,120,Agent,1,1
19,121,Agent,1,1
19,122,Agent,1,1
19,123,Agent,1,1
19,124,Agent,1,1
19,125,Agent,1,1
19,126,Agent,1,1
19,127,Agent,1,1
19,128,Agent,1,1
19,129,Agent,1,1
19,130,Agent,1,1
19,131,Agent,1,1
19,132,Agent,1,1
19,133,Agent,5,5
19,134,Agent,50,50
19,135,Agent,50,50
19,136,Agent,50,50
19,137,Agent,50,50
19,138,Agent,50,50
19,139,Agent,29,-22
19,140,Agent,1,1
19,141,Agent,1,1
19,142,Agent,1,1
19,143,Agent,1,1
19,144,Agent,1,1
19,145,Agent,1,1
19,146,Agent,1,1
19,147,Agent,1,1
19,148,Agent,1,1
19,149,Agent,1,1
19,150,Agent,1,1
19,151,Agent,1,1
19,152,Agent,1,1
19,153,Agent,1,1
19,154,Agent,1,1
19,155,Agent,1,1
19,156,Agent,1,1
19,157,Agent,1,1
19,158,Agent,1,1
19,159,Agent,1,1
19,160,Agent,1,1
19,161,Agent,1,1
19,162,Agent,1,1
19,163,Agent,1,1
19,164,Agent,1,1
19,165,Agent,1,1
19,166,Agent,1,1
19,167,Agent,1,1
19,168,Agent,1,1
19,169,Agent,1,1
19,170,Agent,1,1
19,171,Agent,1,1
19,172,Agent,1,1
19,173,Agent,1,1
19,174,Agent,2,2
19,175,Agent,50,50
19,176,Agent,50,50
19,177,Agent,50,50
19,178,Agent,50,50
19,179,Agent,50,50
19,180,Agent,8,-43
19,181,Agent,1,1
19,182,Agent,1,1
19,183,Agent,1,1
19,184,Agent,1,1
19,185,Agent,1,1
19,186,Agent,1,1
19,187,Agent,1,1
19,188,Agent,1,1
19,189,Agent,1,1
19,190,Agent,1,1
19,191,Agent,1,1
19,192,Agent,1,1
19,193,Agent,1,1
19,194,Agent,1,1
19,195,Agent,1,1
19,196,Agent,1,1
19,197,Agent,1,1
19,198,Agent,1,1
19,199,Agent,1,1
19,200,Agent,1,1
19,201,Agent,1,1
19,202,Agent,1,1
19,203,Agent,1,1
19,204,Agent,1,1
19,205,Agent,1,1
19,206,Agent,1,1
19,207,Agent,1,1
19,208,Agent,1,1
19,209,Agent,1,1
19,210,Agent,1,1
19,211,Agent,1,1
19,212,Agent,1,1
19,213,Agent,1,1
19,214,Agent,1,1
19,215,Agent,1,1
19,216,Agent,1,1
19,217,Agent,1,1
19,218,Agent,1,1
19,219,Agent,1,1
19,220,Agent,2,2
19,221,Agent,1,1
19,222,Agent,1,1
19,223,Agent,2,2
19,224,Agent,1,1
19,225,Agent,3,3
19,226,Agent,50,50
19,227,Agent,50,50
19,228,Agent,50,50
19,229,Agent,50,50
19,230,Agent,50,50
19,231,Agent,50,50
19,232,Agent,50,50
19,233,Agent,50,50
19,234,Agent,50,50
19,235,Agent,50,50
19,236,Agent,50,50
19,237,Agent,50,50
19,238,Agent,17,-34
19,239,Agent,1,1
19,240,Agent,1,1
19,241,Agent,1,1
19,242,Agent,1,1
19,243,Agent,1,1
19,244,Agent,1,1
19,245,Agent,1,1
19,246,Agent,1,1
19,247,Agent,1,1
19,248,Agent,1,1
19,249,Agent,1,1
19,250,Agent,1,1
19,251,Agent,1,1
19,252,Agent,1,1
19,253,Agent,1,1
19,254,Agent,1,1
19,255,Agent,1,1
19,256,Agent,1,1
19,257,Agent,1,1
19,258,Agent,1,1
19,259,Agent,1,1
19,260,Agent,1,1
19,261,Agent,1,1
19,262,Agent,1,1
19,263,Agent,1,1
19,264,Agent,1,1
19,265,Agent,1,1
19,266,Agent,1,1
19,267,Agent,1,1
19,268,Agent,1,1
19,269,Agent,1,1
19,270,Agent,1,1
19,271,Agent,1,1
19,272,Agent,2,2
19,273,Agent,1,1
19,274,Agent,50,50
19,275,Agent,50,50
19,276,Agent,50,50
19,277,Agent,50,50
19,278,Agent,50,50
19,279,Agent,50,50
19,280,Agent,50,50
19,281,Agent,50,50
19,282,Agent,50,50
19,283,Agent,50,50
19,284,Agent,50,50
19,285,Agent,50,50
19,286,Agent,50,50
19,287,Agent,50,50
19,288,Agent,50,50
19,289,Agent,50,50
19,290,Agent,50,50
19,291,Agent,50,50
19,292,Agent,50,50
19,293,Agent,50,50
19,294,Agent,50,50
19,295,Agent,50,50
19,296,Agent,50,50
19,297,Agent,50,50
19,298,Agent,50,50
19,299,Agent,50,50
19,300,Agent,50,50
19,301,Agent,46,-5
19,302,Agent,1,1
19,303,Agent,1,1
19,304,Agent,1,1
19,305,Agent,1,1
19,306,Agent,1,1
19,307,Agent,1,1
19,308,Agent,1,1
19,309,Agent,1,1
19,310,Agent,1,1
19,311,Agent,1,1
19,312,Agent,1,1
19,313,Agent,1,1
19,314,Agent,1,1
19,315,Agent,1,1
19,316,Agent,1,1
19,317,Agent,1,1
19,318,Agent,1,1
19,319,Agent,1,1
19,320,Agent,1,1
19,321,Agent,1,1
19,322,Agent,1,1
19,323,Agent,1,1
19,324,Agent,1,1
19,325,Agent,1,1
19,326,Agent,1,1
19,327,Agent,1,1
19,328,Agent,1,1
19,329,Agent,1,1
19,330,Agent,1,1
19,331,Agent,1,1
19,332,Agent,1,1
19,333,Agent,1,1
19,334,Agent,1,1
19,335,Agent,1,1
19,336,Agent,50,50
19,337,Agent,50,50
19,338,Agent,50,50
19,339,Agent,50,50
19,340,Agent,50,50
19,341,Agent,50,50
19,342,Agent,50,50
19,343,Agent,50,50
19,344,Agent,50,50
19,345,Agent,50,50
19,346,Agent,50,50
19,347,Agent,50,50
19,348,Agent,50,50
19,349,Agent,50,50
19,350,Agent,50,50
19,351,Agent,50,50
19,352,Agent,50,50
19,353,Agent,50,50
19,354,Agent,50,50
19,355,Agent,19,-32
19,356,Agent,1,1
19,357,Agent,1,1
19,358,Agent,1,1
19,359,Agent,1,1
19,360,Agent,1,1
19,361,Agent,1,1
19,362,Agent,1,1
19,363,Agent,1,1
19,364,Agent,1,1
19,365,Agent,1,1
19,366,Agent,1,1
19,367,Agent,1,1
19,368,Agent,1,1
19,369,Agent,1,-50
19,370,Agent,1,1
19,371,Agent,1,1
19,372,Agent,1,1
19,373,Agent,1,1
19,374,Agent,1,1
19,375,Agent,1,1
19,376,Agent,1,1
19,377,Agent,1,1
19,378,Agent,1,1
19,379,Agent,1,1
19,380,Agent,1,1
19,381,Agent,1,1
19,382,Agent,1,1
19,383,Agent,1,1
19,384,Agent,2,2
19,385,Agent,50,50
19,386,Agent,50,50
19,387,Agent,50,50
19,388,Agent,50,50
19,389,Agent,50,50
19,390,Agent,50,50
19,391,Agent,50,50
19,392,Agent,50,50
19,393,Agent,50,50
19,394,Agent,50,50
19,395,Agent,50,50
19,396,Agent,50,50
19,397,Agent,50,50
19,398,Agent,50,50
19,399,Agent,50,50
19,400,Agent,50,50
19,401,Agent,50,50
19,402,Agent,50,50
19,403,Agent,50,50
19,404,Agent,50,50
19,405,Agent,50,50
19,406,Agent,50,50
19,407,Agent,50,50
19,408,Agent,5,-46
19,409,Agent,1,1
19,410,Agent,1,1
19,411,Agent,1,1
19,412,Agent,1,1
19,413,Agent,1,1
19,414,Agent,1,1
19,415,Agent,1,1
19,416,Agent,1,1
19,417,Agent,1,1
19,418,Agent,1,1
19,419,Agent,1,1
19,420,Agent,1,1
19,421,Agent,1,1
19,422,Agent,1,1
19,423,Agent,1,1
19,424,Agent,1,1
19,425,Agent,1,1
19,426,Agent,1,1
19,427,Agent,1,1
19,428,Agent,1,1
19,429,Agent,1,1
19,430,Agent,1,1
19,431,Agent,2,2
19,432,Agent,1,1
19,433,Agent,1,1
19,434,Agent,1,1
19,435,Agent,1,1
19,436,Agent,1,1
19,437,Agent,1,1
19,438,Agent,1,1
19,439,Agent,50,50
19,440,Agent,50,50
19,441,Agent,50,50
19,442,Agent,50,50
19,443,Agent,50,50
19,444,Agent,50,50
19,445,Agent,50,50
19,446,Agent,50,50
19,447,Agent,50,50
19,448,Agent,50,50
19,449,Agent,50,50
19,450,Agent,50,50
19,451,Agent,50,50
19,452,Agent,50,50
19,453,Agent,50,50
19,454,Agent,50,50
19,455,Agent,50,50
19,456,Agent,50,50
19,457,Agent,50,50
19,458,Agent,50,50
19,459,Agent,50,50
19,460,Agent,50,50
19,461,Agent,50,50
19,462,Agent,50,50
19,463,Agent,50,50
19,464,Agent,50,50
19,465,Agent,50,50
19,466,Agent,31,-20
19,467,Agent,1,1
19,468,Agent,1,1
19,469,Agent,1,1
19,470,Agent,1,1
19,471,Agent,1,1
19,472,Agent,1,1
19,473,Agent,1,1
19,474,Agent,1,1
19,475,Agent,1,1
19,476,Agent,1,1
19,477,Agent,1,1
19,478,Agent,1,1
19,479,Agent,1,1
19,480,Agent,1,1
19,481,Agent,1,1
19,482,Agent,1,1
19,483,Agent,1,1
19,484,Agent,1,1
19,485,Agent,1,1
19,486,Agent,1,1
19,487,Agent,1,1
19,488,Agent,1,1
19,489,Agent,1,1
19,490,Agent,1,1
19,491,Agent,50,50
19,492,Agent,50,50
19,493,Agent,50,50
19,494,Agent,50,50
19,495,Agent,50,50
19,496,Agent,50,50
19,497,Agent,50,50
19,498,Agent,50,50
19,499,Agent,50,50
19,500,Agent,50,50
19,501,Agent,50,50
19,502,Agent,50,50
19,503,Agent,50,50
19,504,Agent,50,50
19,505,Agent,50,50
19,506,Agent,50,50
19,507,Agent,50,50
19,508,Agent,50,50
19,509,Agent,50,50
19,510,Agent,50,50
19,511,Agent,50,50
19,512,Agent,50,50
19,513,Agent,50,50
19,514,Agent,50,50
19,515,Agent,50,50
19,516,Agent,50,50
19,517,Agent,50,50
19,518,Agent,50,50
19,519,Agent,50,50
19,520,Agent,50,50
19,521,Agent,50,50
19,522,Agent,50,50
19,523,Agent,50,50
19,524,Agent,50,50
19,525,Agent,50,50
19,526,Agent,50,50
19,527,Agent,50,50
19,528,Agent,50,50
19,529,Agent,50,50
19,530,Agent,50,50
19,531,Agent,50,50
19,532,Agent,50,50
19,533,Agent,50,50
19,534,Agent,50,50
19,535,Agent,36,-15
19,536,Agent,1,1
19,537,Agent,1,1
19,538,Agent,1,1
19,539,Agent,1,1
19,540,Agent,1,1
19,541,Agent,1,1
19,542,Agent,1,1
19,543,Agent,1,1
19,544,Agent,1,1
19,545,Agent,1,1
19,546,Agent,1,1
19,547,Agent,1,1
19,548,Agent,1,1
19,549,Agent,1,1
19,550,Agent,1,1
19,551,Agent,1,1
19,552,Agent,1,1
19,553,Agent,1,1
19,554,Agent,1,1
19,555,Agent,1,1
19,556,Agent,1,1
19,557,Agent,1,1
19,558,Agent,1,1
19,559,Agent,1,1
19,560,Agent,1,1
19,561,Agent,1,1
19,562,Agent,1,1
19,563,Agent,1,1
19,564,Agent,1,1
19,565,Agent,1,1
19,566,Agent,1,1
19,567,Agent,1,1
19,568,Agent,1,1
19,569,Agent,2,2
19,570,Agent,2,2
19,571,Agent,50,50
19,572,Agent,50,50
19,573,Agent,50,50
19,574,Agent,50,50
19,575,Agent,50,50
19,576,Agent,50,50
19,577,Agent,50,50
19,578,Agent,50,50
19,579,Agent,50,50
19,580,Agent,50,50
19,581,Agent,50,50
19,582,Agent,50,50
19,583,Agent,50,50
19,584,Agent,50,50
19,585,Agent,50,50
19,586,Agent,50,50
19,587,Agent,50,50
19,588,Agent,50,50
19,589,Agent,50,50
19,590,Agent,50,50
19,591,Agent,50,50
19,592,Agent,50,50
19,593,Agent,50,50
19,594,Agent,50,50
19,595,Agent,50,50
19,596,Agent,50,50
19,597,Agent,50,50
19,598,Agent,50,50
19,599,Agent,50,50
19,600,Agent,50,50
19,601,Agent,50,-1
19,602,Agent,1,1
19,603,Agent,1,1
19,604,Agent,1,1
19,605,Agent,1,1
19,606,Agent,1,1
19,607,Agent,1,1
19,608,Agent,1,1
19,609,Agent,1,1
19,610,Agent,1,1
19,611,Agent,1,1
19,612,Agent,1,1
19,613,Agent,1,1
19,614,Agent,1,1
19,615,Agent,1,1
19,616,Agent,1,1
19,617,Agent,1,1
19,618,Agent,1,1
19,619,Agent,1,1
19,620,Agent,1,1
19,621,Agent,1,1
19,622,Agent,1,1
19,623,Agent,1,1
19,624,Agent,1,1
19,625,Agent,2,2
19,626,Agent,2,2
19,627,Agent,1,1
19,628,Agent,1,1
19,629,Agent,1,1
19,630,Agent,2,2
19,631,Agent,1,1
19,632,Agent,1,1
19,633,Agent,1,1
19,634,Agent,3,3
19,635,Agent,50,50
19,636,Agent,50,50
19,637,Agent,50,50
19,638,Agent,34,-17
19,639,Agent,1,1
19,640,Agent,1,1
19,641,Agent,1,1
19,642,Agent,1,1
19,643,Agent,1,1
19,644,Agent,1,1
19,645,Agent,1,1
19,646,Agent,1,1
19,647,Agent,1,1
19,648,Agent,1,1
19,649,Agent,1,1
19,650,Agent,1,1
19,651,Agent,1,1
19,652,Agent,1,1
19,653,Agent,1,1
19,654,Agent,1,1
19,655,Agent,1,1
19,656,Agent,1,1
19,657,Agent,1,1
19,658,Agent,1,1
19,659,Agent,1,1
19,660,Agent,1,1
19,661,Agent,1,1
19,662,Agent,2,2
19,663,Agent,1,1
19,664,Agent,1,1
19,665,Agent,1,1
19,666,Agent,1,1
19,667,Agent,4,4
19,668,Agent,50,50
19,669,Agent,50,50
19,670,Agent,50,50
19,671,Agent,50,50
19,672,Agent,50,50
19,673,Agent,50,50
19,674,Agent,50,50
19,675,Agent,50,50
19,676,Agent,50,50
19,677,Agent,50,50
19,678,Agent,50,50
19,679,Agent,50,50
19,680,Agent,50,50
19,681,Agent,50,50
19,682,Agent,50,50
19,683,Agent,50,50
19,684,Agent,50,50
19,685,Agent,50,50
19,686,Agent,50,50
19,687,Agent,50,50
19,688,Agent,50,50
19,689,Agent,50,50
19,690,Agent,50,50
19,691,Agent,50,50
19,692,Agent,50,50
19,693,Agent,50,50
19,694,Agent,50,50
19,695,Agent,50,50
19,696,Agent,50,50
19,697,Agent,50,50
19,698,Agent,50,50
19,699,Agent,50,50
19,700,Agent,50,50
19,701,Agent,50,50
19,702,Agent,50,50
19,703,Agent,50,-1
19,704,Agent,1,1
19,705,Agent,1,1
19,706,Agent,1,1
19,707,Agent,1,1
19,708,Agent,1,1
19,709,Agent,1,1
19,710,Agent,1,1
19,711,Agent,1,1
19,712,Agent,1,1
19,713,Agent,1,1
19,714,Agent,1,1
19,715,Agent,1,1
19,716,Agent,1,1
19,717,Agent,1,1
19,718,Agent,1,1
19,719,Agent,1,1
19,720,Agent,1,1
19,721,Agent,1,1
19,722,Agent,1,1
19,723,Agent,1,1
19,724,Agent,1,1
19,725,Agent,1,1
19,726,Agent,1,1
19,727,Agent,2,2
19,728,Agent,1,1
19,729,Agent,1,1
19,730,Agent,1,1
19,731,Agent,1,1
19,732,Agent,2,2
19,733,Agent,1,1
19,734,Agent,1,1
19,735,Agent,1,1
19,736,Agent,1,1
19,737,Agent,1,1
19,738,Agent,2,2
19,739,Agent,1,1
19,740,Agent,50,50
19,741,Agent,50,50
19,742,Agent,50,50
19,743,Agent,50,50
19,744,Agent,50,50
19,745,Agent,50,50
19,746,Agent,50,50
19,747,Agent,50,50
19,748,Agent,50,50
19,749,Agent,50,50
19,750,Agent,50,50
19,751,Agent,50,50
19,752,Agent,50,50
19,753,Agent,50,50
19,754,Agent,50,50
19,755,Agent,50,50
19,756,Agent,50,50
19,757,Agent,50,50
19,758,Agent,50,50
19,759,Agent,50,50
19,760,Agent,50,50
19,761,Agent,50,50
19,762,Agent,50,50
19,763,Agent,50,50
19,764,Agent,50,50
19,765,Agent,50,50
19,766,Agent,50,50
19,767,Agent,50,50
19,768,Agent,50,50
19,769,Agent,50,50
19,770,Agent,50,50
19,771,Agent,50,50
19,772,Agent,50,50
19,773,Agent,50,50
19,774,Agent,50,50
19,775,Agent,50,50
19,776,Agent,50,50
19,777,Agent,50,50
19,778,Agent,50,50
19,779,Agent,50,50
19,780,Agent,50,50
19,781,Agent,50,50
19,782,Agent,50,50
19,783,Agent,50,50
19,784,Agent,50,50
19,785,Agent,50,50
19,786,Agent,50,50
19,787,Agent,50,50
19,788,Agent,50,50
19,789,Agent,50,50
19,790,Agent,50,50
19,791,Agent,50,50
19,792,Agent,50,50
19,793,Agent,50,50
19,794,Agent,50,50
19,795,Agent,50,50
19,796,Agent,50,50
19,797,Agent,50,50
19,798,Agent,50,50
19,799,Agent,50,50
19,800,Agent,50,50
19,801,Agent,50,50
19,802,Agent,50,50
19,803,Agent,50,50
19,804,Agent,50,50
19,805,Agent,50,50
19,806,Agent,50,50
19,807,Agent,50,50
19,808,Agent,50,50
19,809,Agent,15,-36
19,810,Agent,1,1
19,811,Agent,1,1
19,812,Agent,1,1
19,813,Agent,1,1
19,814,Agent,1,1
19,815,Agent,1,1
19,816,Agent,1,1
19,817,Agent,1,1
19,818,Agent,1,1
19,819,Agent,1,1
19,820,Agent,1,1
19,821,Agent,1,1
19,822,Agent,1,1
19,823,Agent,1,1
19,824,Agent,1,1
19,825,Agent,1,1
19,826,Agent,1,1
19,827,Agent,1,1
19,828,Agent,1,1
19,829,Agent,1,1
19,830,Agent,1,1
19,831,Agent,1,1
19,832,Agent,1,1
19,833,Agent,1,1
19,834,Agent,1,1
19,835,Agent,2,2
19,836,Agent,50,50
19,837,Agent,50,50
19,838,Agent,50,50
19,839,Agent,50,50
19,840,Agent,50,50
19,841,Agent,50,50
19,842,Agent,50,50
19,843,Agent,50,50
19,844,Agent,50,50
19,845,Agent,50,50
19,846,Agent,50,50
19,847,Agent,50,50
19,848,Agent,50,50
19,849,Agent,50,50
19,850,Agent,50,50
19,851,Agent,50,50
19,852,Agent,50,50
19,853,Agent,50,50
19,854,Agent,50,50
19,855,Agent,50,50
19,856,Agent,50,50
19,857,Agent,30,-21
19,858,Agent,1,1
19,859,Agent,1,1
19,860,Agent,1,1
19,861,Agent,1,1
19,862,Agent,1,1
19,863,Agent,1,1
19,864,Agent,1,1
19,865,Agent,1,1
19,866,Agent,1,1
19,867,Agent,1,1
19,868,Agent,1,1
19,869,Agent,1,1
19,870,Agent,1,1
19,871,Agent,1,1
19,872,Agent,1,1
19,873,Agent,1,1
19,874,Agent,1,1
19,875,Agent,1,1
19,876,Agent,1,1
19,877,Agent,1,1
19,878,Agent,1,1
19,879,Agent,1,1
19,880,Agent,1,1
19,881,Agent,1,1
19,882,Agent,1,1
19,883,Agent,1,1
19,884,Agent,1,1
19,885,Agent,1,1
19,886,Agent,1,1
19,887,Agent,1,1
19,888,Agent,1,1
19,889,Agent,1,1
19,890,Agent,1,1
19,891,Agent,2,2
19,892,Agent,3,3
19,893,Agent,50,50
19,894,Agent,14,-37
19,895,Agent,1,1
19,896,Agent,1,1
19,897,Agent,1,1
19,898,Agent,1,1
19,899,Agent,1,1
19,900,Agent,1,1
19,901,Agent,1,1
19,902,Agent,1,1
19,903,Agent,1,1
19,904,Agent,1,1
19,905,Agent,1,1
19,906,Agent,1,1
19,907,Agent,1,1
19,908,Agent,1,1
19,909,Agent,1,1
19,910,Agent,1,1
19,911,Agent,1,1
19,912,Agent,1,1
19,913,Agent,1,1
19,914,Agent,1,1
19,915,Agent,1,1
19,916,Agent,1,1
19,917,Agent,1,1
19,918,Agent,1,1
19,919,Agent,1,1
19,920,Agent,1,1
19,921,Agent,1,1
19,922,Agent,2,2
19,923,Agent,1,1
19,924,Agent,1,1
19,925,Agent,4,4
19,926,Agent,50,50
19,927,Agent,50,50
19,928,Agent,50,50
19,929,Agent,50,50
19,930,Agent,50,50
19,931,Agent,50,50
19,932,Agent,4,-47
19,933,Agent,1,1
19,934,Agent,1,1
19,935,Agent,1,1
19,936,Agent,1,1
19,937,Agent,1,1
19,938,Agent,1,1
19,939,Agent,1,1
19,940,Agent,1,1
19,941,Agent,1,1
19,942,Agent,1,1
19,943,Agent,1,1
19,944,Agent,1,1
19,945,Agent,1,1
19,946,Agent,1,1
19,947,Agent,1,1
19,948,Agent,1,1
19,949,Agent,1,1
19,950,Agent,1,1
19,951,Agent,1,1
19,952,Agent,1,1
19,953,Agent,1,1
19,954,Agent,1,1
19,955,Agent,1,1
19,956,Agent,1,1
19,957,Agent,1,1
19,958,Agent,1,1
19,959,Agent,1,1
19,960,Agent,1,1
19,961,Agent,7,7
19,962,Agent,50,50
19,963,Agent,50,50
19,964,Agent,50,50
19,965,Agent,50,50
19,966,Agent,50,50
19,967,Agent,50,50
19,968,Agent,50,50
19,969,Agent,50,50
19,970,Agent,50,50
19,971,Agent,50,50
19,972,Agent,50,50
19,973,Agent,50,50
19,974,Agent,50,50
19,975,Agent,50,50
19,976,Agent,50,50
19,977,Agent,50,50
19,978,Agent,50,50
19,979,Agent,50,50
19,980,Agent,50,50
19,981,Agent,50,50
19,982,Agent,50,50
19,983,Agent,50,50
19,984,Agent,50,50
19,985,Agent,50,50
19,986,Agent,50,50
19,987,Agent,50,50
19,988,Agent,50,50
19,989,Agent,50,50
19,990,Agent,50,50
19,991,Agent,50,50
19,992,Agent,50,50
19,993,Agent,50,50
19,994,Agent,50,50
19,995,Agent,50,50
19,996,Agent,50,50
19,997,Agent,50,50
19,998,Agent,50,50
19,999,Agent,50,50
19,1000,Agent,50,50
